y_true,y_score
0,0.104256
1,0.174920
0,0.001532
0,0.000578
0,0.000219
0,0.000240
1,0.188658
0,0.036260
0,0.000006
0,0.250230
0,0.001882
0,0.097457
0,0.000744
1,0.961084
1,0.988403
0,0.000261
1,0.985634
1,0.657465
1,0.902709
0,0.001237
0,0.029838
0,0.007053
0,0.000177
1,0.205334
1,0.999902
0,0.000001
0,0.865996
1,0.998265
0,0.998585
0,0.023139
0,0.001784
0,0.130013
0,0.031471
0,0.000006
0,0.000036
1,0.721494
0,0.002170
0,0.018124
1,0.988262
0,0.449340
0,0.001390
0,0.000173
0,0.000118
1,0.999985
0,0.002385
0,0.001882
0,0.094601
1,0.223709
1,0.999133
0,0.372186
0,0.611607
1,0.988288
1,0.999599
0,0.026204
1,0.999998
0,0.311647
0,0.627066
0,0.003545
0,0.154679
1,0.997562
1,0.999909
1,0.999476
0,0.040882
1,0.941834
1,0.977310
0,0.000995
0,0.012307
1,0.969026
1,0.995347
0,0.001792
1,0.980890
0,0.006927
1,0.989612
1,0.973840
0,0.013065
1,0.933926
1,0.999775
1,0.322790
0,0.002364
0,0.000250
1,0.999275
0,0.242837
1,0.129779
0,0.014440
1,0.999975
1,0.858900
1,0.999436
1,0.356775
1,0.979612
1,0.025642
0,0.004874
1,0.028377
0,0.000010
1,0.998511
0,0.014601
1,0.931933
1,0.999967
1,0.871216
0,0.002993
1,0.906263
1,0.997307
0,0.918769
1,0.998941
1,0.787787
0,0.271375
1,0.073508
1,0.998540
1,0.403427
1,0.999983
1,0.996989
0,0.001951
0,0.244687
1,0.973184
0,0.000034
1,0.648644
0,0.105462
1,0.815297
1,0.884490
1,0.163408
0,0.108392
1,0.994550
0,0.000194
0,0.225572
1,0.999430
1,0.991679
0,0.728765
1,0.738361
0,0.000050
0,0.080324
0,0.012874
0,0.476946
0,0.011794
0,0.328533
0,0.000324
0,0.005623
1,0.936513
0,0.033194
1,0.498705
1,0.986753
0,0.014829
0,0.005120
0,0.139918
1,0.996496
0,0.851081
1,0.998690
0,0.000097
0,0.014725
1,0.570788
1,0.988939
0,0.000003
1,0.994211
0,0.000039
1,0.348182
0,0.054650
0,0.000037
1,0.999798
0,0.000288
1,0.999979
1,0.999956
0,0.000010
1,0.998166
0,0.154773
0,0.471500
0,0.191496
0,0.949435
1,0.540278
0,0.001069
0,0.000001
1,0.996927
0,0.010680
0,0.000001
0,0.000769
0,0.929664
0,0.000288
0,0.686615
0,0.000159
1,0.999982
1,0.851196
0,0.176476
1,0.988969
0,0.001574
1,0.998676
1,0.992044
1,0.997960
0,0.100007
1,0.934872
0,0.000091
0,0.000068
1,0.999839
1,0.997319
0,0.005523
0,0.000001
0,0.000316
1,0.999667
1,0.992715
1,0.999807
0,0.044291
1,0.105528
1,0.542133
0,0.187222
0,0.000474
1,0.999821
1,0.968628
1,0.978809
0,0.003072
1,0.132368
1,0.994587
0,0.000091
0,0.000978
0,0.000006
0,0.073374
0,0.012863
1,0.179469
0,0.513216
0,0.000271
1,0.988614
1,0.990999
1,0.993657
0,0.447826
0,0.006622
1,0.999986
1,0.983670
1,0.920363
1,0.968232
0,0.000394
1,0.999997
0,0.041693
1,0.999933
0,0.028784
0,0.001351
1,0.998592
1,0.984180
0,0.000764
0,0.017223
1,0.987510
1,0.903391
0,0.000020
0,0.000264
0,0.000061
0,0.030401
0,0.005978
0,0.003650
1,0.938727
0,0.004908
1,0.999986
0,0.012266
0,0.000004
1,0.689530
1,0.535121
1,0.514347
0,0.007671
0,0.230473
1,0.151487
1,0.999978
0,0.000340
1,0.666999
0,0.000817
1,0.967192
1,0.772576
0,0.075133
0,0.062271
0,0.000333
1,0.731535
0,0.029445
1,0.991655
0,0.011127
1,0.999691
0,0.043391
0,0.264815
1,0.998510
0,0.005372
1,0.096063
0,0.956037
1,0.800597
1,0.289741
0,0.308247
0,0.001167
0,0.001230
0,0.000428
1,0.999963
1,0.999993
0,0.000044
1,0.916547
1,0.977413
1,0.999202
0,0.000126
0,0.000005
1,0.887166
0,0.000001
1,0.085850
1,0.531534
0,0.010629
0,0.001949
0,0.049650
1,0.989782
1,0.993746
0,0.052241
0,0.937484
0,0.402292
0,0.719117
1,0.904789
0,0.018201
1,0.762734
1,0.999989
1,0.999993
1,0.977407
0,0.026077
0,0.000280
0,0.060991
1,0.999698
1,0.973067
0,0.648035
0,0.000028
0,0.000012
1,0.685119
1,0.189532
0,0.198259
0,0.000052
1,0.409245
0,0.981537
0,0.001673
1,0.999666
1,0.998788
0,0.002342
1,0.993809
0,0.014476
0,0.000003
0,0.000006
1,0.999286
0,0.000010
0,0.000071
1,0.999828
1,0.996557
1,0.990136
1,0.999488
1,0.999902
1,0.990922
1,0.951904
0,0.489194
0,0.424362
0,0.208535
1,0.907484
0,0.002299
1,0.685927
1,0.994682
1,0.995426
1,0.923498
1,0.999714
0,0.000577
1,0.997126
0,0.173697
0,0.000002
0,0.004737
0,0.204864
0,0.000249
0,0.048350
0,0.000114
0,0.039599
1,0.922850
1,0.998883
1,0.996842
0,0.905379
1,0.971260
0,0.000004
0,0.002373
1,0.999985
1,0.951294
1,0.850161
1,0.998979
0,0.093231
1,0.997869
0,0.001098
1,0.812298
0,0.001760
1,0.999997
1,0.998537
1,0.999984
1,0.984547
1,0.999939
1,0.996240
1,0.797447
1,0.991630
0,0.999588
0,0.007967
1,0.944607
1,0.999805
0,0.000011
0,0.001950
1,0.999998
1,0.998547
0,0.000062
0,0.018577
0,0.000716
0,0.000489
0,0.187761
1,0.976128
1,0.995321
0,0.000156
0,0.000442
1,0.979224
1,0.993801
0,0.951992
1,0.999931
1,0.999471
0,0.000174
0,0.089550
0,0.891894
0,0.429521
0,0.004950
0,0.004096
1,0.425886
1,0.951554
0,0.755234
0,0.250127
1,0.964267
1,0.994062
0,0.040974
1,0.999950
0,0.022078
1,0.999287
0,0.231621
0,0.002069
0,0.015014
0,0.000009
0,0.000012
0,0.003691
1,0.998091
1,0.999359
1,0.921295
1,0.999070
1,0.905382
1,0.889329
1,0.523732
1,0.999732
1,0.997688
1,0.974378
0,0.000088
1,0.508281
1,0.969099
1,0.192846
1,0.724447
0,0.143462
1,0.982120
0,0.074118
0,0.003685
0,0.132009
0,0.002477
0,0.370637
1,0.992282
0,0.000200
0,0.533139
0,0.005178
1,0.730771
0,0.016583
1,0.999978
0,0.000046
0,0.121604
1,0.999969
1,0.964435
1,0.598043
1,0.999999
1,0.999107
1,0.999992
1,0.999811
1,0.000238
1,0.999989
0,0.016979
1,0.997716
0,0.000786
0,0.043215
0,0.000218
0,0.005220
1,0.810700
0,0.000026
0,0.001873
0,0.000204
1,0.863049
0,0.411864
1,0.660954
1,0.999884
0,0.002974
0,0.000015
0,0.022646
1,0.999938
0,0.015029
0,0.000048
1,0.998513
1,0.880776
0,0.015076
0,0.025771
1,0.999991
0,0.019145
1,0.912069
0,0.000245
0,0.874681
0,0.000299
1,0.970742
0,0.015229
1,0.851709
0,0.532409
1,0.999999
1,0.470536
1,0.043948
1,0.427111
0,0.350573
1,0.989162
1,0.980903
0,0.004150
1,0.995879
0,0.128227
1,0.431634
1,0.997068
1,0.192418
0,0.851982
1,0.514425
1,0.254245
0,0.007849
1,0.997649
1,0.002217
0,0.009586
0,0.000062
0,0.023141
0,0.000823
1,0.999626
0,0.387657
1,0.506649
0,0.000453
1,0.850707
1,0.999999
0,0.015319
0,0.000005
0,0.002180
1,0.999400
0,0.007212
0,0.000335
1,0.999530
0,0.000079
0,0.642506
1,0.999907
0,0.002472
0,0.648908
0,0.000216
1,0.992014
1,0.999992
0,0.000076
0,0.012043
1,0.994314
0,0.953452
0,0.311733
1,0.955363
1,0.999959
0,0.000800
0,0.689355
1,0.982690
1,0.642892
0,0.000236
1,0.999858
0,0.000961
0,0.263033
0,0.000129
1,0.999748
1,0.985202
1,0.966470
1,0.999157
1,0.598493
0,0.233786
0,0.000199
0,0.043822
1,0.703331
0,0.000453
1,0.420775
0,0.001382
1,0.931925
1,0.923638
0,0.002402
1,0.995832
1,0.878767
1,0.374019
0,0.003682
0,0.004025
1,0.999259
1,0.995755
0,0.000717
1,0.579508
1,0.903384
0,0.552613
1,0.966340
1,0.948067
0,0.000021
0,0.092739
0,0.001732
1,0.991517
1,0.897885
0,0.000615
1,0.993822
1,0.903192
1,0.207737
1,0.999662
1,0.964123
1,0.985845
1,0.322844
1,0.161794
1,0.877302
0,0.013402
0,0.000951
0,0.147127
1,0.998574
1,0.931181
1,0.999861
1,0.001699
1,0.949573
0,0.002887
1,0.961492
1,0.819578
0,0.141398
0,0.004367
0,0.128386
0,0.194140
0,0.000465
0,0.000021
0,0.001577
1,0.924768
0,0.022713
0,0.000201
1,0.999433
1,0.971631
1,0.523504
0,0.002570
0,0.011940
0,0.038573
0,0.004507
1,0.999915
0,0.000590
1,0.923891
0,0.000005
1,0.995415
0,0.001529
1,0.831299
1,0.997656
1,0.993324
0,0.131932
1,0.999283
0,0.000747
1,0.999744
0,0.248878
1,0.999339
0,0.006435
1,0.936177
1,0.999829
0,0.442881
0,0.000067
1,0.999886
1,0.999991
1,0.999762
1,0.998809
0,0.037492
0,0.004129
1,0.228301
1,0.971563
0,0.162998
0,0.682327
0,0.002029
1,0.920395
0,0.000001
1,0.999996
0,0.000156
0,0.000884
0,0.017291
1,0.995129
0,0.023105
0,0.000622
1,0.913555
0,0.444674
0,0.013082
0,0.089590
0,0.000211
0,0.007830
0,0.000234
0,0.004672
1,0.979366
0,0.001814
0,0.000538
1,0.999975
1,0.960116
0,0.000034
0,0.016652
0,0.007261
0,0.000008
0,0.000017
1,0.999944
0,0.015417
0,0.000028
0,0.011541
1,0.332485
0,0.000888
1,0.999805
0,0.831064
1,0.999492
0,0.000009
0,0.047664
0,0.160850
1,0.999877
0,0.070278
0,0.000069
1,0.831174
0,0.109264
1,0.002992
1,0.999786
1,0.543663
0,0.001037
0,0.376313
1,0.998445
0,0.981387
0,0.018159
1,0.135635
1,0.741614
0,0.069749
1,0.998029
1,0.999647
1,0.979408
0,0.001371
0,0.000010
0,0.009640
1,0.050324
0,0.002936
0,0.000001
0,0.000028
1,0.999925
1,0.999962
1,0.002616
0,0.050160
0,0.001625
0,0.000571
1,0.888071
1,0.216837
0,0.202220
1,0.684673
0,0.587865
0,0.011769
1,0.999999
1,0.993438
1,0.998177
0,0.009200
0,0.013552
1,0.991397
0,0.805111
0,0.001552
0,0.282722
0,0.250479
1,0.993962
0,0.003294
1,0.986265
0,0.007457
0,0.253466
1,0.969827
0,0.000026
1,0.837220
1,0.999301
1,0.281525
0,0.000504
0,0.019847
1,0.999995
0,0.080272
0,0.000904
0,0.000908
0,0.000037
0,0.002175
0,0.000015
1,0.996820
0,0.000013
1,0.858430
1,0.999714
0,0.006920
1,0.998458
0,0.387314
1,0.998797
0,0.000059
0,0.099874
1,0.962577
1,0.710620
0,0.932166
0,0.300123
1,0.811729
0,0.156691
1,0.972583
0,0.072437
0,0.898502
0,0.668350
0,0.008828
0,0.020702
1,0.989538
0,0.006989
1,0.997749
0,0.792267
0,0.004673
1,0.993905
1,0.997777
0,0.003160
0,0.000882
0,0.004929
1,0.994556
0,0.019213
1,0.946712
1,0.995063
0,0.273161
0,0.000037
0,0.920811
1,0.919438
1,0.983004
1,0.649343
1,0.998619
0,0.001312
0,0.980578
1,0.999994
1,0.999984
1,0.844478
0,0.696814
0,0.000001
0,0.012503
1,0.999425
0,0.001380
0,0.169960
1,0.998889
0,0.010965
0,0.004341
0,0.053651
1,0.999999
0,0.001174
1,0.999605
1,0.895479
0,0.011165
1,0.002521
0,0.014058
1,0.931880
0,0.762969
1,0.997088
0,0.000526
1,0.229738
0,0.007394
1,0.997648
1,0.998331
0,0.000029
1,0.988803
0,0.008388
0,0.016194
1,0.965582
0,0.001339
0,0.514074
0,0.050624
0,0.093342
0,0.000017
1,0.988538
0,0.023382
1,0.999873
1,0.983609
0,0.866916
0,0.180538
0,0.948327
1,0.912529
1,0.999917
0,0.001192
1,0.982136
0,0.001123
0,0.000003
1,0.032123
1,0.999738
0,0.649474
1,0.999957
0,0.000171
1,0.886228
1,0.972699
1,0.969921
0,0.007603
0,0.106990
1,0.820989
0,0.039721
1,0.999953
0,0.000047
0,0.000270
1,0.998626
1,0.997643
0,0.012536
0,0.014292
1,0.884469
0,0.000621
1,0.998168
1,0.935657
1,0.881461
0,0.000029
1,0.747576
1,0.762272
0,0.037539
1,0.999922
1,0.999999
0,0.000272
0,0.986657
1,0.978601
1,0.981446
1,0.672333
1,0.993877
0,0.007482
0,0.000026
0,0.035620
1,0.024410
1,0.987519
1,0.954791
1,0.999456
1,0.999996
0,0.009785
1,0.954089
1,0.999888
0,0.025528
0,0.000389
1,0.423265
1,0.781554
0,0.000205
1,0.862841
1,0.467419
0,0.000340
1,0.993084
0,0.000147
1,0.999654
0,0.596517
0,0.015897
0,0.001648
0,0.015936
1,0.723402
1,0.606317
1,0.080370
1,0.996865
0,0.000108
1,0.999339
0,0.000387
1,0.682428
0,0.000698
1,0.903177
0,0.035921
1,0.924800
1,0.899242
1,0.999986
1,0.859548
0,0.026285
0,0.000744
0,0.018253
1,0.999101
0,0.000014
0,0.004520
0,0.698507
1,0.735355
0,0.844156
0,0.225525
1,0.913627
1,0.994615
1,0.999484
1,0.998831
1,0.998068
1,0.999909
1,0.993552
1,0.999963
0,0.000346
1,0.998004
1,0.995757
1,0.996969
0,0.361889
0,0.178283
1,0.999791
1,0.998495
1,0.949320
0,0.228145
0,0.001788
1,0.971056
1,0.943987
1,0.990090
0,0.000470
1,0.921617
0,0.257801
0,0.000874
1,0.132678
0,0.000074
0,0.003090
1,0.875456
1,0.797813
0,0.817107
1,0.997908
1,0.929103
0,0.000004
1,0.994549
0,0.000001
1,0.984874
0,0.457708
0,0.000167
0,0.750339
1,0.999842
0,0.393002
1,0.945387
0,0.024501
0,0.000301
1,0.204451
0,0.000664
0,0.000495
0,0.019975
1,0.796097
1,0.031101
1,0.983951
1,0.952195
1,0.849309
1,0.999899
0,0.000002
0,0.007709
1,0.752118
0,0.000098
1,0.525312
1,0.421127
1,0.999975
0,0.042197
0,0.001015
1,0.999907
0,0.178386
1,0.999958
0,0.054452
1,0.999996
1,0.997892
0,0.001119
0,0.005290
0,0.000492
1,0.933836
0,0.086731
1,0.984623
1,0.999941
0,0.010788
1,0.988689
0,0.186404
1,0.996772
1,0.169162
1,0.986467
0,0.383807
1,0.999996
0,0.000063
0,0.946129
0,0.579802
0,0.000104
0,0.000040
1,0.999823
0,0.100180
1,0.928630
0,0.283329
0,0.000373
1,0.988181
0,0.254008
0,0.000001
0,0.077304
1,0.978368
1,0.963172
1,0.997697
0,0.798912
1,0.103524
1,0.973220
1,0.999871
0,0.002648
1,0.999961
0,0.001372
1,0.999657
1,0.002538
1,0.987452
1,0.996078
1,0.999999
0,0.013235
1,0.992941
1,0.554832
1,0.880975
0,0.024592
1,0.994931
1,0.937187
1,0.999948
0,0.007740
0,0.000239
1,0.997761
1,0.965087
1,0.973045
1,0.999990
0,0.006900
1,0.999298
1,0.991625
0,0.000001
1,0.930037
0,0.003489
1,0.999991
0,0.000657
0,0.001222
1,0.999196
1,0.999698
1,0.999903
1,0.982947
1,0.757227
1,0.999986
0,0.006568
0,0.000065
0,0.261247
0,0.002614
0,0.000713
1,0.999996
0,0.000030
0,0.615115
0,0.951937
1,0.999976
0,0.000020
1,0.990481
1,0.992104
0,0.000629
0,0.217074
0,0.945693
0,0.523474
1,0.999792
1,0.999995
1,0.999446
0,0.900241
0,0.647325
0,0.416211
0,0.329645
0,0.993805
1,0.996995
1,0.740198
0,0.000355
1,0.999927
1,0.954447
0,0.043604
1,0.999091
0,0.043009
1,0.818160
0,0.009942
0,0.048669
0,0.000119
0,0.998455
0,0.054981
1,0.996967
0,0.272353
1,0.999269
1,0.836569
0,0.000001
1,0.903878
0,0.085030
0,0.000001
1,0.871723
0,0.002403
1,0.998794
1,0.444592
0,0.008664
0,0.001807
1,0.974947
0,0.000024
0,0.000184
0,0.412474
0,0.032585
1,0.998747
1,0.993387
1,0.997333
1,0.341296
1,0.999307
0,0.133003
1,0.797435
1,0.986233
0,0.131480
1,0.999907
0,0.022096
1,0.994050
1,0.985500
1,0.995060
0,0.000010
0,0.081796
0,0.098368
1,0.892468
0,0.003122
1,0.902818
0,0.003611
1,0.999998
0,0.000026
0,0.727014
1,0.999902
1,0.900897
1,0.717861
0,0.000197
0,0.005158
0,0.000184
1,0.556969
0,0.007248
0,0.000175
0,0.022072
0,0.011519
1,0.902199
1,0.998849
0,0.001151
0,0.025643
0,0.127443
1,0.289766
1,0.991681
1,0.696189
1,0.998630
0,0.000278
0,0.021026
0,0.045814
1,0.999897
1,0.706365
1,0.998947
1,0.234657
1,0.990172
1,0.968171
1,0.958878
1,0.985612
1,0.998860
0,0.000015
0,0.016421
1,0.993544
0,0.000004
0,0.005658
0,0.434594
0,0.011110
1,0.999992
1,0.261916
0,0.000018
1,0.997408
0,0.005890
1,0.989378
1,0.991426
0,0.069000
0,0.000016
0,0.000310
1,0.979588
1,0.993841
1,0.146980
0,0.013350
1,0.999998
1,0.914460
0,0.000431
0,0.452134
0,0.044258
0,0.000033
0,0.000168
1,0.932809
0,0.000196
0,0.014845
0,0.000525
0,0.056455
1,0.900575
0,0.338841
1,0.880686
1,0.999593
1,0.995686
1,0.993667
1,0.999989
0,0.000075
0,0.000061
0,0.007636
0,0.000068
1,0.185074
0,0.001862
0,0.000048
0,0.000022
0,0.662203
0,0.000821
1,0.885671
1,0.999253
0,0.175717
0,0.948150
0,0.000430
0,0.021836
0,0.000378
0,0.094339
1,0.753508
1,0.882476
1,0.994040
1,0.309593
1,0.944024
1,0.999973
0,0.035948
0,0.009082
0,0.003906
0,0.002240
0,0.003386
0,0.704084
0,0.001290
1,0.997492
1,0.999503
0,0.000905
1,0.999993
1,0.997096
1,0.999291
0,0.244909
1,0.743827
1,0.999983
0,0.000548
0,0.971165
0,0.010062
0,0.085690
0,0.000039
1,0.991446
0,0.987103
1,0.998262
0,0.000548
1,0.741671
1,0.999874
0,0.955771
0,0.000664
1,0.999461
0,0.000015
1,0.995514
0,0.001308
1,0.998104
1,0.985702
0,0.151293
1,0.982798
0,0.025491
1,0.003010
1,0.999608
0,0.008474
0,0.028524
1,0.960104
0,0.000046
0,0.000602
1,0.999215
1,0.765612
0,0.000236
0,0.002334
0,0.011239
1,0.949601
1,0.919740
0,0.000523
1,0.999965
0,0.014393
0,0.000010
1,0.994960
0,0.002766
1,0.996600
1,0.176402
0,0.004392
1,0.999973
1,0.998498
1,0.996961
0,0.003077
0,0.035234
1,0.975589
0,0.009010
1,0.945646
0,0.001840
1,0.998767
1,0.998835
0,0.004932
0,0.076668
1,0.998021
1,0.962129
0,0.021191
0,0.042037
0,0.000045
0,0.000115
0,0.016841
1,0.999980
0,0.023193
0,0.010567
1,0.930127
1,0.931788
1,0.965296
1,0.910635
1,0.999330
1,0.999998
1,0.258198
0,0.032119
0,0.003718
1,0.612658
0,0.997304
0,0.002938
0,0.000761
0,0.021273
1,0.832223
0,0.002109
1,0.989906
0,0.000280
1,0.939539
1,0.992374
0,0.021988
1,0.023187
0,0.453566
1,0.922886
0,0.006241
1,0.914569
1,0.973828
0,0.020574
0,0.004740
1,0.999881
0,0.045018
0,0.000175
0,0.238718
1,0.138523
1,0.999888
0,0.000047
0,0.964010
1,0.956335
0,0.541059
1,0.934384
1,0.999395
1,0.979715
1,0.999997
0,0.001103
1,0.999571
0,0.187534
1,0.990724
1,0.138436
1,0.997232
1,0.697249
1,0.999999
1,0.999965
0,0.180502
0,0.000701
1,0.030687
0,0.883684
1,0.999999
1,0.998017
0,0.005222
1,0.998377
1,0.430037
0,0.378734
0,0.000333
1,0.999618
0,0.001367
1,0.999761
1,0.999991
1,0.993288
0,0.000445
0,0.031102
1,0.276141
1,0.929974
1,0.999996
1,0.925527
1,0.999776
1,0.998882
0,0.655840
0,0.000092
1,0.984365
0,0.370782
1,0.988472
0,0.000018
1,0.911666
0,0.001303
1,0.985580
0,0.000004
0,0.000107
0,0.548241
1,0.999845
1,0.967963
0,0.130520
1,0.960662
1,0.999374
1,0.181124
0,0.000001
1,0.642326
0,0.000016
0,0.000024
0,0.012802
0,0.351104
0,0.001288
0,0.000003
1,0.217601
0,0.000486
1,0.993542
0,0.000546
0,0.000003
0,0.000027
1,0.999905
0,0.342353
0,0.006609
1,0.964733
0,0.011711
1,0.999516
0,0.007755
0,0.618840
0,0.070853
1,0.150453
0,0.555271
1,0.875174
0,0.956477
0,0.000005
0,0.230925
0,0.139127
1,0.999978
0,0.014738
1,0.282844
1,0.999368
0,0.233210
0,0.000035
1,0.997454
1,0.637521
0,0.222908
0,0.574472
1,0.998830
1,0.906354
1,0.007935
1,0.987836
0,0.001385
1,0.999978
0,0.678469
1,0.917587
1,0.999306
0,0.000382
1,0.998735
1,0.793499
0,0.000085
0,0.000546
1,0.998170
0,0.001349
0,0.001131
0,0.054288
1,0.972183
0,0.005385
1,0.999964
0,0.001127
1,0.998671
0,0.000005
1,0.988391
0,0.014573
0,0.001644
0,0.989682
1,0.984951
0,0.281037
0,0.143455
1,0.857838
1,0.972832
0,0.007378
0,0.000744
1,0.999704
0,0.687697
1,0.993907
0,0.964205
0,0.016734
1,0.995233
0,0.000026
1,0.999983
1,0.956586
1,0.379522
1,0.999945
1,0.999570
1,0.992679
1,0.988666
1,0.024674
1,0.947789
1,0.989228
1,0.998400
0,0.002202
0,0.002298
0,0.000425
0,0.012075
0,0.000327
1,0.812376
1,0.997831
1,0.966013
1,0.999999
1,0.995067
0,0.026185
0,0.961677
0,0.000385
0,0.806864
1,0.020221
0,0.970561
1,0.999991
1,0.647103
0,0.010819
0,0.032290
0,0.407334
0,0.001463
1,0.001733
1,0.996254
1,0.996954
0,0.542779
1,0.951358
1,0.979462
0,0.000071
1,0.997184
0,0.099397
0,0.088290
0,0.747838
0,0.006469
0,0.000001
1,0.999863
1,0.930034
1,0.908979
1,0.999999
1,0.999965
0,0.005751
1,0.992286
0,0.006223
0,0.000088
0,0.072594
1,0.852002
0,0.007288
1,0.998191
1,0.999724
0,0.034145
1,0.052478
1,0.992395
0,0.000005
0,0.000027
0,0.139533
0,0.166001
1,0.903464
0,0.109213
1,0.998630
1,0.996390
1,0.997701
1,0.999953
1,0.991445
0,0.235443
1,0.914160
0,0.000066
1,0.897413
1,0.980363
0,0.104420
1,0.142988
0,0.019138
0,0.055160
0,0.005607
0,0.012177
1,0.999955
0,0.020447
0,0.004883
0,0.000063
0,0.000644
1,0.999958
1,0.995631
1,0.990919
0,0.359832
1,0.999877
0,0.000003
0,0.000006
0,0.001539
0,0.861859
0,0.002057
1,0.946452
1,0.999817
0,0.849931
1,0.810154
1,0.980232
0,0.000331
1,0.999993
0,0.215622
0,0.798237
1,0.966906
0,0.005520
0,0.000336
1,0.999386
1,0.596187
1,0.951689
0,0.000001
0,0.355147
0,0.197720
0,0.011057
1,0.996417
1,0.007977
1,0.791787
1,0.999999
0,0.500672
1,0.969746
1,0.994925
1,0.224369
1,0.996979
0,0.008448
0,0.014677
1,0.999942
1,0.983364
1,0.998480
1,0.501202
0,0.002466
1,0.998701
0,0.000196
0,0.000361
1,0.852293
0,0.000377
0,0.251505
1,0.979905
0,0.010371
0,0.001945
1,0.934322
0,0.555367
1,0.999811
1,0.999945
1,0.415186
0,0.419664
0,0.004225
0,0.000809
0,0.017045
1,0.967107
0,0.004476
1,0.995577
0,0.044416
0,0.641097
1,0.816149
1,0.999534
0,0.001667
1,0.995963
1,0.984259
1,0.997417
0,0.185259
1,0.624326
0,0.157757
0,0.000142
1,0.999570
0,0.062428
0,0.060421
1,0.834678
0,0.019812
1,0.993908
0,0.000025
0,0.104104
0,0.616336
0,0.000200
0,0.009416
1,0.999092
0,0.001029
1,0.964361
0,0.000377
0,0.040940
1,0.941630
0,0.018909
1,0.999272
0,0.000008
0,0.002014
0,0.057402
1,0.981562
0,0.000045
0,0.000031
1,0.442794
1,0.999122
0,0.000113
1,0.999628
0,0.007061
0,0.000419
0,0.000869
0,0.000047
1,0.778609
1,0.072522
0,0.025605
1,0.999788
0,0.159484
1,0.997852
1,0.999964
0,0.000093
0,0.044279
0,0.026736
0,0.004980
1,0.945305
0,0.165813
1,0.999983
0,0.310216
0,0.000128
0,0.944589
0,0.005512
1,0.960424
0,0.067331
1,0.994323
1,0.999933
0,0.000004
1,0.999866
0,0.186128
1,0.999882
0,0.954674
1,0.978669
0,0.003034
1,0.938199
1,0.343424
0,0.995326
0,0.000009
1,0.999518
0,0.005669
1,0.995867
0,0.012703
1,0.987842
0,0.078911
1,0.957698
0,0.178222
1,0.999628
1,0.999976
0,0.009983
0,0.000797
0,0.101708
0,0.001147
0,0.239600
0,0.182806
0,0.145107
1,0.999135
0,0.022644
1,0.999059
0,0.007314
1,0.999729
1,0.989588
1,0.755588
1,0.998781
0,0.000006
0,0.437191
1,0.389534
1,0.650041
1,0.999576
1,0.988724
0,0.658538
0,0.005627
1,0.051448
1,0.705210
1,0.989038
1,0.993846
1,0.127738
1,0.998021
0,0.044040
0,0.225020
0,0.001867
1,0.955012
1,0.996250
0,0.002040
1,0.302310
0,0.000205
1,0.284906
0,0.000101
1,0.057664
1,0.999772
0,0.000002
0,0.006176
0,0.037893
1,0.998726
0,0.005415
1,0.327981
1,0.849500
0,0.025490
1,0.707527
1,0.748825
0,0.123090
1,0.629214
1,0.999999
0,0.003528
1,0.998914
0,0.083923
1,0.677768
1,0.999964
0,0.044212
0,0.000433
0,0.010693
0,0.069136
0,0.002972
1,0.999967
0,0.867646
1,0.998339
0,0.177091
0,0.000028
0,0.760542
0,0.000001
1,0.948974
0,0.004122
0,0.035364
1,0.947683
1,0.977840
0,0.016944
0,0.355808
1,0.782888
1,0.993235
1,0.959100
1,0.999412
0,0.199995
0,0.000997
0,0.443381
0,0.401857
0,0.004726
0,0.249226
0,0.001535
1,0.626909
0,0.269798
0,0.000076
0,0.037797
0,0.572999
1,0.999936
0,0.002054
1,0.999971
0,0.003017
0,0.000073
1,0.973627
0,0.044192
1,0.999881
1,0.800710
0,0.000125
0,0.014356
0,0.100225
0,0.001781
0,0.000035
1,0.999091
0,0.000638
0,0.977242
0,0.154819
0,0.000027
1,0.999717
0,0.895424
0,0.021511
0,0.000171
1,0.991476
0,0.178992
1,0.998801
1,0.999720
0,0.000091
0,0.028465
0,0.040352
0,0.000005
1,0.997131
0,0.032383
1,0.969894
1,0.992741
1,0.895020
0,0.000051
0,0.962909
0,0.313250
1,0.208714
1,0.830822
0,0.000006
1,0.999188
1,0.974499
1,0.999809
0,0.012950
1,0.999691
0,0.000076
0,0.040962
0,0.000062
0,0.000006
0,0.886659
1,0.999827
1,0.999907
0,0.606308
1,0.999692
1,0.990321
0,0.947965
0,0.001977
1,0.999936
1,0.999975
0,0.091542
1,0.994718
1,0.958402
1,0.966744
1,0.992561
0,0.003900
0,0.004856
0,0.001181
1,0.680137
0,0.016061
1,0.999804
0,0.042650
1,0.999987
1,0.998628
0,0.000036
0,0.004176
0,0.136732
0,0.096577
1,0.999593
1,0.999644
0,0.009604
1,0.999564
0,0.003136
1,0.911570
1,0.999613
0,0.410190
0,0.002851
1,0.917065
0,0.003467
1,0.997139
0,0.000286
1,0.991745
0,0.004538
0,0.586320
0,0.090961
1,0.999999
0,0.000073
0,0.005974
1,0.963277
1,0.115377
0,0.060336
0,0.022929
1,0.998817
0,0.005784
1,0.999029
1,0.998042
1,0.942965
1,0.997223
0,0.000093
1,0.802472
1,0.367963
1,0.982855
0,0.001007
1,0.996551
1,0.997027
1,0.999988
1,0.018581
1,0.207213
0,0.338980
0,0.000809
0,0.000045
1,0.999997
1,0.993029
1,0.992922
0,0.150375
0,0.022063
1,0.576225
1,0.997662
0,0.000428
1,0.999349
1,0.999996
1,0.128333
1,0.999936
0,0.000226
0,0.004050
0,0.091866
1,0.900299
0,0.000170
0,0.217246
1,0.998694
1,0.999999
0,0.491969
0,0.377461
0,0.005777
1,0.978588
1,0.999999
1,0.999078
0,0.388485
1,0.985104
0,0.000108
1,0.921250
0,0.037777
1,0.996961
0,0.002346
0,0.001048
1,0.998942
0,0.005849
0,0.011524
0,0.993816
0,0.107325
1,0.027485
1,0.999537
1,0.034959
1,0.603253
0,0.018992
1,0.866689
1,0.999999
0,0.985505
1,0.998750
1,0.554551
0,0.001828
1,0.999162
1,0.996987
0,0.000034
1,0.029799
0,0.996398
0,0.000330
1,0.998711
1,0.921200
0,0.031311
1,0.995971
0,0.000001
1,0.610763
0,0.007096
0,0.000004
1,0.987483
0,0.000146
0,0.000317
1,0.424070
1,0.968489
1,0.025598
0,0.001926
1,0.200878
1,0.883982
1,0.601675
0,0.000886
1,0.134620
0,0.002720
0,0.066237
1,0.989611
0,0.160910
1,0.997077
0,0.074606
1,0.984575
1,0.999645
0,0.659505
1,0.840920
0,0.000102
0,0.902762
1,0.802852
0,0.704621
1,0.945887
0,0.000472
0,0.001833
1,0.998235
1,0.952533
1,0.999999
1,0.999999
0,0.000540
1,0.999564
0,0.005510
1,0.997468
0,0.000428
0,0.606324
1,0.989913
1,0.961955
1,0.011045
0,0.690370
1,0.994544
1,0.995155
0,0.000003
1,0.988256
1,0.885310
1,0.547790
1,0.999906
1,0.777015
0,0.001015
1,0.998998
0,0.629151
0,0.005273
0,0.054773
0,0.157970
1,0.998191
0,0.480195
1,0.997366
0,0.000015
0,0.031551
0,0.000428
1,0.999975
1,0.221827
0,0.904428
1,0.945578
0,0.000756
0,0.000006
0,0.099214
0,0.036730
0,0.198467
1,0.999105
0,0.001440
1,0.999414
1,0.787233
0,0.889084
0,0.002500
1,0.993832
0,0.000004
0,0.001525
0,0.000002
0,0.009429
0,0.226002
1,0.255656
0,0.000004
1,0.999431
0,0.012827
0,0.063103
1,0.964588
0,0.001341
0,0.136871
1,0.587383
1,0.999580
0,0.251208
1,0.997054
1,0.999869
0,0.000142
0,0.000002
1,0.101416
0,0.109489
0,0.000030
0,0.000002
0,0.142256
0,0.495619
0,0.000004
0,0.973921
1,0.999979
0,0.073668
0,0.000001
1,0.997051
0,0.181528
1,0.994121
0,0.000624
1,0.999839
1,0.630665
0,0.008505
1,0.940882
0,0.000015
1,0.057860
0,0.004285
0,0.130664
1,0.955726
1,0.999946
1,0.002894
0,0.000051
1,0.983084
1,0.998333
1,0.982346
1,0.999687
1,0.999650
0,0.449132
0,0.000595
1,0.602271
1,0.997031
0,0.048399
1,0.596113
0,0.078823
0,0.000104
1,0.922096
0,0.007603
0,0.001658
1,0.777129
1,0.982535
1,0.999998
0,0.213842
1,0.999977
1,0.999056
0,0.778892
0,0.013089
0,0.738074
1,0.984684
1,0.999896
0,0.000065
0,0.011076
0,0.080469
0,0.073394
1,0.993748
1,0.999450
1,0.986474
0,0.000359
0,0.552432
0,0.472709
1,0.999337
0,0.002164
1,0.976055
1,0.977117
1,0.996547
1,0.308554
0,0.000006
0,0.442268
1,0.999024
0,0.229225
1,0.997041
1,0.999488
0,0.398353
1,0.532336
1,0.833365
0,0.908545
1,0.999831
0,0.024794
1,0.783464
1,0.999343
0,0.000330
1,0.934732
0,0.000024
0,0.787006
0,0.211800
1,0.999979
1,0.972108
0,0.000039
1,0.987258
1,0.999969
1,0.999253
1,0.985575
0,0.001995
0,0.084933
1,0.984397
1,0.999861
1,0.999694
0,0.017178
0,0.000031
1,0.968896
0,0.405437
0,0.002312
1,0.998077
1,0.588562
0,0.085545
1,0.999943
1,0.999994
1,0.999826
0,0.000195
0,0.000008
1,0.989555
0,0.981658
0,0.000001
0,0.001437
1,0.994513
1,0.998896
0,0.017351
1,0.987744
1,0.887655
1,0.985671
1,0.997531
0,0.020372
1,0.054412
1,0.043860
1,0.975632
1,0.981557
1,0.989513
1,0.996894
1,0.000087
0,0.485522
0,0.460432
1,0.999926
0,0.001861
0,0.000107
0,0.010136
1,0.999993
1,0.999959
1,0.623048
0,0.000292
1,0.719833
0,0.834878
1,0.996262
0,0.044050
1,0.561769
1,0.999975
1,0.463354
1,0.738774
0,0.107361
0,0.006520
1,0.925854
1,0.995605
0,0.039933
1,0.999684
1,0.024014
1,0.666045
1,0.997434
0,0.005340
1,0.310920
0,0.000680
0,0.002336
0,0.000070
0,0.091962
1,0.999985
1,0.997782
1,0.226334
1,0.983137
1,0.090696
1,0.999947
0,0.776561
0,0.160596
0,0.010314
0,0.026651
0,0.000770
1,0.960194
1,0.999643
1,0.998851
1,0.805372
0,0.001627
0,0.000028
0,0.106364
0,0.382449
0,0.000228
1,0.482845
1,0.980348
0,0.010874
1,0.999984
1,0.440273
0,0.004715
1,0.999914
0,0.010987
0,0.000980
0,0.246773
0,0.994990
0,0.989433
0,0.046462
0,0.000644
0,0.000047
0,0.612095
1,0.993093
1,0.999985
0,0.002115
1,0.879205
0,0.000018
1,0.986912
0,0.944022
0,0.424419
1,0.994034
1,0.833715
1,0.999998
1,0.875247
1,0.996179
0,0.007877
0,0.000923
0,0.000048
1,0.975497
0,0.015453
1,0.999929
0,0.000101
1,0.999310
1,0.999461
1,0.998255
1,0.999985
0,0.000752
1,0.994027
0,0.008429
1,0.999409
1,0.997779
0,0.890640
1,0.991106
1,0.999657
0,0.044898
1,0.999977
1,0.999638
1,0.937958
1,0.999931
0,0.000046
1,0.999035
0,0.060522
0,0.998078
1,0.994057
0,0.000479
1,0.995323
0,0.000284
1,0.999618
0,0.000023
0,0.004444
1,0.999879
0,0.000042
1,0.979495
0,0.002962
1,0.999737
1,0.999647
0,0.008813
1,0.988199
1,0.999872
1,0.984990
1,0.998422
1,0.043260
0,0.000174
0,0.000979
0,0.000016
0,0.920377
0,0.012417
1,0.951791
1,0.999646
1,0.539566
0,0.497544
1,0.006212
1,0.956819
1,0.998193
1,0.993704
0,0.113047
0,0.005538
0,0.000656
0,0.001003
0,0.006931
1,0.999997
0,0.007623
0,0.019955
1,0.531969
0,0.032665
0,0.003826
0,0.000006
0,0.781992
0,0.199818
1,0.888974
0,0.009023
0,0.012453
0,0.002318
0,0.003532
1,0.997779
1,0.941962
0,0.000023
1,0.970933
1,0.923660
0,0.082919
0,0.118322
0,0.009597
1,0.814814
0,0.105727
1,0.849174
1,0.996918
0,0.004077
1,0.999146
1,0.908481
1,0.999662
0,0.725411
0,0.036527
1,0.999324
1,0.999998
0,0.000170
0,0.623433
1,0.906106
1,0.872931
0,0.245843
0,0.000079
0,0.153805
0,0.009119
1,0.634193
0,0.719904
1,0.999266
1,0.997819
0,0.074875
0,0.011811
0,0.000001
1,0.930629
1,0.844278
1,0.756369
0,0.104768
0,0.010557
0,0.153162
1,0.006662
1,0.997244
1,0.999767
0,0.001120
1,0.999919
1,0.335685
1,0.996006
1,0.999997
0,0.003732
1,0.999765
1,0.906686
0,0.000418
0,0.000038
0,0.023116
1,0.588514
1,0.999744
0,0.000011
0,0.002606
0,0.108538
1,0.981458
0,0.053070
0,0.004258
1,0.002171
1,0.999503
1,0.999684
1,0.503607
1,0.732276
0,0.304705
0,0.011543
1,0.999850
1,0.986241
0,0.901968
1,0.155978
0,0.081492
0,0.824497
1,0.041784
0,0.008457
1,0.998938
0,0.027226
1,0.995085
1,0.998975
1,0.999985
0,0.011634
1,0.980153
0,0.004866
1,0.772981
0,0.171820
1,0.238478
1,0.910449
1,0.999706
1,0.999983
0,0.000374
1,0.999999
0,0.025250
1,0.952206
0,0.535819
1,0.971624
1,0.981451
1,0.805133
1,0.944351
1,0.097252
1,0.999585
1,0.324934
1,0.996991
0,0.000348
1,0.813878
0,0.010307
0,0.382067
1,0.882857
1,0.999874
0,0.026468
1,0.999908
1,0.999237
0,0.000945
1,0.999997
1,0.999543
1,0.989649
1,0.999970
1,0.999488
0,0.012267
0,0.390296
0,0.000447
0,0.979744
1,0.889005
0,0.000034
0,0.000544
1,0.991589
1,0.945380
1,0.942603
1,0.999568
0,0.377154
1,0.999282
0,0.024286
0,0.004052
1,0.974525
0,0.036504
0,0.001488
0,0.000469
0,0.023119
0,0.001019
1,0.541423
1,0.976597
0,0.114110
1,0.966706
1,0.975309
1,0.999982
1,0.993210
1,0.986760
1,0.986015
0,0.248682
1,0.770104
1,0.999999
1,0.222045
0,0.146020
0,0.000092
1,0.998897
0,0.002258
0,0.853312
1,0.996847
0,0.001876
0,0.033998
0,0.003481
0,0.001067
0,0.209868
1,0.065117
1,0.999863
1,0.982117
1,0.999186
0,0.000183
0,0.017591
1,0.087252
0,0.197612
0,0.000374
0,0.000264
1,0.995800
0,0.201707
1,0.949726
1,0.979793
0,0.022089
0,0.000019
1,0.999990
1,0.999586
0,0.000148
0,0.000173
0,0.003707
0,0.038809
0,0.000925
0,0.000341
0,0.009608
1,0.268820
1,0.999954
0,0.026776
1,0.918744
0,0.011984
1,0.704361
0,0.376748
1,0.010693
1,0.994406
1,0.057817
0,0.000021
0,0.006319
1,0.989269
1,0.114618
1,0.996283
0,0.338296
0,0.052841
0,0.912802
0,0.037715
1,0.942374
0,0.011349
1,0.999267
0,0.272328
0,0.000626
1,0.999392
0,0.000042
1,0.297208
0,0.000122
1,0.913316
1,0.996968
1,0.985209
1,0.154119
1,0.087915
1,0.999877
1,0.999922
0,0.023938
1,0.075443
0,0.010327
1,0.999951
0,0.601835
0,0.000082
0,0.003070
1,0.999786
0,0.000098
0,0.000009
0,0.006333
0,0.045397
1,0.868148
0,0.000286
1,0.999877
0,0.000232
1,0.993324
0,0.000311
1,0.999995
1,0.999995
1,0.998488
0,0.003036
1,0.276015
0,0.275605
0,0.016893
1,0.998017
1,0.963935
0,0.007868
0,0.687354
1,0.979030
1,0.999007
0,0.000426
0,0.000250
1,0.999562
0,0.000007
1,0.994743
0,0.003329
1,0.885733
1,0.998195
0,0.000292
1,0.943228
0,0.012523
0,0.062976
0,0.000018
0,0.000005
1,0.983133
1,0.997322
0,0.099059
0,0.000178
0,0.000009
1,0.116657
1,0.999982
0,0.000128
1,0.137464
0,0.002404
1,0.944585
0,0.019668
0,0.002534
0,0.000002
1,0.954861
0,0.888433
0,0.000009
1,0.030383
0,0.000198
0,0.000622
1,0.672683
0,0.001075
0,0.978319
0,0.132355
1,0.989478
0,0.122002
1,0.736287
0,0.000058
0,0.000545
0,0.651940
0,0.000354
1,0.426568
1,0.999860
1,0.999123
0,0.013189
0,0.165016
0,0.000093
0,0.006387
1,0.999987
1,0.995479
1,0.050226
1,0.992103
1,0.999987
0,0.002992
0,0.021934
0,0.042256
0,0.002558
0,0.000228
0,0.995653
0,0.211701
0,0.006776
1,0.999884
1,0.999862
0,0.000717
1,0.999161
1,0.998811
1,0.645269
1,0.959759
1,0.987081
1,0.999677
0,0.010893
0,0.000002
0,0.000037
0,0.009365
1,0.996690
0,0.030450
1,0.999975
0,0.406732
0,0.321707
0,0.135862
0,0.007962
0,0.402135
0,0.924083
1,0.993665
1,0.337012
0,0.000116
1,0.924049
0,0.987637
0,0.000025
0,0.184675
0,0.000050
0,0.014063
1,0.996922
0,0.000403
1,0.561647
1,0.982117
1,0.999976
0,0.193632
1,0.876747
0,0.003397
1,0.971103
0,0.061711
1,0.999981
1,0.999786
0,0.007217
1,0.999994
1,0.019746
0,0.099416
0,0.011191
1,0.624340
0,0.001145
0,0.000065
0,0.001199
0,0.000146
0,0.099691
1,0.999820
1,0.974840
1,0.983628
0,0.005218
0,0.000345
0,0.027073
1,0.980636
0,0.002907
1,0.999999
0,0.000863
1,0.999995
1,0.998984
0,0.001874
0,0.016929
1,0.996706
1,0.827563
1,0.903377
1,0.981398
1,0.999012
1,0.964085
1,0.994334
1,0.851636
0,0.083626
0,0.000001
1,0.988181
1,0.532616
0,0.716391
1,0.999987
0,0.984667
1,0.999809
0,0.687492
1,0.005569
1,0.999508
1,0.978771
1,0.966493
1,0.999492
0,0.000096
0,0.000030
0,0.229846
1,0.998819
1,0.957319
0,0.004872
1,0.999922
1,0.988808
0,0.001692
1,0.963787
1,0.999753
0,0.286985
1,0.999089
1,0.999978
1,0.656699
0,0.000441
1,0.999176
0,0.073417
0,0.037862
0,0.061565
1,0.999979
1,0.544148
1,0.954890
0,0.053622
1,0.996962
0,0.001797
1,0.999770
0,0.000147
0,0.916594
1,0.671754
0,0.006489
0,0.190855
0,0.000090
0,0.000164
0,0.001625
0,0.001338
1,0.983815
1,0.999991
0,0.724654
0,0.022612
1,0.970798
0,0.000578
1,0.999582
1,0.999991
0,0.387097
1,0.636778
0,0.025310
1,0.980735
0,0.000025
0,0.003928
0,0.038247
1,0.999763
1,0.978639
0,0.000380
1,0.882464
1,0.999944
1,0.992659
1,0.001626
0,0.002282
0,0.050088
0,0.012458
0,0.083185
1,0.551399
0,0.008669
1,0.982335
0,0.000020
0,0.005737
1,0.999833
1,0.999999
1,0.032889
1,0.982718
0,0.842766
1,0.044065
1,0.317203
1,0.991380
0,0.015053
0,0.000450
0,0.571505
0,0.001792
1,0.999994
1,0.946427
1,0.997226
0,0.000118
1,0.991450
1,0.688911
0,0.011949
0,0.008272
0,0.013337
0,0.000001
1,0.999960
1,0.913692
1,0.621419
0,0.264619
1,0.245108
0,0.969224
0,0.025940
0,0.000033
0,0.004442
1,0.999976
1,0.341837
1,0.902525
0,0.001570
0,0.000011
1,0.318094
1,0.519859
1,0.949165
0,0.050483
1,0.864529
0,0.000904
0,0.461802
0,0.212194
1,0.995599
1,0.999881
0,0.183746
0,0.676030
0,0.000522
0,0.367799
1,0.707500
0,0.824090
1,0.537907
1,0.999970
1,0.995031
0,0.016406
1,0.977656
0,0.000278
0,0.215101
0,0.000095
1,0.940951
1,0.964496
1,0.913384
1,0.911383
1,0.929961
1,0.999597
0,0.130902
0,0.009497
1,0.999981
0,0.135110
1,0.996981
1,0.997063
1,0.999909
1,0.997795
1,0.979696
1,0.982606
1,0.999986
1,0.855074
1,0.884820
0,0.983715
1,0.999994
0,0.000317
1,0.113622
0,0.026686
0,0.004562
0,0.002252
0,0.847967
1,0.849374
1,0.816813
1,0.981002
0,0.003195
0,0.011417
1,0.999976
1,0.992627
1,0.999291
0,0.000001
1,0.999114
0,0.000704
1,0.999462
1,0.998540
1,0.928688
1,0.847865
0,0.020244
1,0.861579
1,0.999999
1,0.999483
1,0.179754
1,0.914479
1,0.734683
1,0.999747
1,0.997773
0,0.041642
0,0.227120
0,0.002009
0,0.002576
1,0.943909
0,0.020692
0,0.002924
0,0.000665
0,0.860214
1,0.980314
1,0.477817
0,0.208158
1,0.999715
1,0.943136
0,0.996034
1,0.999977
1,0.913021
1,0.999319
0,0.594117
1,0.924139
0,0.004382
1,0.996505
0,0.000001
0,0.011233
1,0.998072
0,0.786340
0,0.007566
1,0.999826
0,0.002124
0,0.000243
0,0.039319
1,0.999751
1,0.789071
1,0.002158
0,0.932467
0,0.005982
0,0.005943
1,0.999025
0,0.002355
0,0.003814
0,0.006652
0,0.014746
1,0.976054
1,0.620002
1,0.820562
1,0.575150
1,0.999471
1,0.999808
0,0.007418
0,0.058302
0,0.000132
0,0.000259
1,0.997152
1,0.902144
0,0.030501
1,0.968305
0,0.001114
1,0.998060
1,0.972433
0,0.251726
1,0.999919
0,0.021867
0,0.003964
0,0.899196
1,0.532194
1,0.817012
0,0.000462
0,0.000061
0,0.335269
0,0.000001
1,0.858750
1,0.221885
1,0.102519
0,0.010359
0,0.000001
0,0.095911
0,0.082654
1,0.956431
1,0.982750
0,0.030143
1,0.639637
1,0.975102
0,0.004287
0,0.006869
0,0.002423
0,0.009957
1,0.999999
0,0.000312
0,0.000073
1,0.995562
1,0.999997
1,0.997437
1,0.999999
0,0.041929
1,0.999554
1,0.990350
0,0.000265
0,0.224608
1,0.996279
1,0.982854
0,0.001650
1,0.999789
0,0.187282
0,0.015129
1,0.997541
1,0.996284
0,0.995967
1,0.584606
0,0.000071
0,0.000083
1,0.020346
1,0.994357
0,0.001952
1,0.999963
0,0.000607
0,0.004672
1,0.810918
1,0.998272
1,0.999991
1,0.999943
1,0.999975
1,0.999446
1,0.967039
0,0.030763
1,0.999769
1,0.969246
1,0.706760
1,0.979090
0,0.046488
0,0.250952
0,0.036514
1,0.999275
1,0.876269
0,0.000165
1,0.995963
0,0.024186
0,0.027980
0,0.997846
0,0.000428
0,0.002487
1,0.917614
0,0.001915
1,0.992287
1,0.867264
0,0.003560
0,0.001352
0,0.674292
0,0.427627
1,0.998477
1,0.884872
0,0.920032
1,0.999670
0,0.000585
0,0.000848
1,0.932879
0,0.299873
0,0.138553
0,0.003707
1,0.999955
1,0.990814
0,0.000029
1,0.999999
1,0.999560
0,0.214523
0,0.947567
1,0.999489
0,0.148494
1,0.986123
1,0.887193
0,0.548781
1,0.985103
0,0.000048
1,0.985570
1,0.983772
1,0.018955
0,0.000048
0,0.141365
1,0.998181
0,0.153491
0,0.127321
0,0.001900
0,0.143856
0,0.022000
0,0.001391
0,0.000060
1,0.985208
0,0.000628
1,0.761271
0,0.743254
1,0.999838
0,0.006958
1,0.800174
1,0.879458
0,0.004088
1,0.957562
0,0.003928
1,0.999956
1,0.997486
1,0.999297
0,0.041116
0,0.000246
1,0.999876
1,0.999981
1,0.997068
1,0.998087
0,0.000013
1,0.987197
0,0.000366
1,0.997992
0,0.123176
1,0.998737
0,0.000054
1,0.211143
0,0.003064
1,0.893189
0,0.002584
0,0.000513
0,0.003644
0,0.000059
1,0.819240
1,0.460081
1,0.982559
1,0.997299
0,0.013883
0,0.015889
1,0.107507
1,0.857218
0,0.083305
1,0.999718
1,0.912195
1,0.999930
1,0.999912
0,0.016064
0,0.410763
0,0.060219
0,0.000155
0,0.000021
0,0.004650
1,0.466230
1,0.999989
0,0.472952
0,0.057651
1,0.713735
0,0.130665
1,0.063771
1,0.999881
0,0.001079
1,0.818432
0,0.007299
0,0.000438
0,0.264442
0,0.967118
0,0.002750
0,0.009167
1,0.987248
1,0.999932
1,0.997207
0,0.001471
0,0.052413
1,0.984088
0,0.000200
1,0.764972
1,0.996533
1,0.997345
1,0.999282
1,0.994614
1,0.984464
1,0.735185
1,0.997166
1,0.815452
0,0.195882
1,0.995255
0,0.010452
0,0.004832
1,0.993780
0,0.998909
1,0.966137
0,0.033602
1,0.995973
1,0.999842
1,0.997016
0,0.000064
1,0.999925
0,0.018589
0,0.000044
0,0.301874
0,0.011335
0,0.000006
0,0.001140
1,0.999993
0,0.702363
0,0.000266
1,0.991482
0,0.000669
0,0.002304
0,0.000055
1,0.999711
0,0.402862
1,0.976887
1,0.972860
0,0.095483
0,0.000193
0,0.000403
0,0.018465
0,0.160347
0,0.017907
1,0.991020
1,0.999321
0,0.001078
1,0.732375
0,0.004391
0,0.166616
0,0.017978
1,0.999999
0,0.000024
1,0.943727
0,0.252253
1,0.960613
0,0.000114
0,0.357109
1,0.871244
0,0.047713
0,0.026189
1,0.998630
0,0.101057
0,0.002275
1,0.993773
1,0.556033
1,0.999774
1,0.983919
1,0.708890
1,0.998992
1,0.999922
1,0.998179
1,0.999671
0,0.000011
1,0.698903
1,0.999850
0,0.032434
0,0.016182
0,0.000049
1,0.999446
1,0.906196
1,0.317355
0,0.105587
0,0.893881
0,0.000029
1,0.994128
1,0.997139
0,0.429714
0,0.029004
0,0.008429
1,0.342797
0,0.001368
0,0.008414
0,0.000030
1,0.999822
1,0.984888
0,0.001322
0,0.058801
1,0.999884
1,0.999673
0,0.167577
0,0.611761
0,0.097008
1,0.990624
0,0.465818
1,0.686730
1,0.999033
1,0.999963
0,0.000466
0,0.029367
0,0.763458
1,0.843448
1,0.268435
0,0.484027
0,0.720686
1,0.016825
1,0.980675
0,0.001918
1,0.953001
1,0.999944
0,0.000110
0,0.655933
0,0.027978
1,0.893979
0,0.003782
1,0.997136
1,0.863770
1,0.642683
0,0.000570
1,0.999567
1,0.605462
0,0.923380
1,0.987262
0,0.315619
1,0.999999
1,0.980126
0,0.018081
0,0.004686
0,0.970490
0,0.000300
0,0.034583
1,0.992636
1,0.071692
1,0.997802
1,0.999813
1,0.861445
1,0.761126
1,0.996812
1,0.989808
0,0.033315
0,0.000359
0,0.000256
1,0.952738
1,0.861259
0,0.002145
0,0.014502
0,0.209234
0,0.210409
1,0.909274
0,0.007701
0,0.999821
0,0.017189
1,0.992869
1,0.080294
0,0.000024
1,0.995229
1,0.998752
1,0.999642
0,0.246671
1,0.998153
1,0.999981
0,0.000012
0,0.127438
0,0.000105
0,0.000012
1,0.994775
0,0.000465
1,0.994668
1,0.999626
0,0.900527
0,0.043684
1,0.568491
0,0.206256
1,0.836996
1,0.603201
0,0.056486
1,0.992398
0,0.015384
0,0.862968
1,0.835353
1,0.898778
0,0.344745
1,0.297606
1,0.999993
1,0.354066
0,0.021892
0,0.000004
1,0.788131
1,0.959179
1,0.925493
0,0.824193
1,0.998930
0,0.252869
0,0.000002
1,0.996316
1,0.999709
1,0.802637
1,0.995353
0,0.000063
0,0.000051
1,0.992537
0,0.000090
1,0.997073
1,0.999963
0,0.000350
1,0.999907
0,0.026640
0,0.001350
1,0.993940
0,0.000058
1,0.858172
1,0.308506
1,0.020059
1,0.999087
1,0.889700
1,0.994879
0,0.000082
1,0.419410
0,0.004672
1,0.898925
0,0.468564
0,0.000372
1,0.991162
0,0.789392
0,0.031124
0,0.010474
0,0.000033
0,0.131808
1,0.999867
1,0.506922
1,0.999987
1,0.855696
0,0.795095
1,0.969647
1,0.997526
1,0.997948
0,0.006743
0,0.036131
1,0.999650
1,0.999047
0,0.001257
1,0.376960
0,0.000124
1,0.406518
0,0.055351
0,0.001392
1,0.850151
0,0.000208
1,0.992399
1,0.619921
1,0.999999
1,0.837230
1,0.997787
1,0.992925
0,0.003905
0,0.053066
0,0.000001
1,0.833657
0,0.245728
1,0.996322
1,0.999906
1,0.242024
1,0.610286
1,0.999628
0,0.994492
1,0.978800
1,0.623506
1,0.964531
0,0.153250
0,0.007755
0,0.249379
0,0.007330
1,0.999881
1,0.925884
1,0.999797
0,0.000009
1,0.996378
0,0.003023
0,0.054051
0,0.000020
1,0.999434
0,0.000471
1,0.982563
0,0.027273
1,0.999988
1,0.860736
0,0.000074
1,0.506360
0,0.000597
1,0.999377
0,0.000008
1,0.999946
0,0.014003
1,0.999270
0,0.004081
0,0.000106
0,0.092074
0,0.003004
0,0.074622
1,0.921790
1,0.984724
0,0.001298
0,0.627991
0,0.000025
0,0.009088
0,0.925567
0,0.000155
0,0.000002
0,0.004464
0,0.024507
1,0.817111
1,0.970197
1,0.999998
0,0.000825
1,0.999970
1,0.522137
1,0.999981
1,0.964719
0,0.000686
0,0.998964
0,0.006717
0,0.000629
0,0.000756
1,0.884219
0,0.127719
1,0.982307
1,0.357670
1,0.962494
1,0.917067
0,0.000187
1,0.999994
0,0.013386
0,0.001099
0,0.168685
0,0.000291
0,0.044153
1,0.803488
0,0.996822
0,0.007877
1,0.999733
0,0.262646
0,0.158547
0,0.000222
0,0.110045
1,0.995447
1,0.998178
1,0.982005
1,0.784814
1,0.991591
1,0.985797
0,0.214928
1,0.999976
1,0.999986
1,0.969381
1,0.999727
1,0.113380
1,0.999997
0,0.022639
0,0.000123
0,0.000003
0,0.673851
0,0.071377
0,0.003399
0,0.370184
1,0.509739
1,0.201921
1,0.404497
1,0.998857
0,0.001938
1,0.414085
0,0.000234
1,0.670259
1,0.728195
0,0.138585
0,0.001548
1,0.998321
1,0.996469
1,0.999258
0,0.221069
0,0.000913
1,0.973122
0,0.004807
0,0.904587
1,0.990454
1,0.541246
0,0.540908
1,0.715592
1,0.849146
0,0.000057
0,0.000052
0,0.007472
0,0.151021
1,0.424510
0,0.000463
0,0.000407
0,0.018179
1,0.998909
1,0.993513
0,0.033512
0,0.558029
0,0.503283
0,0.145665
1,0.610411
1,0.999999
1,0.882486
0,0.003146
0,0.000247
1,0.999284
0,0.000017
0,0.004375
1,0.998635
0,0.029183
0,0.669299
0,0.005711
1,0.989325
0,0.000033
1,0.996940
1,0.999977
1,0.952808
0,0.549228
0,0.405556
0,0.228892
1,0.977515
1,0.978087
1,0.978012
0,0.183064
0,0.000070
0,0.000113
0,0.000001
0,0.820814
0,0.995392
0,0.221391
1,0.996781
0,0.000919
0,0.037069
1,0.987878
0,0.000688
1,0.998230
0,0.227009
1,0.999987
1,0.997806
0,0.016166
0,0.002016
1,0.985639
1,0.998993
1,0.969787
0,0.000183
0,0.000001
0,0.690153
0,0.031141
0,0.996735
1,0.998994
1,0.915529
1,0.999742
1,0.999997
1,0.815733
0,0.016480
1,0.999800
0,0.001543
1,0.999910
1,0.941444
0,0.064883
0,0.000001
0,0.070407
1,0.979088
1,0.999986
1,0.993640
0,0.129223
0,0.018227
0,0.031161
1,0.997486
1,0.999913
1,0.905334
1,0.958719
1,0.994302
1,0.051724
1,0.933641
0,0.048503
0,0.007468
1,0.997751
0,0.022478
0,0.055828
1,0.976331
0,0.000047
0,0.330730
0,0.119132
0,0.404603
0,0.000104
0,0.947093
0,0.000003
0,0.035686
1,0.988487
0,0.000006
0,0.001268
1,0.999928
1,0.999958
0,0.051905
1,0.823484
0,0.000038
0,0.282404
0,0.000149
0,0.000070
1,0.999538
0,0.000246
1,0.842620
0,0.000577
0,0.012843
1,0.980966
1,0.026462
0,0.175262
1,0.731033
1,0.999476
1,0.939969
1,0.108248
0,0.002429
0,0.000539
0,0.000209
1,0.980125
0,0.000719
0,0.168279
0,0.015901
1,0.999585
0,0.000069
1,0.998508
0,0.000136
0,0.006774
0,0.117276
0,0.085851
0,0.008956
0,0.000314
1,0.921008
0,0.654841
1,0.167365
1,0.998267
0,0.000174
0,0.000003
1,0.985130
0,0.006672
0,0.987181
1,0.995979
0,0.027520
1,0.999819
1,0.999189
0,0.000251
1,0.985231
1,0.999700
0,0.293524
0,0.764290
0,0.032890
0,0.452692
1,0.996063
0,0.018060
0,0.002494
0,0.000021
0,0.001544
1,0.867051
1,0.978846
1,0.972830
0,0.944227
1,0.948841
0,0.130825
0,0.012999
1,0.045216
0,0.728180
0,0.163133
0,0.037030
0,0.000020
1,0.999950
1,0.999980
1,0.991684
0,0.000484
1,0.998861
0,0.067456
1,0.999837
1,0.988988
1,0.981159
0,0.206653
1,0.954584
1,0.999417
1,0.995058
0,0.000095
1,0.999981
1,0.993213
1,0.994797
0,0.118555
0,0.000004
0,0.081544
0,0.000225
1,0.999502
1,0.999679
0,0.000007
0,0.000296
1,0.999969
0,0.985633
1,0.998834
0,0.039380
0,0.032478
0,0.002074
1,0.001578
1,0.912022
0,0.004100
0,0.897312
0,0.001079
1,0.916640
1,0.999985
0,0.001404
1,0.950078
0,0.001218
0,0.003597
1,0.999574
0,0.251289
0,0.000001
0,0.107462
1,0.979862
1,0.991921
1,0.817998
0,0.000023
0,0.077208
1,0.999973
1,0.004364
0,0.865061
0,0.001764
1,0.996910
1,0.999992
0,0.000688
1,0.615896
1,0.999616
1,0.978371
1,0.997758
0,0.016925
0,0.203798
1,0.710415
0,0.161128
1,0.999998
1,0.118493
1,0.999870
0,0.851904
1,0.994389
1,0.999994
1,0.999194
0,0.859062
0,0.003169
0,0.001284
1,0.999991
1,0.993451
0,0.345503
1,0.996242
0,0.081169
0,0.002598
0,0.005925
1,0.998903
1,0.991372
0,0.007613
0,0.027168
1,0.948023
0,0.036688
0,0.597911
1,0.991204
1,0.997721
0,0.007000
0,0.000001
0,0.031652
0,0.001761
1,0.986309
1,0.999793
0,0.035202
1,0.991572
1,0.996237
0,0.356026
0,0.804959
1,0.803914
0,0.797777
1,0.979840
1,0.842612
0,0.011845
1,0.999319
0,0.000566
1,0.999821
1,0.998181
1,0.844182
1,0.996121
0,0.001480
1,0.541172
0,0.007276
1,0.987611
1,0.996967
0,0.000235
0,0.012486
1,0.998202
0,0.065797
1,0.521034
1,0.999904
0,0.058901
1,0.999995
0,0.036892
1,0.999959
0,0.007505
0,0.270991
0,0.163669
1,0.988023
0,0.018102
0,0.107715
1,0.999674
1,0.955527
0,0.860063
1,0.030738
0,0.002076
1,0.999735
0,0.000711
0,0.754169
1,0.966573
0,0.000002
0,0.189430
0,0.004508
1,0.211414
1,0.999990
0,0.009719
0,0.000044
0,0.138916
1,0.993628
0,0.000479
0,0.000496
0,0.154580
0,0.000255
0,0.580777
1,0.706551
0,0.034567
1,0.902469
1,0.998331
1,0.967344
0,0.028112
0,0.003150
0,0.000025
0,0.007433
1,0.059680
1,0.991901
0,0.221594
1,0.903435
0,0.000447
0,0.008889
0,0.080089
0,0.168761
0,0.000048
1,0.999957
0,0.007616
0,0.000002
1,0.941477
0,0.000479
0,0.026813
1,0.999819
1,0.999945
1,0.027582
1,0.674333
0,0.012845
0,0.915903
0,0.000001
1,0.998784
1,0.993201
1,0.996855
1,0.781139
0,0.072633
1,0.999999
1,0.997735
0,0.346451
1,0.999932
1,0.999627
0,0.000143
1,0.974144
1,0.037305
0,0.180240
0,0.151162
1,0.996388
0,0.432356
0,0.000138
1,0.999735
1,0.999999
0,0.048545
1,0.997684
0,0.000144
0,0.001234
1,0.997335
0,0.013531
1,0.134224
0,0.542306
1,0.413664
0,0.017371
0,0.006953
0,0.059450
1,0.997993
1,0.998054
1,0.973254
1,0.995561
1,0.999213
0,0.000032
0,0.005221
1,0.993820
1,0.999988
1,0.916008
0,0.347136
0,0.951102
1,0.998793
1,0.568388
1,0.988189
0,0.001363
1,0.667297
1,0.102906
1,0.714487
1,0.936625
1,0.979270
0,0.898697
1,0.962931
0,0.010796
0,0.008035
1,0.999998
0,0.000017
1,0.999999
0,0.000215
1,0.471196
1,0.998789
0,0.002971
0,0.000258
0,0.000537
0,0.077066
1,0.929277
0,0.297693
0,0.000064
1,0.569013
1,0.998375
0,0.000042
1,0.985670
0,0.005530
0,0.008266
1,0.958872
1,0.951514
1,0.990999
1,0.996375
0,0.085120
0,0.000001
1,0.672256
1,0.999933
0,0.001041
0,0.032592
1,0.998829
1,0.095047
1,0.979423
1,0.975976
0,0.001202
0,0.001670
0,0.000013
0,0.100755
0,0.000156
0,0.236517
1,0.999874
1,0.996403
0,0.392495
0,0.288675
0,0.060577
1,0.994376
0,0.178217
1,0.002739
0,0.583706
0,0.036241
0,0.001709
0,0.019195
1,0.991861
1,0.197929
0,0.000132
0,0.024130
1,0.000775
1,0.999926
0,0.000216
0,0.010885
0,0.009891
0,0.004487
0,0.094754
1,0.998172
1,0.956231
1,0.842569
0,0.006327
1,0.977967
0,0.000198
0,0.004727
0,0.001440
0,0.194747
0,0.000322
0,0.062914
0,0.000079
1,0.999861
0,0.006376
0,0.000144
1,0.992891
0,0.005134
0,0.008901
0,0.000101
0,0.003216
1,0.185456
0,0.097207
0,0.009752
0,0.997893
0,0.000559
1,0.996230
1,0.999781
1,0.999589
0,0.002749
0,0.045837
1,0.966977
0,0.000725
0,0.000005
1,0.218369
0,0.240315
1,0.498792
0,0.000066
0,0.000780
1,0.999695
1,0.999228
0,0.000011
0,0.002684
0,0.000975
1,0.999401
1,0.011919
0,0.004299
0,0.001853
1,0.999833
0,0.414767
1,0.634618
0,0.001061
0,0.000564
0,0.420733
1,0.964432
1,0.999907
1,0.899640
1,0.991738
1,0.998940
1,0.999890
0,0.000345
1,0.958218
0,0.008127
1,0.996885
0,0.002785
1,0.972239
0,0.116224
1,0.995965
1,0.991257
0,0.859773
0,0.002390
0,0.000484
0,0.828949
0,0.289489
0,0.000179
0,0.000098
0,0.012937
1,0.996428
1,0.995826
1,0.970463
1,0.851240
1,0.997840
0,0.000002
0,0.000207
1,0.735414
1,0.999622
0,0.028692
0,0.985571
1,0.970804
1,0.975724
0,0.174553
1,0.983371
0,0.012072
1,0.989266
1,0.995002
0,0.003232
0,0.014189
0,0.642440
1,0.999024
1,0.999893
1,0.960544
0,0.286728
1,0.823420
0,0.002253
0,0.000299
0,0.001236
1,0.952035
1,0.998118
0,0.002680
1,0.340330
1,0.992760
0,0.164425
1,0.766258
1,0.970561
1,0.972063
1,0.993324
1,0.984781
1,0.999802
1,0.643942
1,0.999843
1,0.999219
0,0.157006
0,0.632791
0,0.000454
0,0.000113
1,0.996207
0,0.032703
0,0.994154
1,0.999270
1,0.992857
1,0.751709
1,0.268918
0,0.001528
1,0.097217
0,0.557957
0,0.001283
1,0.977750
1,0.999989
0,0.059729
1,0.512982
1,0.997128
0,0.012424
1,0.336061
1,0.983583
1,0.999292
0,0.000001
0,0.025875
0,0.016839
1,0.999878
1,0.999869
0,0.001673
0,0.000001
0,0.000733
1,0.999972
0,0.000288
0,0.000705
0,0.003887
0,0.025066
0,0.000047
0,0.003395
0,0.000020
0,0.000117
0,0.006050
1,0.993969
0,0.000097
0,0.003862
1,0.781015
1,0.931062
0,0.143623
1,0.999999
1,0.150986
1,0.605626
0,0.022601
1,0.999181
1,0.934137
1,0.999999
1,0.994263
1,0.997971
0,0.000008
1,0.988656
1,0.989567
1,0.305409
0,0.005385
1,0.999857
1,0.386517
0,0.000170
1,0.996489
0,0.988432
0,0.004320
1,0.999588
0,0.002638
0,0.033190
1,0.931032
1,0.998567
0,0.462859
1,0.999997
0,0.739860
1,0.999894
1,0.147408
1,0.997527
1,0.997060
1,0.999621
0,0.002729
0,0.000014
0,0.000990
0,0.038938
0,0.011358
1,0.015850
0,0.192981
1,0.056101
0,0.000053
1,0.999656
1,0.999893
1,0.973169
0,0.307947
0,0.001249
0,0.000414
1,0.999543
0,0.338183
0,0.116360
0,0.057181
1,0.998850
0,0.355157
0,0.024685
1,0.999986
1,0.999978
0,0.021581
0,0.016345
0,0.000037
1,0.785977
1,0.873735
0,0.953061
1,0.955679
1,0.999907
0,0.000010
1,0.821258
0,0.002400
0,0.034442
0,0.026496
1,0.994041
1,0.998905
0,0.001614
1,0.992760
0,0.000028
1,0.999997
0,0.000431
0,0.718141
0,0.015160
1,0.959783
0,0.069095
0,0.037208
1,0.999988
1,0.996955
0,0.001203
0,0.037471
1,0.999987
1,0.121966
0,0.005678
1,0.060939
1,0.979373
0,0.000407
0,0.259239
1,0.068528
1,0.970203
0,0.000052
0,0.000126
1,0.709087
1,0.911025
1,0.999959
0,0.008394
0,0.650435
0,0.000108
0,0.000003
0,0.082251
1,0.979778
1,0.997637
0,0.000016
0,0.089682
1,0.924563
0,0.000002
0,0.800941
0,0.219650
0,0.003849
1,0.999654
1,0.078901
0,0.000121
1,0.048686
0,0.068570
1,0.999995
0,0.023752
0,0.316401
0,0.001572
1,0.421527
0,0.097948
0,0.005217
1,0.966550
0,0.090583
0,0.012292
1,0.992736
1,0.245049
1,0.935555
0,0.015209
0,0.673534
1,0.730953
0,0.000004
0,0.000478
1,0.999999
0,0.000255
1,0.995132
0,0.001907
0,0.056340
0,0.067026
0,0.058787
1,0.999150
0,0.039617
0,0.015803
1,0.996857
0,0.001162
1,0.990989
1,0.997567
0,0.016741
1,0.996196
1,0.531284
0,0.000069
1,0.026056
1,0.982083
1,0.652883
1,0.992621
0,0.694963
0,0.998775
1,0.998696
1,0.990024
0,0.001663
0,0.013922
1,0.960635
0,0.000244
0,0.314924
1,0.999655
1,0.999824
0,0.241920
1,0.974842
1,0.989910
0,0.007329
0,0.000402
1,0.947427
1,0.999623
1,0.894879
0,0.016308
1,0.995906
0,0.000154
0,0.007562
1,0.999362
1,0.995026
0,0.000173
0,0.331094
0,0.000041
0,0.225414
1,0.976794
0,0.002545
0,0.000070
0,0.896202
0,0.006355
0,0.000044
0,0.000078
0,0.000035
0,0.196879
1,0.008730
1,0.502804
1,0.997817
0,0.000199
1,0.999768
0,0.033171
1,0.999888
0,0.002591
1,0.912169
1,0.999999
1,0.803668
1,0.975060
1,0.997959
0,0.096039
0,0.847718
1,0.999436
1,0.999886
1,0.993066
1,0.999553
1,0.999600
1,0.529015
1,0.993689
0,0.001137
1,0.453768
1,0.991382
1,0.999262
1,0.999998
1,0.696533
1,0.909696
0,0.000018
0,0.000329
1,0.999980
1,0.988174
0,0.935133
0,0.003426
1,0.993965
0,0.058306
0,0.115558
0,0.574914
1,0.959892
1,0.959979
0,0.000419
1,0.990395
0,0.000008
0,0.240822
0,0.041880
0,0.084933
0,0.000050
0,0.955636
1,0.995882
0,0.000520
1,0.360435
0,0.200872
1,0.987405
0,0.006860
1,0.012201
1,0.074344
1,0.999134
0,0.001071
1,0.999912
1,0.082384
1,0.523960
1,0.504287
0,0.000002
0,0.022773
1,0.979328
0,0.000664
0,0.001491
1,0.998678
0,0.000553
0,0.000531
1,0.980710
1,0.990806
1,0.999882
1,0.862766
1,0.449895
0,0.979711
1,0.995899
0,0.017557
0,0.163784
0,0.821408
0,0.000024
0,0.517045
1,0.998872
1,0.027841
0,0.019282
0,0.021493
0,0.001835
1,0.977219
0,0.000334
1,0.996368
0,0.000001
0,0.000196
0,0.000633
0,0.000507
1,0.987739
1,0.999146
0,0.000230
1,0.999560
1,0.968592
0,0.000125
1,0.898750
0,0.130708
0,0.014007
1,0.986018
0,0.000321
1,0.983549
1,0.999988
1,0.999959
0,0.032867
1,0.999947
0,0.006269
0,0.004178
1,0.999661
0,0.061938
1,0.758062
0,0.103037
1,0.950533
1,0.733392
0,0.023137
1,0.898064
1,0.917625
0,0.564796
0,0.630381
0,0.756716
0,0.254531
1,0.759017
0,0.000228
1,0.999782
0,0.000137
0,0.000765
1,0.999996
0,0.051958
1,0.696149
1,0.992673
1,0.999999
1,0.998184
0,0.110937
0,0.767438
1,0.999920
1,0.999124
0,0.192409
1,0.999961
1,0.996481
0,0.968225
0,0.002528
0,0.431445
0,0.188889
0,0.003864
0,0.001219
1,0.999882
1,0.716004
0,0.003379
0,0.195997
0,0.016257
0,0.713656
0,0.556627
1,0.999640
0,0.000001
1,0.936064
0,0.001258
1,0.992424
0,0.052618
1,0.999967
1,0.999687
0,0.005749
0,0.300151
1,0.998371
0,0.067593
1,0.990515
0,0.000310
1,0.042819
0,0.001986
1,0.439707
1,0.999647
0,0.057914
1,0.988555
1,0.999998
1,0.999893
0,0.000967
0,0.026517
1,0.991969
0,0.922238
0,0.000229
0,0.059106
1,0.983217
1,0.974815
0,0.000018
0,0.025780
0,0.000169
0,0.022538
1,0.685263
1,0.876315
0,0.388151
1,0.999406
0,0.038373
0,0.837460
1,0.934435
0,0.042635
0,0.000195
0,0.009648
1,0.999381
1,0.998991
0,0.005906
1,0.993211
1,0.993612
1,0.442794
1,0.939309
1,0.999727
0,0.000622
0,0.001590
1,0.999961
0,0.000248
1,0.991433
0,0.102524
0,0.006319
0,0.000203
0,0.134819
0,0.001525
1,0.999470
1,0.999939
1,0.984070
0,0.000080
1,0.999977
0,0.947641
0,0.133359
1,0.999295
1,0.977168
1,0.999912
0,0.008193
1,0.982362
0,0.589347
0,0.000436
1,0.962357
1,0.999771
0,0.004374
1,0.996828
0,0.000043
0,0.002023
1,0.988873
1,0.499864
1,0.995803
0,0.873383
0,0.044786
1,0.284462
0,0.916217
1,0.999229
1,0.999923
0,0.032686
1,0.789161
1,0.636445
1,0.894127
1,0.582006
1,0.993613
0,0.000002
1,0.929761
1,0.413448
1,0.994416
0,0.025526
0,0.851999
0,0.126080
0,0.699600
1,0.755803
1,0.772966
1,0.999608
1,0.164366
0,0.023528
0,0.050000
0,0.094150
0,0.048451
1,0.999991
1,0.999833
1,0.995629
1,0.946078
0,0.000393
0,0.002096
0,0.127364
0,0.000039
0,0.000006
0,0.000010
0,0.004078
0,0.797986
0,0.002737
1,0.999933
1,0.058392
1,0.998894
0,0.009316
1,0.999950
0,0.008207
1,0.999319
1,0.985635
1,0.999991
0,0.856874
1,0.999813
0,0.007953
1,0.999980
0,0.005293
0,0.033695
0,0.004116
1,0.981543
1,0.314113
0,0.024791
0,0.030325
1,0.992254
0,0.038560
0,0.004122
1,0.999804
0,0.753530
1,0.999908
0,0.903401
0,0.020515
0,0.017059
1,0.361294
0,0.299365
0,0.107780
1,0.985961
1,0.971436
0,0.026439
0,0.982397
1,0.998735
1,0.953637
0,0.000015
0,0.006237
0,0.000061
1,0.999560
0,0.000786
1,0.697331
0,0.191753
1,0.722992
1,0.999967
1,0.145184
0,0.006732
1,0.997021
1,0.452339
1,0.835594
0,0.000071
1,0.095839
0,0.000716
1,0.948399
0,0.357098
0,0.001257
1,0.999966
0,0.003160
0,0.000205
0,0.003631
0,0.960469
0,0.988925
1,0.999327
1,0.999968
1,0.933804
0,0.857866
0,0.000003
1,0.913787
1,0.999997
0,0.009978
1,0.998070
0,0.001942
0,0.000056
0,0.001797
1,0.999344
1,0.999967
1,0.999774
1,0.999745
1,0.999918
0,0.063699
1,0.999968
0,0.610421
1,0.991555
1,0.954664
1,0.999258
1,0.978638
1,0.984942
0,0.000633
0,0.002822
0,0.065845
1,0.021098
1,0.999264
0,0.477061
0,0.000005
0,0.433516
1,0.993740
0,0.160640
1,0.994641
0,0.116745
0,0.000455
1,0.996398
1,0.000599
1,0.999380
0,0.969354
0,0.003799
1,0.630649
1,0.999635
1,0.068539
1,0.999577
0,0.000734
0,0.001210
1,0.354446
1,0.952690
1,0.998592
0,0.999439
1,0.026428
0,0.006283
1,0.891397
0,0.047334
0,0.000279
1,0.002959
0,0.001538
1,0.999996
0,0.008048
1,0.904063
0,0.000324
1,0.689044
0,0.006248
0,0.591325
0,0.002736
0,0.001081
1,0.948153
0,0.782830
0,0.024086
0,0.000681
0,0.955919
0,0.651665
1,0.237088
1,0.999987
1,0.999960
1,0.999114
1,0.889163
0,0.012677
0,0.022662
1,0.997365
0,0.000003
0,0.000042
0,0.016788
0,0.017577
0,0.013635
0,0.000276
1,0.400247
0,0.550020
0,0.920443
0,0.034074
1,0.017095
0,0.000383
1,0.983288
0,0.001983
0,0.020599
1,0.806679
0,0.104540
1,0.989494
1,0.982806
1,0.997578
0,0.000026
0,0.027807
1,0.987652
1,0.999033
1,0.989595
1,0.998078
1,0.999063
1,0.996841
0,0.000392
0,0.003404
1,0.360407
0,0.000379
1,0.995875
1,0.999813
1,0.467151
1,0.874096
1,0.974063
0,0.972453
1,0.992085
0,0.011019
0,0.002476
0,0.000057
0,0.955411
1,0.504517
1,0.999892
0,0.000794
1,0.999642
1,0.999981
1,0.996315
1,0.972993
1,0.999789
0,0.000019
0,0.064535
0,0.184921
1,0.999394
0,0.024475
1,0.611539
0,0.357427
0,0.021561
0,0.479928
0,0.000118
1,0.991640
0,0.564247
1,0.997391
1,0.997510
1,0.846798
1,0.999128
1,0.999594
1,0.999101
0,0.021628
0,0.065810
1,0.173795
0,0.071924
0,0.022234
0,0.006278
0,0.007908
0,0.121313
1,0.792532
0,0.063654
0,0.000553
0,0.000129
0,0.000574
1,0.921414
0,0.001197
0,0.001048
1,0.999933
1,0.999967
0,0.000015
0,0.000063
1,0.596128
0,0.012956
0,0.487421
0,0.009547
0,0.001514
1,0.999155
1,0.972130
1,0.108697
1,0.999136
0,0.027911
1,0.966792
1,0.983520
1,0.020244
0,0.001462
1,0.945028
0,0.475872
0,0.000001
1,0.959062
0,0.017249
1,0.968473
0,0.389889
0,0.001106
0,0.136046
0,0.003613
1,0.279285
0,0.001179
0,0.004740
1,0.874025
0,0.012487
0,0.015605
0,0.000003
1,0.999998
1,0.946557
0,0.002263
0,0.001090
1,0.153293
1,0.998383
1,0.987294
1,0.997855
0,0.545610
1,0.999609
0,0.000159
0,0.083757
0,0.025497
0,0.000109
1,0.445498
1,0.984477
0,0.923542
0,0.000532
0,0.000332
1,0.985918
0,0.046674
0,0.029997
1,0.968673
0,0.164025
0,0.035372
1,0.999991
0,0.366788
1,0.999591
0,0.000535
0,0.423380
0,0.351681
1,0.951113
0,0.004985
1,0.985365
1,0.987819
0,0.033706
1,0.994422
0,0.000001
1,0.997311
1,0.969402
0,0.029199
0,0.000001
1,0.999304
1,0.999906
1,0.998106
0,0.000051
0,0.012813
1,0.099355
1,0.980235
1,0.999977
0,0.000013
1,0.996469
0,0.000057
0,0.165358
1,0.978282
0,0.010969
1,0.999966
0,0.004536
0,0.001552
1,0.999607
0,0.238831
0,0.000001
0,0.767975
0,0.002259
1,0.983451
1,0.164478
0,0.000001
1,0.780985
1,0.418583
1,0.962033
0,0.020770
1,0.999111
1,0.816841
1,0.999863
0,0.000644
1,0.992984
1,0.982201
1,0.567473
1,0.741750
0,0.198298
1,0.993294
1,0.982135
0,0.002542
1,0.997459
1,0.999993
1,0.999974
0,0.000316
0,0.000916
0,0.000958
1,0.920154
1,0.999406
0,0.003558
0,0.000467
0,0.053889
0,0.023517
0,0.006528
1,0.997049
1,0.999988
1,0.999973
0,0.127004
0,0.000575
0,0.160466
0,0.000119
0,0.927304
1,0.997543
0,0.023013
0,0.039037
0,0.501100
1,0.988079
1,0.997587
0,0.669725
0,0.343370
1,0.999981
1,0.999656
0,0.749226
0,0.000906
0,0.000954
0,0.371090
1,0.999856
1,0.675950
0,0.001665
1,0.999215
0,0.324448
1,0.639102
1,0.999254
1,0.999918
0,0.001287
0,0.053501
0,0.000649
1,0.937870
0,0.047612
1,0.996837
1,0.968652
0,0.000451
0,0.088958
1,0.999523
0,0.000010
1,0.837820
0,0.000012
0,0.008724
1,0.999577
0,0.026200
1,0.985014
0,0.395666
1,0.401398
0,0.001289
1,0.997478
1,0.999939
1,0.990809
0,0.000173
1,0.996786
1,0.998866
0,0.034820
1,0.999901
0,0.486830
1,0.977157
1,0.956919
1,0.697058
0,0.194266
0,0.010437
1,0.149165
0,0.010167
1,0.947752
1,0.878862
0,0.777038
1,0.995843
1,0.999439
0,0.075350
0,0.001839
1,0.992217
1,0.979481
0,0.014981
0,0.025265
0,0.984943
1,0.993944
0,0.000952
0,0.000070
1,0.999623
1,0.975792
0,0.004902
1,0.998670
0,0.332311
1,0.995262
0,0.000035
0,0.648046
1,0.999771
1,0.999501
0,0.109197
1,0.994349
0,0.005210
1,0.999918
1,0.918626
0,0.035710
1,0.987550
1,0.037202
0,0.017566
0,0.013066
1,0.998445
1,0.902734
1,0.278373
0,0.046230
0,0.061000
1,0.999124
0,0.572463
1,0.999861
1,0.999327
1,0.826986
0,0.650132
0,0.008220
1,0.991875
1,0.994215
0,0.011079
1,0.993259
0,0.140748
0,0.010765
1,0.583143
1,0.995579
1,0.726265
1,0.956979
0,0.075250
0,0.001768
0,0.004748
1,0.689929
0,0.028107
0,0.169960
1,0.999820
1,0.811093
1,0.997835
1,0.998069
1,0.976993
0,0.059086
0,0.000257
0,0.014929
1,0.767428
1,0.999992
0,0.000832
1,0.793181
1,0.999453
0,0.019248
0,0.089371
1,0.959596
0,0.982728
0,0.022058
1,0.975973
0,0.000003
1,0.999554
1,0.999966
0,0.054132
0,0.688908
0,0.000146
1,0.999827
0,0.000749
0,0.998580
1,0.999830
0,0.000114
1,0.857678
1,0.995177
1,0.066231
0,0.136958
1,0.993647
0,0.000029
0,0.005837
0,0.069575
1,0.381910
1,0.848992
1,0.999972
1,0.789178
0,0.000051
0,0.001729
1,0.997325
0,0.000490
0,0.011832
0,0.000957
0,0.000773
1,0.997594
1,0.998987
1,0.975490
0,0.976114
1,0.996413
1,0.987979
0,0.003854
1,0.979907
1,0.997957
0,0.006114
1,0.999480
1,0.999559
0,0.000036
0,0.001347
1,0.428070
0,0.054209
1,0.999963
0,0.002182
1,0.969618
1,0.988658
0,0.043771
1,0.987267
1,0.996596
0,0.702736
1,0.983316
1,0.999635
1,0.999165
1,0.999566
0,0.080219
1,0.281178
0,0.557327
1,0.999964
0,0.000388
1,0.999295
1,0.999999
0,0.182370
0,0.015423
1,0.706611
0,0.000097
1,0.940165
1,0.881389
0,0.131681
0,0.000023
0,0.100318
0,0.000205
0,0.004592
1,0.786332
0,0.129682
1,0.988206
1,0.889713
1,0.999851
1,0.999583
1,0.999809
1,0.999945
0,0.001604
0,0.040548
0,0.153135
1,0.003991
0,0.044742
0,0.828301
0,0.066202
0,0.002472
1,0.068278
1,0.999864
0,0.001475
1,0.999482
1,0.996592
1,0.999919
1,0.852900
1,0.999471
0,0.372653
1,0.996736
0,0.272453
0,0.000726
1,0.987672
1,0.999044
1,0.981840
1,0.999678
0,0.000031
0,0.000115
0,0.011083
0,0.000020
1,0.233479
0,0.435740
1,0.993393
0,0.115601
1,0.998379
0,0.302869
0,0.000495
1,0.999935
0,0.087844
1,0.607486
1,0.880528
0,0.000821
0,0.104386
1,0.999893
0,0.107501
0,0.007632
1,0.999999
0,0.000700
1,0.999701
1,0.990330
0,0.002623
1,0.999738
1,0.997137
0,0.670380
0,0.000639
0,0.000018
0,0.010995
0,0.710815
1,0.630602
1,0.998875
0,0.937482
0,0.009368
0,0.094495
1,0.618504
1,0.999999
0,0.011979
0,0.023287
1,0.847575
0,0.001232
1,0.847789
1,0.999994
0,0.012721
1,0.999191
1,0.130421
1,0.877667
1,0.999729
0,0.000218
0,0.000002
0,0.001179
1,0.993898
1,0.998228
0,0.058461
0,0.000005
1,0.905057
1,0.921111
1,0.976096
0,0.768426
0,0.004133
0,0.000089
1,0.989047
1,0.718213
1,0.752886
0,0.001476
0,0.000123
1,0.999870
1,0.551986
1,0.971711
0,0.003300
0,0.032436
1,0.975156
1,0.999648
0,0.000002
0,0.648045
1,0.999776
1,0.999931
1,0.980260
0,0.063903
1,0.883171
0,0.001339
0,0.000107
1,0.205648
0,0.000720
0,0.004369
1,0.985374
0,0.001036
1,0.801603
0,0.910120
1,0.999821
1,0.992717
1,0.985147
1,0.956842
0,0.829375
0,0.315948
0,0.948337
1,0.999753
1,0.999501
1,0.999991
0,0.041562
1,0.999971
1,0.986166
1,0.473640
1,0.999999
0,0.637662
0,0.000066
0,0.004531
0,0.001052
0,0.000001
0,0.199504
1,0.999977
0,0.229987
0,0.001362
0,0.189773
0,0.000031
0,0.990802
0,0.001381
0,0.007787
0,0.000017
1,0.999880
1,0.965087
1,0.999620
1,0.998409
0,0.000588
1,0.993563
1,0.838318
0,0.002617
0,0.000532
1,0.993340
1,0.973826
1,0.995584
1,0.958966
1,0.997792
1,0.727545
1,0.987935
0,0.805949
1,0.980693
1,0.990027
1,0.999129
1,0.999998
1,0.927160
0,0.000734
0,0.004801
0,0.057607
0,0.620210
1,0.999686
0,0.052650
0,0.000797
0,0.000389
0,0.000126
1,0.999999
1,0.999992
1,0.999328
1,0.999878
1,0.996206
0,0.035036
0,0.003351
0,0.002544
1,0.997215
0,0.040995
0,0.000095
1,0.088328
1,0.998182
1,0.997820
0,0.047621
1,0.737252
1,0.999406
0,0.013497
1,0.992391
0,0.152677
1,0.982059
0,0.014013
0,0.004999
1,0.706446
0,0.000365
0,0.004887
0,0.416331
0,0.000436
1,0.996146
1,0.999950
0,0.025618
0,0.000317
1,0.666464
1,0.999978
0,0.000443
0,0.073499
0,0.028958
1,0.999963
1,0.730928
1,0.982753
1,0.976101
1,0.998058
0,0.002056
1,0.994000
0,0.069727
0,0.000271
0,0.005703
1,0.986628
1,0.991492
1,0.977214
1,0.994332
1,0.738570
1,0.998724
0,0.020494
1,0.466695
1,0.994370
0,0.635700
1,0.766904
0,0.002503
0,0.000060
0,0.478263
0,0.000157
0,0.004823
0,0.018338
0,0.009864
0,0.000050
0,0.000078
1,0.996433
0,0.129227
0,0.000195
0,0.000097
1,0.014214
1,0.999195
0,0.635298
1,0.959164
1,0.983718
1,0.999556
0,0.005433
0,0.985805
1,0.334690
0,0.350567
1,0.942110
1,0.999323
1,0.999302
1,0.999014
1,0.997774
0,0.003136
0,0.000974
1,0.610101
0,0.000099
1,0.808864
0,0.001571
0,0.001841
0,0.001025
1,0.998625
0,0.263021
0,0.013126
0,0.030501
1,0.998437
1,0.913162
0,0.714156
1,0.998829
0,0.000539
1,0.996628
1,0.999665
0,0.001158
1,0.587912
0,0.000345
1,0.947533
1,0.999980
0,0.000133
0,0.320107
0,0.432060
1,0.997254
0,0.494727
1,0.999300
0,0.234156
1,0.999895
1,0.613308
0,0.097115
1,0.999999
0,0.111864
1,0.999491
0,0.000011
1,0.560704
0,0.004394
1,0.997414
0,0.032915
0,0.013444
1,0.999353
0,0.020891
1,0.162233
1,0.999959
1,0.770230
1,0.997322
1,0.999661
1,0.999995
1,0.363735
0,0.000956
0,0.000002
1,0.831696
0,0.035462
1,0.875111
1,0.847210
0,0.861848
1,0.999908
0,0.008122
0,0.000003
1,0.990327
0,0.000063
1,0.405628
0,0.002986
0,0.000040
1,0.999994
1,0.998925
1,0.834055
1,0.982263
0,0.000117
1,0.788102
0,0.039730
0,0.000603
0,0.009292
1,0.784806
0,0.000369
0,0.032275
1,0.999916
0,0.000996
1,0.915370
0,0.874699
1,0.930201
0,0.000307
1,0.999866
0,0.303513
0,0.458794
1,0.994363
1,0.999983
0,0.282133
0,0.000082
0,0.954875
0,0.001189
0,0.002390
1,0.999308
0,0.000209
1,0.999156
0,0.000765
0,0.016896
1,0.778692
0,0.022737
0,0.002735
0,0.000352
0,0.000240
0,0.000031
0,0.001031
0,0.000366
0,0.000072
0,0.000525
1,0.998672
0,0.001882
0,0.997416
1,0.999495
0,0.014152
0,0.002709
1,0.998616
1,0.993005
0,0.003333
0,0.000002
1,0.980280
0,0.000001
1,0.998790
0,0.002402
0,0.038250
1,0.990361
1,0.997977
1,0.999597
0,0.574080
1,0.999705
1,0.999928
0,0.000372
0,0.009807
0,0.000032
0,0.824238
1,0.554111
1,0.875977
0,0.899824
1,0.820694
0,0.017858
0,0.011193
0,0.076719
1,0.999222
1,0.987814
0,0.003455
0,0.003452
1,0.999909
1,0.998957
0,0.002398
1,0.087884
1,0.980897
1,0.845357
1,0.999983
1,0.999737
1,0.959828
1,0.877517
1,0.976484
1,0.999251
1,0.649576
1,0.778876
1,0.063165
1,0.964396
0,0.001986
1,0.999994
0,0.000174
0,0.959198
0,0.243261
0,0.581310
0,0.054557
0,0.000053
0,0.000001
0,0.008700
0,0.002329
1,0.947122
1,0.967366
1,0.996782
0,0.644666
1,0.999668
0,0.000001
0,0.000004
0,0.109882
0,0.000029
1,0.989121
0,0.022100
1,0.999728
1,0.997183
1,0.946349
1,0.990713
0,0.000560
1,0.978822
1,0.164921
0,0.201165
1,0.999915
1,0.991278
1,0.999972
1,0.999935
1,0.999762
1,0.987897
0,0.000875
1,0.098909
0,0.000058
1,0.999985
1,0.999777
1,0.999318
0,0.000020
0,0.024180
0,0.000409
0,0.001647
0,0.010659
1,0.208140
0,0.130732
1,0.581267
0,0.110293
1,0.879938
1,0.977221
0,0.014425
0,0.000016
0,0.089961
1,0.832812
0,0.433588
1,0.978098
0,0.001865
0,0.981790
1,0.986848
1,0.987974
0,0.000142
1,0.983012
0,0.919213
1,0.097501
0,0.083515
0,0.000023
1,0.987575
1,0.986835
1,0.676641
1,0.975430
1,0.999496
0,0.249255
1,0.994853
0,0.003837
0,0.020424
1,0.999807
0,0.010947
1,0.990841
0,0.000550
1,0.999659
1,0.978892
1,0.999749
0,0.045519
0,0.001128
0,0.022502
0,0.965414
0,0.474174
1,0.946391
0,0.051956
1,0.921398
1,0.010154
0,0.000340
0,0.008846
0,0.031747
0,0.466792
0,0.022267
1,0.903259
1,0.999879
1,0.514438
1,0.999362
1,0.999964
1,0.999212
0,0.063752
0,0.000381
1,0.981146
0,0.019985
1,0.995436
1,0.277847
0,0.186487
1,0.815049
0,0.119463
1,0.999999
0,0.032233
1,0.038456
0,0.549461
0,0.437215
1,0.999998
0,0.002266
1,0.968643
1,0.999426
0,0.000001
1,0.999210
0,0.002561
1,0.999922
0,0.042823
0,0.001516
1,0.842824
0,0.000107
1,0.924898
0,0.018797
0,0.000555
1,0.999621
1,0.999651
1,0.997783
0,0.000009
1,0.122495
0,0.372137
1,0.139179
1,0.686640
0,0.000011
0,0.000094
0,0.886444
0,0.447314
1,0.756481
1,0.999957
1,0.999982
1,0.999925
0,0.314900
1,0.963246
1,0.962751
0,0.137371
1,0.999929
1,0.997723
1,0.998196
1,0.950839
1,0.999913
1,0.995183
0,0.000017
0,0.010102
0,0.056451
0,0.575656
0,0.000643
0,0.000282
1,0.988784
1,0.998753
0,0.192585
1,0.978485
0,0.000043
1,0.999999
0,0.650338
1,0.899505
0,0.018021
0,0.296416
0,0.001308
1,0.046500
0,0.000089
0,0.000511
1,0.997941
0,0.307853
0,0.013824
0,0.015954
0,0.000223
0,0.000002
0,0.008747
1,0.999747
0,0.076325
1,0.985860
0,0.189914
1,0.992718
0,0.090139
1,0.992166
1,0.999997
0,0.039988
1,0.999794
1,0.929580
1,0.556132
1,0.950352
0,0.000482
0,0.160642
0,0.989947
1,0.999192
0,0.000005
1,0.978107
0,0.001878
1,0.992199
0,0.044875
1,0.999992
0,0.004095
1,0.958164
1,0.970714
0,0.990158
1,0.999931
1,0.986925
1,0.592685
1,0.878858
0,0.001651
0,0.864853
1,0.895268
1,0.958066
0,0.567699
0,0.052223
1,0.970514
1,0.984692
1,0.955902
1,0.999827
0,0.000070
1,0.561775
1,0.948409
0,0.001336
0,0.008143
1,0.889261
0,0.000151
1,0.985280
0,0.001684
1,0.538148
0,0.254988
1,0.992733
1,0.970751
0,0.001379
1,0.979101
1,0.995118
0,0.005805
1,0.985364
0,0.001843
1,0.999192
1,0.999903
1,0.022414
0,0.000014
1,0.999521
0,0.026430
1,0.950683
0,0.000070
0,0.000027
0,0.074522
1,0.973575
1,0.800441
1,0.995210
0,0.018022
1,0.912382
1,0.999354
0,0.871876
1,0.994193
1,0.996714
1,0.999318
0,0.232690
1,0.935553
0,0.997570
1,0.999403
1,0.428008
1,0.992473
1,0.999903
0,0.008464
1,0.752025
1,0.992786
0,0.000883
0,0.000001
1,0.999203
0,0.935461
0,0.276882
1,0.336224
1,0.998030
1,0.909269
1,0.053035
0,0.061447
1,0.988562
0,0.722761
0,0.650106
1,0.991278
1,0.998986
0,0.012141
1,0.991431
1,0.177392
1,0.935297
1,0.477403
0,0.000375
1,0.999594
1,0.988214
0,0.001025
0,0.000206
1,0.976844
1,0.985814
0,0.217648
0,0.000354
0,0.013555
0,0.000047
0,0.000064
1,0.700730
1,0.749663
1,0.999969
1,0.976030
0,0.005867
1,0.888154
0,0.046336
1,0.966800
1,0.914372
1,0.201165
0,0.001019
0,0.021708
1,0.997406
1,0.922491
0,0.182192
0,0.004760
1,0.999997
0,0.035315
0,0.004803
0,0.028618
0,0.025097
0,0.941507
0,0.027740
1,0.999737
0,0.000205
1,0.999901
0,0.013955
1,0.976995
1,0.936942
1,0.121031
1,0.999092
1,0.980156
1,0.525345
0,0.013939
0,0.016289
1,0.991923
0,0.000378
0,0.000018
1,0.997020
1,0.999952
0,0.002563
1,0.997304
1,0.044621
0,0.251169
0,0.758433
1,0.999951
1,0.999774
0,0.990263
0,0.000607
1,0.985533
0,0.000795
1,0.999995
1,0.997302
1,0.998410
0,0.908324
1,0.932907
0,0.001341
1,0.999991
1,0.999186
1,0.999977
1,0.999704
0,0.238171
1,0.999986
0,0.060473
1,0.646329
1,0.934043
1,0.996524
1,0.997398
1,0.997142
0,0.004079
1,0.999929
0,0.014531
0,0.000004
0,0.567800
0,0.108386
0,0.042732
0,0.045295
0,0.000187
1,0.907828
0,0.000015
0,0.000476
1,0.100369
0,0.901599
0,0.367804
0,0.139901
0,0.174162
1,0.998951
0,0.144670
1,0.995975
1,0.966459
0,0.010633
1,0.119247
1,0.083211
0,0.991639
0,0.302349
1,0.491341
1,0.998901
1,0.999999
0,0.039020
0,0.045055
1,0.999902
1,0.998219
0,0.053439
1,0.997752
1,0.000875
0,0.995628
0,0.007306
1,0.999302
1,0.978333
1,0.998969
0,0.000599
0,0.698832
1,0.999097
0,0.000018
1,0.978888
1,0.960457
1,0.954647
1,0.998996
0,0.010795
1,0.999986
1,0.995436
0,0.000554
0,0.652896
0,0.002339
0,0.001033
0,0.028746
1,0.997184
1,0.997048
1,0.928476
1,0.626647
0,0.059099
1,0.095815
0,0.051561
1,0.112063
0,0.006622
0,0.006046
1,0.488851
1,0.997644
0,0.171581
1,0.999570
1,0.238505
0,0.124060
1,0.999953
0,0.001063
1,0.999510
0,0.911394
1,0.245262
1,0.986991
1,0.999559
1,0.999948
0,0.327878
0,0.004124
1,0.955728
1,0.999695
0,0.026155
0,0.439911
0,0.964697
1,0.986259
1,0.990029
0,0.000003
1,0.935931
1,0.963060
0,0.030522
0,0.000030
1,0.999998
0,0.140327
0,0.020401
0,0.001169
0,0.000052
1,0.566271
1,0.940649
1,0.998813
1,0.999106
0,0.049790
0,0.000086
0,0.009092
0,0.003582
1,0.941164
1,0.517448
0,0.011311
0,0.803036
0,0.008067
1,0.999780
0,0.008158
1,0.984066
0,0.000756
1,0.931535
0,0.007025
1,0.995730
0,0.011117
0,0.000074
0,0.106089
1,0.999987
0,0.030305
0,0.000001
1,0.999839
1,0.999997
1,0.679437
1,0.896342
1,0.922115
0,0.008276
0,0.131628
1,0.991594
0,0.128762
1,0.987823
1,0.997841
0,0.000007
1,0.999931
0,0.100062
1,0.999782
1,0.996209
1,0.972153
0,0.000372
0,0.001001
0,0.147692
0,0.509350
0,0.000035
0,0.000109
0,0.001918
1,0.955945
0,0.379419
1,0.999851
1,0.978519
1,0.999989
0,0.007032
1,0.616357
0,0.000094
1,0.767035
0,0.028779
0,0.051285
0,0.022896
1,0.995500
1,0.996332
1,0.842954
0,0.000288
0,0.000509
1,0.983323
1,0.999907
0,0.980295
0,0.004549
0,0.000025
0,0.000001
1,0.999952
0,0.001884
1,0.992066
0,0.066929
1,0.997255
0,0.000005
1,0.998275
1,0.996495
0,0.000083
0,0.001033
1,0.999630
1,0.997604
1,0.921362
0,0.224444
0,0.024201
1,0.997966
0,0.004356
1,0.999580
0,0.005843
1,0.994054
1,0.974799
1,0.566689
0,0.535412
0,0.000384
1,0.685340
1,0.985483
0,0.000090
0,0.000508
1,0.999999
1,0.971585
0,0.017833
0,0.157168
1,0.995606
0,0.000129
0,0.998432
1,0.274931
0,0.961714
1,0.994779
0,0.000048
0,0.007545
1,0.999213
0,0.058018
0,0.042918
1,0.950148
1,0.999965
0,0.766873
1,0.989867
1,0.976271
0,0.033615
1,0.999992
1,0.030685
0,0.000288
1,0.999977
1,0.999999
1,0.915873
1,0.992876
0,0.611401
0,0.043018
0,0.000051
0,0.001070
1,0.998666
1,0.998025
1,0.950328
0,0.010027
0,0.009383
1,0.974823
1,0.993494
0,0.091304
0,0.000636
0,0.036465
0,0.000781
1,0.440091
1,0.992724
0,0.024649
1,0.798930
0,0.000176
0,0.131337
0,0.001977
1,0.999976
1,0.999862
0,0.094599
0,0.000137
0,0.976730
0,0.010729
0,0.104591
1,0.250694
1,0.115910
0,0.000459
0,0.001987
0,0.008693
1,0.999994
0,0.355436
0,0.999222
1,0.962466
1,0.960640
0,0.210987
1,0.955565
1,0.958125
1,0.998110
1,0.848062
1,0.999207
0,0.008675
1,0.999998
0,0.724569
0,0.001109
0,0.000158
1,0.978049
1,0.999982
0,0.006622
1,0.999995
1,0.999526
0,0.319906
1,0.887907
0,0.042671
1,0.998033
1,0.999909
1,0.999997
1,0.375634
1,0.423205
1,0.615611
0,0.000717
0,0.000109
1,0.999931
1,0.022837
1,0.999993
1,0.999999
1,0.753938
1,0.999972
0,0.590278
1,0.999224
1,0.864994
0,0.003698
0,0.000172
0,0.011744
0,0.000678
1,0.019778
1,0.999321
0,0.030691
1,0.974640
1,0.999728
1,0.048795
0,0.633949
0,0.000009
1,0.113375
0,0.002405
0,0.008737
0,0.854621
1,0.999578
1,0.964145
1,0.999248
1,0.981319
0,0.004218
1,0.999543
1,0.998873
0,0.008296
1,0.060340
1,0.969208
0,0.038343
0,0.299298
1,0.999178
0,0.000535
0,0.035597
1,0.929947
0,0.085863
1,0.990249
1,0.941221
1,0.926943
0,0.008173
0,0.875160
0,0.029212
0,0.435282
1,0.999908
1,0.655494
1,0.993974
0,0.036020
0,0.304677
0,0.001782
1,0.997948
1,0.999165
1,0.299118
1,0.978195
0,0.363157
1,0.937300
1,0.841507
0,0.002682
0,0.100217
0,0.725481
0,0.000096
1,0.999049
1,0.999694
1,0.999544
0,0.000338
0,0.003694
1,0.999775
0,0.796351
0,0.000015
1,0.947372
0,0.002182
1,0.845460
0,0.017314
1,0.817088
0,0.002020
1,0.839178
0,0.002142
0,0.008919
0,0.140351
1,0.582610
1,0.982962
0,0.221829
0,0.001556
0,0.020711
1,0.998338
0,0.149547
0,0.000004
1,0.999834
1,0.999920
1,0.512713
1,0.999246
0,0.998839
1,0.999973
0,0.936528
1,0.912242
0,0.018966
1,0.999973
1,0.851641
1,0.999792
0,0.015225
0,0.000283
0,0.022753
1,0.999887
0,0.131712
0,0.000007
1,0.991678
0,0.135800
0,0.002076
0,0.050563
1,0.861393
0,0.001934
0,0.000418
1,0.206178
0,0.000081
0,0.000040
1,0.994957
1,0.980968
0,0.000152
0,0.000039
1,0.012865
0,0.001202
1,0.935160
0,0.993672
1,0.998980
0,0.000028
0,0.000018
0,0.018658
1,0.105759
0,0.001322
0,0.000010
0,0.021497
1,0.999820
1,0.214989
1,0.966651
0,0.015711
1,0.998545
0,0.011254
0,0.000826
1,0.759283
0,0.163824
1,0.987921
1,0.206568
1,0.982253
1,0.997254
0,0.016557
1,0.989898
0,0.000046
0,0.995926
0,0.000261
0,0.000045
1,0.355513
1,0.607055
0,0.059084
0,0.001591
0,0.001814
0,0.806803
0,0.999424
0,0.000275
1,0.398800
1,0.999849
1,0.997507
1,0.038162
1,0.717606
1,0.999994
0,0.193455
0,0.002749
0,0.019482
1,0.981145
1,0.808493
0,0.068026
1,0.997109
1,0.995872
1,0.993309
1,0.223155
0,0.292896
1,0.983180
1,0.999998
0,0.131183
0,0.038989
1,0.005705
1,0.762513
0,0.771671
0,0.007308
1,0.997004
0,0.058988
0,0.310634
0,0.003572
1,0.875848
1,0.999930
1,0.982891
0,0.000501
0,0.003622
0,0.001167
0,0.207330
1,0.073194
1,0.999869
0,0.000772
1,0.999992
0,0.007800
1,0.572586
1,0.998147
0,0.001301
0,0.000203
0,0.994826
0,0.323656
0,0.722475
1,0.904672
0,0.040184
1,0.637744
0,0.050341
1,0.926138
0,0.011355
0,0.002284
1,0.999781
1,0.993476
0,0.000966
1,0.998964
1,0.958753
1,0.996105
1,0.710398
1,0.947697
0,0.388218
0,0.061091
0,0.000030
1,0.992767
0,0.009680
0,0.000718
0,0.126782
0,0.001890
1,0.995994
1,0.394426
1,0.997695
0,0.000065
0,0.000001
0,0.006295
0,0.000008
1,0.982380
0,0.013665
1,0.998089
0,0.009785
0,0.901763
1,0.849172
0,0.000001
1,0.985416
0,0.002757
1,0.999977
1,0.998741
1,0.999983
0,0.007582
1,0.998898
0,0.006931
1,0.999350
0,0.004876
1,0.999908
0,0.039579
1,0.999961
0,0.918293
0,0.000808
0,0.002627
0,0.020980
0,0.000074
0,0.000041
1,0.988420
0,0.000561
0,0.001343
0,0.667852
0,0.001500
0,0.000017
1,0.005367
0,0.001351
1,0.746031
1,0.485183
1,0.020651
0,0.783772
1,0.999970
1,0.358961
1,0.911642
1,0.995634
0,0.001530
0,0.010422
1,0.996225
1,0.999958
0,0.000001
0,0.000030
1,0.999919
1,0.860942
0,0.007099
1,0.996257
0,0.020913
1,0.340481
0,0.621313
0,0.001428
0,0.014643
1,0.889179
1,0.989283
0,0.144677
1,0.997363
1,0.832319
0,0.006011
1,0.999873
1,0.999884
1,0.999890
0,0.002830
1,0.564960
0,0.192196
0,0.002010
1,0.999901
1,0.999959
0,0.005146
0,0.558895
0,0.005898
1,0.995918
1,0.995265
1,0.969621
1,0.999993
1,0.730571
1,0.960938
0,0.667006
0,0.011148
0,0.001277
0,0.030982
1,0.999249
0,0.011623
1,0.903185
0,0.009563
0,0.000070
1,0.042300
0,0.007597
1,0.999910
1,0.979197
1,0.999888
1,0.999348
0,0.003885
1,0.996534
0,0.000004
0,0.000249
0,0.013629
0,0.103190
0,0.300192
1,0.997751
1,0.999832
1,0.991057
0,0.027429
1,0.101294
1,0.999847
0,0.976910
1,0.999667
1,0.654840
0,0.095703
0,0.020829
1,0.998986
1,0.994577
0,0.000215
0,0.887871
0,0.000989
0,0.338202
0,0.064253
0,0.891708
1,0.998207
0,0.934097
0,0.009425
1,0.890860
1,0.999187
1,0.999936
1,0.999997
1,0.295271
0,0.000137
0,0.000822
0,0.008098
1,0.996914
1,0.996448
1,0.737893
0,0.519511
0,0.004229
1,0.974653
1,0.962343
0,0.450765
1,0.099768
0,0.000152
0,0.000027
1,0.913517
1,0.862952
0,0.004201
0,0.035676
0,0.036329
0,0.451268
0,0.001501
1,0.294248
0,0.000334
1,0.983340
0,0.605036
1,0.053992
0,0.012208
1,0.988355
0,0.158817
0,0.000075
1,0.999988
1,0.987547
0,0.093489
0,0.001154
1,0.988583
1,0.943047
1,0.998887
0,0.000071
1,0.925538
1,0.940220
0,0.013844
1,0.999370
1,0.999231
1,0.973827
1,0.223101
1,0.799781
1,0.999834
0,0.020469
0,0.087109
0,0.133800
0,0.926609
0,0.013230
0,0.001531
1,0.224713
0,0.000016
1,0.998962
0,0.000338
1,0.404082
0,0.000005
1,0.999999
1,0.949840
1,0.216179
1,0.946381
0,0.197518
1,0.999999
0,0.000051
1,0.756359
1,0.013258
1,0.988844
1,0.999062
0,0.488809
0,0.918541
0,0.005793
0,0.000017
1,0.999679
1,0.248139
1,0.870571
1,0.999082
0,0.938243
0,0.138997
0,0.000317
1,0.999083
1,0.999233
0,0.003405
0,0.000030
0,0.000002
1,0.973357
0,0.000703
1,0.901222
1,0.999533
1,0.489938
1,0.995993
0,0.187584
1,0.997190
0,0.029522
0,0.000170
0,0.004595
0,0.000282
0,0.000024
0,0.000170
0,0.000596
1,0.994281
1,0.999373
0,0.003879
1,0.999999
0,0.004654
1,0.999999
0,0.000331
0,0.130916
0,0.000380
0,0.818464
1,0.991741
0,0.000118
1,0.995400
1,0.999996
1,0.999974
1,0.969899
1,0.998406
0,0.002480
1,0.981820
0,0.023042
1,0.068520
1,0.882331
1,0.999998
0,0.967803
0,0.000003
0,0.000113
0,0.009115
1,0.990719
1,0.536512
1,0.999642
0,0.003789
1,0.972025
1,0.940741
0,0.085928
1,0.999960
0,0.109129
1,0.980698
0,0.303412
1,0.998831
0,0.003412
0,0.302218
1,0.999986
0,0.247442
0,0.002471
1,0.996679
0,0.000608
0,0.003781
1,0.999151
0,0.005320
1,0.965341
0,0.000008
1,0.999977
0,0.000357
1,0.969759
0,0.000004
0,0.000065
1,0.672797
1,0.997349
0,0.000214
0,0.998365
0,0.000335
0,0.997302
0,0.025813
0,0.826969
1,0.991243
1,0.999948
0,0.000774
0,0.088370
1,0.997647
0,0.004310
1,0.999610
1,0.702844
1,0.714150
1,0.233537
1,0.999264
1,0.889543
0,0.003852
1,0.369144
1,0.999988
0,0.362114
1,0.999919
1,0.910561
1,0.977631
1,0.999355
1,0.999679
1,0.825321
1,0.081610
0,0.965701
0,0.230735
1,0.959705
0,0.000022
0,0.010236
0,0.116793
0,0.133034
0,0.000025
0,0.000510
0,0.380464
0,0.000159
0,0.000523
0,0.026184
1,0.997108
1,0.873113
1,0.998227
0,0.976909
0,0.000084
0,0.968923
0,0.005115
0,0.022122
0,0.000183
0,0.014107
0,0.044494
1,0.996499
1,0.019132
0,0.000342
0,0.007346
0,0.000002
0,0.012365
0,0.048566
1,0.999699
1,0.996427
1,0.999113
1,0.920210
1,0.502321
0,0.007686
1,0.998541
0,0.000366
0,0.034755
0,0.000011
1,0.987132
1,0.150573
1,0.535406
0,0.000029
1,0.613519
0,0.896403
0,0.000002
0,0.006110
0,0.000189
0,0.000036
1,0.415317
0,0.000110
0,0.013647
1,0.903242
1,0.854258
0,0.003939
0,0.001125
0,0.718350
0,0.077947
1,0.979251
1,0.993419
1,0.995376
0,0.000072
0,0.004714
0,0.005440
1,0.839923
0,0.005224
0,0.141982
1,0.790875
0,0.000867
1,0.997347
1,0.996887
0,0.000286
1,0.999952
1,0.999924
0,0.000026
1,0.315711
1,0.987040
0,0.004369
1,0.998150
0,0.001028
0,0.006014
0,0.000005
1,0.097242
1,0.998697
1,0.904570
0,0.009630
0,0.000989
1,0.999873
0,0.099351
1,0.263701
0,0.027378
1,0.999631
0,0.140569
0,0.854097
1,0.166465
0,0.003442
0,0.000022
1,0.990878
0,0.000007
0,0.000091
0,0.033035
1,0.758720
1,0.629231
1,0.960316
0,0.006158
0,0.000119
1,0.994061
0,0.012235
1,0.474529
0,0.016471
1,0.994117
0,0.017942
1,0.999966
1,0.883916
1,0.000090
0,0.800054
0,0.919026
0,0.000052
1,0.976162
1,0.999897
1,0.845936
0,0.054421
0,0.000004
1,0.998568
1,0.865521
1,0.997216
1,0.998349
1,0.855379
0,0.013388
1,0.017762
0,0.582595
1,0.455731
0,0.024002
0,0.004528
1,0.999488
1,0.993028
1,0.971773
1,0.936719
0,0.002543
1,0.999958
0,0.005342
0,0.002174
0,0.699919
1,0.999915
0,0.000853
0,0.042064
0,0.008041
1,0.699238
1,0.690717
1,0.991698
1,0.047248
1,0.939661
1,0.995189
0,0.000041
1,0.999999
1,0.736543
0,0.000652
1,0.793954
0,0.000033
1,0.999954
0,0.000465
1,0.312782
1,0.226385
1,0.999683
0,0.332628
0,0.011676
1,0.998819
1,0.836430
0,0.016633
1,0.679594
0,0.017220
1,0.999206
1,0.999950
0,0.000460
1,0.999881
1,0.871879
0,0.000159
0,0.036625
1,0.999776
0,0.007493
1,0.936123
0,0.000257
1,0.999877
1,0.995875
1,0.978361
0,0.003695
0,0.000133
1,0.990291
0,0.597042
0,0.010035
0,0.064931
1,0.036944
0,0.015885
0,0.199173
1,0.999814
0,0.182295
0,0.000015
1,0.961136
1,0.999856
0,0.000241
0,0.002321
0,0.083175
1,0.999901
0,0.001431
1,0.999480
1,0.997100
0,0.038504
1,0.959439
1,0.475625
1,0.985485
0,0.002042
0,0.553606
1,0.131633
1,0.999229
0,0.000561
0,0.030627
0,0.000001
1,0.996132
0,0.099836
0,0.000426
0,0.019909
0,0.026414
0,0.007576
1,0.997783
1,0.927393
0,0.026883
0,0.003837
0,0.071375
1,0.999996
0,0.115250
1,0.212962
0,0.001634
1,0.826171
1,0.995823
0,0.001288
0,0.119107
1,0.999959
1,0.999480
1,0.944848
1,0.859534
0,0.244254
0,0.189683
0,0.942029
1,0.999373
1,0.850503
0,0.021645
0,0.061230
1,0.955068
0,0.242719
0,0.090408
1,0.999943
0,0.650356
1,0.731577
0,0.000041
0,0.000014
0,0.003049
0,0.319616
0,0.000478
0,0.850346
0,0.000167
1,0.999996
0,0.001821
0,0.000315
1,0.998435
1,0.692841
0,0.000071
0,0.000692
0,0.067456
0,0.001334
0,0.000718
0,0.055605
0,0.050825
0,0.034071
1,0.999280
0,0.937837
0,0.000001
0,0.000051
0,0.000268
1,0.999394
1,0.994590
1,0.990812
0,0.318699
0,0.001355
1,0.179045
0,0.613676
0,0.001220
1,0.946115
1,0.259534
0,0.405621
0,0.000018
1,0.988223
0,0.134674
0,0.483727
0,0.088082
0,0.987425
1,0.170097
0,0.534231
0,0.934900
0,0.000982
1,0.999232
1,0.078176
0,0.000907
0,0.085668
0,0.000730
0,0.000010
0,0.009196
0,0.296298
1,0.996810
0,0.000002
1,0.888681
0,0.014219
1,0.999964
1,0.978110
0,0.000124
0,0.000207
1,0.999999
0,0.267433
0,0.000198
1,0.995218
0,0.838378
1,0.949617
0,0.162505
0,0.006020
1,0.977972
0,0.942598
1,0.999914
1,0.999663
0,0.000080
1,0.949579
1,0.999918
1,0.991034
0,0.004308
1,0.990385
0,0.970421
0,0.021888
0,0.000831
0,0.028997
1,0.999884
0,0.011567
0,0.003989
0,0.000006
1,0.992669
1,0.190051
0,0.000773
1,0.912802
0,0.062248
0,0.155097
1,0.008883
0,0.002025
0,0.000084
1,0.058509
0,0.026914
1,0.073300
1,0.857330
0,0.003148
1,0.899437
1,0.999964
1,0.831121
0,0.006845
0,0.003925
0,0.003580
0,0.000043
1,0.999789
1,0.534820
0,0.079013
0,0.852096
0,0.018799
1,0.998446
1,0.508198
0,0.016627
1,0.997899
1,0.997917
0,0.971101
1,0.997929
1,0.958304
1,0.988321
0,0.001787
1,0.998463
1,0.999703
1,0.900121
1,0.343186
0,0.857030
0,0.000015
0,0.000432
0,0.536092
0,0.025986
0,0.177153
1,0.999918
1,0.277476
0,0.010093
0,0.816645
1,0.992620
0,0.142146
0,0.000025
0,0.004454
1,0.967225
1,0.999999
0,0.001568
1,0.999998
1,0.999999
1,0.999326
1,0.853630
1,0.951909
1,0.999993
0,0.014870
0,0.000149
0,0.002409
0,0.174435
1,0.965928
0,0.012990
1,0.998094
1,0.999997
1,0.192282
1,0.999788
1,0.998586
0,0.142796
1,0.991862
0,0.009407
0,0.996483
1,0.930554
0,0.033548
1,0.999586
0,0.000015
0,0.996862
1,0.996812
0,0.024352
1,0.999502
0,0.000170
1,0.995834
0,0.024120
0,0.001709
0,0.000122
1,0.028533
0,0.005234
0,0.000202
1,0.999997
0,0.000726
1,0.927830
0,0.094779
1,0.998370
0,0.000006
1,0.892332
0,0.001149
1,0.963249
1,0.253127
1,0.465982
0,0.000002
0,0.006915
0,0.020040
0,0.002965
0,0.020143
1,0.994343
1,0.998564
1,0.465129
1,0.998886
0,0.044393
1,0.995919
1,0.993821
0,0.247882
1,0.998910
0,0.368848
1,0.999182
1,0.948607
0,0.022472
0,0.903659
1,0.981225
0,0.863570
1,0.991657
1,0.999656
1,0.999992
1,0.999862
0,0.425593
1,0.994792
1,0.999903
0,0.000025
1,0.999948
1,0.772768
0,0.006377
0,0.000051
0,0.863507
0,0.025851
1,0.999893
1,0.391317
0,0.000572
1,0.981615
1,0.999994
1,0.998168
0,0.293625
0,0.738234
0,0.060489
0,0.932563
1,0.981578
1,0.999263
0,0.000366
1,0.998750
0,0.514142
0,0.898898
1,0.998560
0,0.003560
0,0.000330
1,0.912250
0,0.001779
0,0.035914
1,0.817537
0,0.177013
0,0.063659
0,0.004297
0,0.000003
0,0.000318
1,0.927071
0,0.003321
0,0.000023
1,0.998821
1,0.999985
1,0.977422
0,0.042002
1,0.862360
0,0.926045
0,0.062176
1,0.996720
0,0.008602
0,0.001214
0,0.001624
0,0.000015
0,0.520657
0,0.045197
1,0.937560
1,0.999923
1,0.396134
1,0.600220
0,0.023148
0,0.000068
1,0.992486
1,0.963900
0,0.002002
0,0.003344
1,0.999613
1,0.104585
0,0.001124
0,0.671854
0,0.000010
0,0.000537
0,0.005130
0,0.001426
1,0.999959
1,0.999730
0,0.000190
1,0.491045
0,0.010125
1,0.999208
0,0.000211
1,0.999993
1,0.986219
0,0.001595
1,0.999756
1,0.505436
1,0.997297
1,0.491952
1,0.997889
1,0.992405
1,0.999889
0,0.822485
1,0.999883
1,0.256875
1,0.995713
1,0.999290
0,0.002124
1,0.522547
0,0.047484
0,0.010231
1,0.997764
0,0.001656
0,0.959206
0,0.006787
0,0.000056
0,0.155095
0,0.016884
0,0.783668
0,0.095960
0,0.005316
1,0.283539
1,0.999198
0,0.031139
1,0.999748
1,0.972438
1,0.999999
0,0.000176
1,0.041950
0,0.002490
0,0.000509
1,0.530415
1,0.999308
0,0.001183
0,0.000121
1,0.277527
1,0.714166
1,0.997418
0,0.012522
1,0.996616
0,0.071979
0,0.024419
0,0.000205
1,0.999300
1,0.996528
1,0.999876
1,0.998725
0,0.271716
0,0.001627
1,0.938912
0,0.000005
1,0.998424
0,0.977173
1,0.843074
0,0.082091
1,0.998918
0,0.001238
1,0.695189
1,0.952999
1,0.999943
1,0.987013
0,0.099624
0,0.023092
0,0.000684
0,0.000296
1,0.963808
1,0.946701
0,0.000004
0,0.022691
1,0.999558
1,0.996028
1,0.989997
1,0.878153
0,0.003395
0,0.057623
0,0.002490
0,0.033526
0,0.026820
1,0.999997
1,0.999886
0,0.029541
1,0.999362
0,0.002473
1,0.999720
0,0.000008
0,0.000286
0,0.000179
0,0.025276
0,0.000002
0,0.035757
0,0.470925
0,0.088829
1,0.999996
0,0.000206
1,0.993155
0,0.002393
1,0.999609
0,0.134459
0,0.059875
0,0.000148
1,0.969038
0,0.626424
0,0.053205
1,0.999791
1,0.995719
0,0.017236
0,0.000001
0,0.789955
0,0.000292
1,0.999936
1,0.972936
1,0.999970
1,0.999748
0,0.049833
0,0.519589
0,0.000014
0,0.000001
0,0.028602
0,0.004176
0,0.207419
0,0.000018
0,0.002021
0,0.408739
1,0.998847
0,0.019285
1,0.999804
0,0.000062
1,0.959645
1,0.709008
1,0.933876
1,0.989879
0,0.000410
0,0.039738
0,0.049810
0,0.008478
0,0.946174
0,0.000007
0,0.963376
0,0.003098
1,0.999642
0,0.002867
1,0.893707
1,0.989954
0,0.008954
0,0.001933
0,0.000199
1,0.998290
1,0.999979
0,0.163184
0,0.223291
0,0.000237
0,0.000394
1,0.999951
0,0.336005
0,0.000091
0,0.000312
0,0.070766
1,0.999601
0,0.000001
1,0.989143
0,0.185683
0,0.617238
0,0.002145
0,0.000280
1,0.994824
1,0.995928
0,0.000112
0,0.981124
0,0.000557
1,0.284185
1,0.999723
0,0.040614
1,0.650663
1,0.998437
1,0.982450
0,0.881990
0,0.000003
1,0.869716
0,0.002060
1,0.003897
1,0.947533
0,0.010607
0,0.000670
1,0.999987
0,0.008989
0,0.258516
1,0.998637
0,0.028132
0,0.000978
1,0.975783
0,0.752445
1,0.563700
1,0.805303
1,0.996505
1,0.999843
0,0.000237
1,0.939363
1,0.972193
0,0.000151
0,0.002388
1,0.999665
1,0.996402
0,0.000028
1,0.999617
0,0.137721
1,0.999997
1,0.999991
1,0.999945
1,0.999509
1,0.999061
0,0.012557
1,0.999884
1,0.997873
0,0.418138
0,0.000001
0,0.011300
0,0.001576
0,0.000018
0,0.088177
0,0.249508
0,0.221339
1,0.999949
1,0.998502
0,0.000044
1,0.999304
1,0.999180
1,0.999994
1,0.999696
1,0.993082
0,0.000290
0,0.003920
0,0.001390
1,0.976031
1,0.999971
1,0.964759
1,0.423266
1,0.901522
0,0.015936
0,0.095725
0,0.981143
1,0.999866
1,0.995210
0,0.152968
0,0.304450
1,0.984477
0,0.024221
1,0.995472
0,0.017891
1,0.513305
0,0.001376
1,0.995194
0,0.036485
0,0.159066
1,0.999973
1,0.908896
0,0.000014
0,0.005269
1,0.994033
0,0.048884
0,0.000019
0,0.010524
0,0.305438
0,0.003797
1,0.948455
1,0.886560
1,0.969523
0,0.000721
0,0.042182
1,0.999873
1,0.766640
0,0.985450
1,0.502006
1,0.685665
1,0.998097
1,0.999703
0,0.003835
0,0.000187
1,0.941753
0,0.022711
0,0.000014
0,0.025823
1,0.908251
1,0.999945
1,0.303913
1,0.994041
1,0.085327
1,0.993713
0,0.086922
1,0.997802
1,0.744842
0,0.000481
0,0.119450
1,0.996576
0,0.000030
1,0.956493
1,0.850784
1,0.404237
1,0.986682
0,0.000131
0,0.009861
0,0.000017
1,0.999027
0,0.000461
0,0.000889
0,0.524643
0,0.013856
0,0.000005
1,0.999500
0,0.000001
0,0.017341
0,0.000080
0,0.000864
1,0.904628
0,0.054063
1,0.992237
0,0.001173
0,0.032953
1,0.983879
1,0.999901
1,0.001865
1,0.684365
1,0.478883
0,0.565232
1,0.999773
0,0.767071
1,0.999857
1,0.990763
0,0.995617
1,0.999631
1,0.368836
1,0.795442
0,0.590473
1,0.999997
1,0.999591
1,0.451892
1,0.992692
1,0.999953
0,0.336131
0,0.002515
1,0.999995
1,0.998629
1,0.042049
0,0.012079
1,0.995170
1,0.142387
1,0.999996
1,0.990389
1,0.996908
1,0.991894
0,0.000160
0,0.003346
0,0.018944
0,0.306946
1,0.998508
1,0.999960
0,0.008682
1,0.987785
1,0.982685
1,0.976947
1,0.921019
0,0.692757
1,0.794867
0,0.002410
1,0.999978
0,0.004193
0,0.478974
1,0.999585
1,0.999508
0,0.000301
0,0.139238
0,0.047077
1,0.996157
0,0.000247
1,0.999992
1,0.999435
0,0.001093
1,0.990202
1,0.966276
0,0.001233
1,0.999997
0,0.601663
0,0.513019
1,0.997181
0,0.000035
1,0.995905
0,0.998637
0,0.001666
0,0.014232
1,0.844308
1,0.999796
1,0.075327
1,0.999976
1,0.509253
1,0.552031
1,0.998112
1,0.985813
0,0.949008
0,0.002727
1,0.999904
1,0.962403
1,0.999879
1,0.999178
1,0.405176
1,0.029977
0,0.002774
1,0.999994
0,0.000540
1,0.936245
1,0.999990
1,0.819583
1,0.999615
1,0.999998
0,0.012198
1,0.991894
0,0.099796
1,0.999741
1,0.999432
1,0.948880
0,0.001499
0,0.088799
1,0.833094
0,0.093303
0,0.001668
0,0.003478
0,0.050150
0,0.000054
0,0.000013
1,0.998400
1,0.981875
0,0.002116
0,0.000241
0,0.013518
1,0.331575
0,0.000047
1,0.330399
1,0.988620
0,0.956890
1,0.639188
1,0.998828
0,0.026812
0,0.000307
0,0.001527
0,0.082703
0,0.448806
0,0.006462
0,0.000220
1,0.819907
0,0.000343
0,0.998036
1,0.986205
0,0.003100
0,0.000007
1,0.998391
0,0.838086
0,0.000271
1,0.999996
1,0.994018
1,0.162311
0,0.361061
0,0.024824
1,0.723319
1,0.999998
0,0.018402
1,0.798143
0,0.241204
0,0.000330
1,0.999525
0,0.021959
1,0.999864
1,0.999953
0,0.020961
1,0.997780
1,0.703881
0,0.008393
0,0.000129
1,0.958948
0,0.001302
1,0.995553
1,0.997788
1,0.817629
1,0.995510
0,0.000008
1,0.925625
1,0.990506
0,0.108671
1,0.997344
1,0.946930
1,0.995028
1,0.999414
0,0.162191
0,0.288896
0,0.001348
1,0.958096
1,0.315191
1,0.999922
0,0.997668
1,0.975718
1,0.968180
1,0.773676
0,0.930696
1,0.950375
1,0.454169
0,0.217696
0,0.000672
1,0.854484
0,0.000003
0,0.114133
0,0.318959
1,0.977093
0,0.001257
0,0.004805
1,0.999745
0,0.000409
0,0.000929
0,0.009088
1,0.845165
1,0.952757
0,0.000002
0,0.072929
0,0.008482
0,0.886623
0,0.000028
1,0.963959
0,0.000039
0,0.000724
1,0.987495
1,0.686906
1,0.990160
0,0.000051
1,0.999991
0,0.000130
0,0.018527
0,0.000145
1,0.886469
1,0.994359
0,0.369481
1,0.641255
1,0.999990
1,0.808099
0,0.328424
1,0.994429
1,0.967374
0,0.270869
0,0.000004
0,0.626052
1,0.808765
0,0.001210
0,0.951040
0,0.001441
0,0.000008
0,0.053215
0,0.000624
1,0.360754
0,0.000049
1,0.934050
0,0.855161
0,0.030360
0,0.228142
1,0.999620
0,0.001490
0,0.170567
1,0.995996
0,0.005741
0,0.147888
0,0.000158
1,0.996366
0,0.028215
0,0.000229
0,0.099031
0,0.020193
1,0.999932
1,0.999998
1,0.937843
0,0.000512
0,0.000336
1,0.992844
0,0.000001
0,0.945982
0,0.001506
0,0.971905
0,0.000614
0,0.278771
0,0.393515
0,0.044639
0,0.000044
1,0.050607
0,0.437951
1,0.998551
0,0.052816
1,0.999994
0,0.009168
1,0.999877
1,0.999541
1,0.999464
0,0.022859
0,0.000016
0,0.008652
1,0.999393
0,0.291501
0,0.374589
1,0.512448
1,0.999986
0,0.000006
0,0.057838
1,0.740300
0,0.000405
1,0.999977
1,0.756718
1,0.646907
1,0.986518
1,0.999789
0,0.003155
1,0.402430
1,0.791599
1,0.935837
0,0.003789
1,0.999980
1,0.994100
0,0.123062
1,0.783033
0,0.000053
0,0.051623
1,0.987245
0,0.002158
0,0.000249
1,0.661011
0,0.036140
1,0.999959
0,0.032950
1,0.999886
0,0.001208
1,0.999863
0,0.005129
0,0.009815
0,0.134780
1,0.259019
0,0.000236
0,0.135333
0,0.163943
1,0.999998
0,0.099292
0,0.017144
1,0.999463
1,0.950235
0,0.709876
1,0.999985
1,0.000853
0,0.000009
0,0.001180
0,0.000183
1,0.999233
1,0.690794
0,0.015067
1,0.996888
0,0.455863
1,0.999083
1,0.974975
0,0.550215
1,0.999180
1,0.978036
1,0.998149
1,0.999030
0,0.016358
0,0.063960
1,0.132405
1,0.814069
0,0.000094
0,0.008756
1,0.592977
1,0.998131
1,0.941588
0,0.000019
0,0.332183
1,0.989081
0,0.003836
1,0.984026
1,0.992398
1,0.233631
1,0.997930
0,0.021168
0,0.000028
1,0.997974
1,0.999968
0,0.006258
0,0.000885
1,0.999966
0,0.733218
1,0.640449
1,0.980103
0,0.005693
1,0.537906
0,0.006839
0,0.035298
1,0.744914
0,0.000006
1,0.981062
0,0.539186
0,0.009678
0,0.000001
0,0.024089
0,0.000017
0,0.000420
0,0.126412
1,0.963783
0,0.093568
0,0.000002
0,0.008516
1,0.992364
1,0.980519
1,0.999456
1,0.999995
0,0.480413
0,0.002307
0,0.034107
1,0.995073
1,0.999982
0,0.000002
1,0.998458
0,0.007674
0,0.000033
0,0.002319
1,0.999956
0,0.000600
1,0.929503
1,0.954628
0,0.042587
1,0.999999
0,0.043954
1,0.999973
0,0.022078
1,0.869088
1,0.719925
1,0.979650
0,0.000056
0,0.008198
0,0.347705
0,0.015439
0,0.055943
1,0.925014
0,0.000020
0,0.000086
1,0.999947
1,0.999495
0,0.030615
1,0.995897
0,0.350303
0,0.218146
1,0.971871
1,0.982121
1,0.999905
1,0.005784
0,0.001257
1,0.999999
0,0.016409
1,0.999996
1,0.945267
0,0.014847
0,0.000522
1,0.999769
0,0.011224
1,0.999943
1,0.990975
1,0.999677
0,0.000070
1,0.187008
0,0.000358
0,0.001298
1,0.999997
1,0.853029
0,0.000126
1,0.972317
0,0.019837
0,0.000001
0,0.000004
1,0.118498
1,0.813744
1,0.990107
1,0.998964
1,0.778241
0,0.012789
0,0.000401
0,0.900210
0,0.000885
0,0.000001
0,0.000050
0,0.102612
1,0.996160
1,0.802107
1,0.995007
1,0.999646
0,0.421413
0,0.000107
1,0.999661
1,0.999627
0,0.747472
1,0.999510
0,0.000010
1,0.142507
1,0.995305
0,0.001065
0,0.018795
0,0.001969
0,0.041396
1,0.998845
1,0.996238
0,0.014702
1,0.349090
0,0.013263
1,0.996551
0,0.068948
1,0.983567
1,0.994405
1,0.999491
0,0.000114
0,0.061709
0,0.096630
1,0.998306
0,0.000168
1,0.999839
0,0.023561
1,0.538773
0,0.000928
0,0.000033
0,0.919647
0,0.000673
1,0.486267
1,0.931497
1,0.000912
1,0.712611
1,0.999898
0,0.023823
0,0.000127
1,0.049482
0,0.142034
0,0.928066
1,0.997787
0,0.000056
0,0.136394
0,0.079079
1,0.998504
0,0.646815
0,0.032214
0,0.005572
0,0.010897
1,0.995905
0,0.000051
1,0.995400
1,0.081469
0,0.001307
0,0.084934
0,0.002146
0,0.000677
1,0.996201
0,0.003874
1,0.983512
1,0.999936
1,0.999846
0,0.000001
0,0.930775
1,0.998962
0,0.000137
1,0.999986
0,0.000036
1,0.893747
0,0.000021
0,0.819920
1,0.999985
0,0.000198
1,0.991971
0,0.000107
0,0.000003
1,0.998625
0,0.201142
1,0.881702
1,0.999618
0,0.003247
0,0.895642
1,0.998149
1,0.460156
0,0.004875
0,0.810563
1,0.969076
1,0.951942
0,0.000290
1,0.999902
0,0.000858
0,0.000868
1,0.999407
1,0.901073
1,0.908842
1,0.912497
1,0.999949
1,0.944193
0,0.064622
0,0.006311
0,0.000079
1,0.931542
1,0.998782
1,0.996665
0,0.038763
1,0.999805
0,0.001360
1,0.993142
1,0.999326
0,0.000262
0,0.002695
0,0.153188
0,0.000836
0,0.000745
0,0.000268
1,0.998336
0,0.437375
1,0.918866
1,0.837397
0,0.000059
1,0.911856
1,0.999785
1,0.999980
1,0.572949
1,0.934088
0,0.000127
1,0.990487
1,0.989954
1,0.984370
1,0.991041
1,0.999928
1,0.925917
0,0.000018
0,0.011296
1,0.653528
0,0.000027
1,0.965430
1,0.999376
1,0.987411
1,0.308421
1,0.999923
1,0.999932
1,0.999978
1,0.957537
1,0.977891
1,0.994907
0,0.024448
1,0.981715
1,0.945843
0,0.005807
0,0.000039
1,0.998955
1,0.471000
1,0.475569
0,0.999285
0,0.090508
0,0.704654
0,0.014597
0,0.000004
0,0.012785
0,0.000001
1,0.999305
1,0.999989
1,0.995285
0,0.000001
0,0.270343
1,0.635955
0,0.147889
0,0.689726
1,0.999993
1,0.999933
0,0.221857
1,0.997736
1,0.996985
1,0.999874
0,0.009641
0,0.562045
1,0.665792
0,0.026245
0,0.396317
1,0.999999
0,0.042518
1,0.747753
0,0.039245
0,0.056159
0,0.000044
0,0.003047
1,0.624291
1,0.984260
0,0.000598
0,0.217611
0,0.042161
0,0.019922
0,0.000681
1,0.815605
0,0.000002
1,0.922383
0,0.187065
1,0.999142
1,0.999990
1,0.999660
0,0.012241
1,0.922425
1,0.980778
1,0.026351
1,0.995875
1,0.999957
0,0.034840
1,0.983610
0,0.008788
0,0.957622
0,0.000006
0,0.004088
1,0.922470
1,0.849056
1,0.999985
0,0.000047
0,0.818153
0,0.000759
1,0.999970
1,0.995235
1,0.999946
1,0.999382
1,0.999987
0,0.000012
1,0.983820
1,0.999994
1,0.941078
1,0.938591
0,0.066843
0,0.036428
1,0.998830
0,0.981353
0,0.690060
0,0.017778
1,0.999363
0,0.015277
1,0.641516
0,0.012371
0,0.000010
0,0.000405
1,0.999992
0,0.001255
0,0.005306
1,0.999973
1,0.959947
0,0.546211
1,0.992732
0,0.251640
1,0.998789
0,0.000002
0,0.831022
0,0.009032
1,0.988553
0,0.094448
0,0.332190
1,0.999857
1,0.999987
0,0.008519
1,0.986954
1,0.999024
0,0.000001
1,0.610354
0,0.108866
1,0.922065
0,0.000044
0,0.002782
0,0.000052
1,0.991285
0,0.004255
0,0.161758
1,0.999971
1,0.031197
1,0.999919
0,0.002814
0,0.010318
0,0.115256
0,0.003966
0,0.054279
1,0.998616
0,0.000022
1,0.971067
0,0.000028
1,0.005209
1,0.572177
0,0.075242
0,0.008453
1,0.998461
0,0.002282
0,0.006886
0,0.000004
1,0.664437
0,0.001693
1,0.994069
0,0.070444
1,0.937549
1,0.993589
1,0.999648
0,0.000001
1,0.999974
1,0.999175
1,0.912494
0,0.000030
0,0.000183
1,0.044243
0,0.053999
1,0.991577
0,0.003823
0,0.063783
1,0.988677
0,0.007920
0,0.590429
0,0.927222
0,0.000161
0,0.003863
1,0.102856
0,0.037547
1,0.999617
1,0.526334
0,0.975729
0,0.856975
1,0.992342
1,0.999759
0,0.005971
0,0.065116
1,0.998478
1,0.987311
0,0.004094
1,0.999959
1,0.999842
1,0.997230
0,0.000402
1,0.333277
0,0.002515
0,0.000983
0,0.027900
1,0.774611
0,0.969132
0,0.005389
1,0.831560
0,0.000080
0,0.028588
0,0.666586
1,0.945968
1,0.970512
0,0.000134
1,0.999900
0,0.000002
0,0.014776
1,0.999993
1,0.712231
1,0.931185
0,0.592490
0,0.006306
1,0.999426
1,0.999649
0,0.227961
0,0.389357
1,0.355939
1,0.999638
0,0.074624
1,0.989673
1,0.984878
0,0.000239
0,0.045330
1,0.605266
1,0.998300
0,0.015255
1,0.935169
1,0.997369
1,0.102601
0,0.000012
1,0.857413
0,0.125245
0,0.000001
0,0.000106
1,0.940378
0,0.000103
0,0.000499
0,0.889569
0,0.020970
1,0.748049
0,0.016012
0,0.005978
1,0.998398
0,0.000014
1,0.991845
1,0.722561
0,0.027616
1,0.994298
1,0.964520
1,0.973845
0,0.000058
0,0.470964
0,0.000168
0,0.069553
1,0.690780
1,0.997309
0,0.000001
1,0.385803
0,0.005116
0,0.001836
1,0.956631
0,0.004086
0,0.764622
0,0.018710
1,0.999999
1,0.980758
0,0.012107
1,0.999979
0,0.000823
0,0.092369
0,0.000258
1,0.998590
1,0.976994
1,0.563202
1,0.999930
0,0.000009
0,0.003479
0,0.000238
1,0.999928
0,0.000001
1,0.999333
1,0.888039
0,0.000023
1,0.946656
0,0.000736
1,0.321789
1,0.876335
0,0.000470
1,0.999888
0,0.204682
1,0.327525
0,0.000526
0,0.002159
1,0.372801
0,0.002405
0,0.098977
1,0.984444
1,0.998424
1,0.999649
0,0.985746
0,0.000180
1,0.981230
1,0.999999
1,0.082053
1,0.654434
0,0.004009
1,0.565117
1,0.997416
1,0.992216
1,0.886371
0,0.200128
1,0.825317
0,0.000004
1,0.999971
0,0.015442
1,0.181750
0,0.000017
0,0.006112
0,0.005387
1,0.999976
1,0.981156
1,0.993143
0,0.001364
1,0.997054
0,0.000029
0,0.724954
1,0.999686
0,0.000004
1,0.964072
0,0.065395
1,0.999924
1,0.406778
0,0.001136
1,0.988066
0,0.000014
1,0.999024
0,0.289395
0,0.002451
0,0.246340
1,0.997336
0,0.005943
0,0.000425
1,0.994729
0,0.004042
0,0.301374
0,0.004412
1,0.999682
0,0.000456
1,0.998419
0,0.000005
0,0.002003
0,0.000781
0,0.651709
0,0.000066
0,0.002629
0,0.029294
1,0.255800
0,0.004423
0,0.000201
1,0.998670
1,0.313073
0,0.464120
1,0.996540
0,0.000201
1,0.792548
1,0.992809
0,0.000203
1,0.999988
0,0.248938
1,0.998384
1,0.694266
1,0.250047
0,0.000438
1,0.999907
1,0.999999
0,0.000037
0,0.000002
1,0.961522
0,0.000876
0,0.000036
1,0.291249
1,0.993952
1,0.974625
0,0.138330
0,0.000331
1,0.998614
0,0.001304
1,0.381722
0,0.003131
0,0.537967
0,0.000823
1,0.988027
1,0.882376
1,0.990041
1,0.999976
0,0.000006
1,0.998994
1,0.989141
1,0.957749
0,0.000914
1,0.087250
0,0.003772
1,0.886296
1,0.843250
1,0.995968
1,0.005312
0,0.000002
1,0.997643
1,0.860218
1,0.999786
0,0.009429
0,0.686077
0,0.468483
0,0.173183
0,0.027983
0,0.001541
0,0.000263
0,0.004146
0,0.000506
1,0.990344
0,0.013978
1,0.987712
0,0.076492
0,0.970139
0,0.000877
0,0.778487
0,0.962549
1,0.999731
0,0.001719
0,0.015387
1,0.998789
0,0.786088
0,0.807943
0,0.015920
0,0.000004
1,0.255884
1,0.999973
1,0.982197
0,0.000006
1,0.366195
0,0.001368
0,0.000191
0,0.000189
0,0.000855
1,0.977796
0,0.002226
1,0.999960
1,0.929917
0,0.852765
1,0.510943
1,0.996659
1,0.046046
1,0.999789
1,0.441998
0,0.885250
1,0.996105
0,0.001651
0,0.950094
1,0.989691
1,0.999857
1,0.994968
1,0.999105
0,0.000121
1,0.750533
0,0.000627
0,0.006540
1,0.993296
0,0.000850
0,0.661908
0,0.000006
0,0.105954
0,0.271158
1,0.988462
0,0.025483
0,0.003441
0,0.090666
1,0.001944
0,0.010372
1,0.615616
0,0.000365
0,0.036206
1,0.999757
1,0.586800
0,0.007743
1,0.980718
0,0.000168
1,0.734841
1,0.999832
0,0.000395
0,0.119115
0,0.052594
0,0.007710
1,0.947497
1,0.801111
1,0.998869
0,0.018273
1,0.999998
1,0.999762
1,0.999111
1,0.998824
1,0.954985
0,0.019991
0,0.416884
1,0.964757
0,0.000758
0,0.002104
1,0.999855
1,0.970538
1,0.999880
0,0.174562
1,0.999740
0,0.000684
1,0.962772
0,0.003027
0,0.932455
0,0.497246
1,0.992942
0,0.021221
0,0.950933
0,0.936316
0,0.957486
0,0.444830
1,0.981888
1,0.991853
0,0.033376
0,0.001005
1,0.994832
0,0.000008
1,0.999838
1,0.997302
0,0.028365
1,0.999984
1,0.990279
1,0.987786
0,0.039987
1,0.922100
0,0.000558
0,0.017015
0,0.002050
0,0.000017
1,0.908411
0,0.000003
1,0.997727
1,0.994433
0,0.009975
1,0.828781
1,0.990618
1,0.986380
0,0.887479
0,0.000579
0,0.000976
0,0.016039
0,0.002335
1,0.181457
0,0.000858
1,0.970387
0,0.000116
1,0.083519
1,0.977477
0,0.177473
0,0.036865
0,0.000008
0,0.000787
1,0.994214
1,0.002474
1,0.984500
1,0.994388
0,0.000087
0,0.007270
1,0.840193
0,0.605680
0,0.062140
1,0.999991
0,0.039963
1,0.998979
0,0.008168
1,0.999756
0,0.108075
0,0.002924
1,0.131238
1,0.744586
1,0.945384
0,0.633084
1,0.999895
1,0.996268
1,0.895835
0,0.140748
0,0.000530
1,0.617644
1,0.999999
0,0.313133
0,0.013262
0,0.185911
0,0.000042
0,0.073445
0,0.618007
1,0.992898
0,0.000078
0,0.001056
1,0.469836
0,0.022327
1,0.993918
0,0.003713
0,0.000102
0,0.010003
0,0.744975
0,0.001574
0,0.062336
0,0.000367
0,0.001811
1,0.979809
0,0.009235
0,0.000056
1,0.984260
1,0.818654
0,0.024304
0,0.001307
1,0.316826
1,0.986349
1,0.999322
1,0.999800
1,0.999998
0,0.000568
1,0.996854
0,0.000091
1,0.999542
1,0.999256
1,0.999998
0,0.815738
0,0.000240
0,0.062759
1,0.998655
1,0.407536
0,0.283835
1,0.989405
1,0.966012
0,0.000267
0,0.007356
0,0.966034
1,0.936589
1,0.996586
0,0.000033
0,0.004214
1,0.990586
1,0.545348
0,0.001003
0,0.000709
0,0.587016
1,0.999740
0,0.873643
0,0.000009
0,0.001782
0,0.000266
1,0.955399
0,0.006834
1,0.999957
0,0.877183
1,0.999938
0,0.177995
1,0.999805
0,0.662902
0,0.000247
0,0.037870
1,0.999402
0,0.001394
0,0.002503
1,0.894489
0,0.000027
1,0.016489
0,0.006770
1,0.967260
0,0.002261
1,0.999642
0,0.000077
1,0.995037
0,0.134703
1,0.984230
1,0.995504
1,0.996022
0,0.006812
0,0.025222
0,0.000011
1,0.063029
1,0.320557
1,0.994951
1,0.996113
0,0.296638
0,0.018498
0,0.985304
0,0.001006
0,0.000523
0,0.616410
0,0.986912
0,0.008098
0,0.002315
1,0.678747
1,0.923241
0,0.284874
0,0.029476
0,0.011376
0,0.000148
0,0.903201
0,0.461766
1,0.999938
0,0.521063
1,0.999981
1,0.709383
0,0.001139
1,0.999788
1,0.994144
1,0.812891
1,0.907656
1,0.992639
0,0.082035
1,0.764272
1,0.104306
1,0.146481
0,0.039155
0,0.000103
1,0.999999
1,0.999915
0,0.874309
0,0.032830
1,0.019944
0,0.000119
1,0.993128
1,0.999674
0,0.199515
1,0.972937
1,0.693912
0,0.937799
0,0.995095
0,0.000045
0,0.000140
1,0.547520
0,0.275156
1,0.999682
0,0.004876
0,0.305167
0,0.000003
1,0.824007
0,0.000914
0,0.000023
0,0.008490
1,0.999662
0,0.765298
1,0.999975
1,0.997630
0,0.000026
0,0.022035
0,0.006275
0,0.000015
1,0.996649
0,0.000702
0,0.152576
0,0.497182
1,0.990894
0,0.000367
1,0.999744
0,0.000267
1,0.994607
1,0.998351
1,0.999903
0,0.000145
1,0.998041
1,0.994710
0,0.918550
1,0.999995
1,0.999996
0,0.135030
1,0.030822
0,0.001262
1,0.999333
0,0.027856
0,0.000001
1,0.998179
0,0.430610
0,0.925883
1,0.462780
1,0.999855
0,0.395375
1,0.974879
0,0.015000
0,0.802232
0,0.004973
1,0.993172
1,0.999577
1,0.075363
0,0.578036
0,0.000250
1,0.994815
1,0.995027
0,0.004751
1,0.172691
0,0.981901
0,0.008169
1,0.909667
1,0.653743
0,0.296528
1,0.999945
1,0.927331
0,0.002411
1,0.999869
1,0.999785
1,0.999908
1,0.991597
1,0.999264
1,0.996770
1,0.990782
1,0.999054
1,0.998596
1,0.241192
1,0.942242
0,0.000064
0,0.000103
1,0.990516
0,0.445284
0,0.478269
1,0.883843
1,0.998934
0,0.000096
0,0.002922
0,0.015367
0,0.000003
0,0.533329
1,0.624874
1,0.997619
0,0.003612
1,0.999851
1,0.896234
0,0.107934
1,0.948770
0,0.000002
0,0.601145
1,0.999873
1,0.997510
0,0.002398
0,0.893212
0,0.998297
0,0.157620
0,0.020418
1,0.969049
0,0.000371
0,0.181654
0,0.007139
1,0.999997
0,0.023659
0,0.004276
0,0.274013
1,0.547785
1,0.963646
0,0.000613
1,0.951580
0,0.362712
0,0.000024
0,0.212095
1,0.999631
1,0.999560
0,0.000251
0,0.828521
1,0.999995
1,0.999943
0,0.002903
0,0.009053
1,0.999949
1,0.999995
1,0.757711
0,0.005750
0,0.000285
0,0.000964
1,0.432381
1,0.836033
1,0.999646
1,0.930062
1,0.983407
1,0.878144
0,0.000063
1,0.852950
0,0.270659
1,0.476840
1,0.555951
0,0.282803
1,0.999584
1,0.999601
0,0.002083
1,0.589037
1,0.931949
0,0.158542
1,0.959075
1,0.960670
0,0.001920
0,0.000040
0,0.001969
0,0.152066
1,0.978206
1,0.002619
0,0.015779
1,0.999872
0,0.011001
1,0.663031
1,0.907366
1,0.999797
1,0.999922
0,0.013774
0,0.015720
1,0.999989
1,0.927622
0,0.000010
1,0.999959
0,0.007865
0,0.012840
1,0.803640
0,0.061821
0,0.000006
0,0.000013
0,0.009198
0,0.000013
0,0.023300
0,0.806303
0,0.015214
0,0.000253
0,0.026814
0,0.000001
1,0.973452
1,0.999910
1,0.999750
0,0.000312
0,0.000005
0,0.001004
1,0.998808
1,0.999309
1,0.999993
1,0.996608
1,0.207160
1,0.999827
1,0.999977
0,0.000158
0,0.000156
1,0.997728
1,0.999746
0,0.003506
1,0.942868
0,0.007639
1,0.162397
1,0.999994
0,0.042680
0,0.000018
0,0.006091
1,0.983458
1,0.997914
1,0.927488
1,0.478953
1,0.993177
0,0.018922
1,0.999709
0,0.000007
1,0.999762
0,0.598239
1,0.994886
0,0.025941
1,0.998035
1,0.998554
1,0.999237
1,0.907227
1,0.997895
0,0.009999
1,0.999635
0,0.029527
1,0.887685
0,0.002789
0,0.018435
1,0.065511
1,0.998130
0,0.000296
1,0.996446
0,0.000031
0,0.006124
1,0.077609
0,0.028917
1,0.994629
1,0.980078
0,0.080514
1,0.999999
1,0.992331
0,0.089010
0,0.001523
0,0.466247
1,0.862780
0,0.003107
1,0.994329
0,0.004904
1,0.999991
1,0.888634
1,0.993563
0,0.019922
1,0.972546
1,0.998869
0,0.011061
0,0.000901
1,0.994539
1,0.999178
1,0.511790
1,0.957158
0,0.185620
0,0.003510
1,0.999854
0,0.001009
0,0.000951
0,0.000314
0,0.027818
0,0.040570
0,0.091618
1,0.998462
1,0.999990
1,0.305478
1,0.999450
0,0.000113
1,0.999652
1,0.999869
1,0.915776
0,0.003812
1,0.995600
1,0.996390
1,0.981599
0,0.000262
0,0.079868
0,0.000032
1,0.011061
0,0.032246
0,0.020136
0,0.013058
0,0.866968
1,0.002053
1,0.999751
1,0.984027
1,0.999550
0,0.276539
1,0.999847
1,0.993194
1,0.638085
0,0.049183
1,0.999972
1,0.999712
1,0.962356
0,0.044062
1,0.991559
0,0.018914
1,0.957255
1,0.743573
1,0.980566
1,0.999998
1,0.997239
0,0.006345
0,0.000122
0,0.000406
1,0.998365
0,0.075143
1,0.999996
1,0.998455
1,0.390218
0,0.045864
0,0.807448
1,0.995924
0,0.021700
0,0.005714
0,0.081379
1,0.611117
1,0.989583
1,0.998667
1,0.004287
0,0.098520
0,0.006210
1,0.999606
0,0.569014
0,0.000143
0,0.001448
1,0.999498
0,0.004576
1,0.991274
0,0.955885
0,0.001930
0,0.000040
0,0.017893
1,0.098956
1,0.999964
0,0.000110
1,0.946001
1,0.978853
0,0.561860
1,0.866225
1,0.999932
1,0.999772
1,0.999999
1,0.998759
1,0.963054
1,0.987713
0,0.000018
1,0.999996
1,0.999869
1,0.861275
0,0.006638
0,0.973396
1,0.983328
0,0.002393
0,0.021560
0,0.000946
1,0.993270
0,0.003780
0,0.293123
1,0.999452
1,0.867941
1,0.997832
1,0.993824
1,0.926506
1,0.996508
1,0.999625
1,0.755937
0,0.004644
1,0.245002
1,0.998498
1,0.994566
1,0.247156
1,0.978346
1,0.608490
1,0.107099
1,0.999202
1,0.999995
0,0.000833
1,0.999851
1,0.999992
0,0.000006
1,0.993453
0,0.003192
1,0.996119
1,0.998938
1,0.906191
0,0.433020
0,0.000219
0,0.000576
1,0.999971
1,0.999472
0,0.013441
1,0.996771
0,0.023954
1,0.999822
0,0.995689
0,0.001823
0,0.024282
1,0.999521
1,0.999982
1,0.999997
0,0.000468
0,0.015126
1,0.974626
1,0.999570
0,0.363647
1,0.997766
1,0.981362
0,0.028034
0,0.003193
1,0.999980
0,0.626156
0,0.009511
0,0.000034
0,0.005133
1,0.996115
0,0.219896
0,0.002085
0,0.000463
1,0.999769
0,0.958019
0,0.001656
0,0.000849
0,0.012335
1,0.999999
0,0.015503
0,0.985812
1,0.989052
1,0.490742
0,0.008070
1,0.983134
1,0.936973
1,0.715495
0,0.000257
1,0.175629
0,0.000450
1,0.979373
0,0.009553
0,0.000558
0,0.113948
1,0.998940
1,0.993242
0,0.852177
0,0.004066
0,0.059639
1,0.999730
0,0.013140
1,0.991170
0,0.982909
1,0.998946
1,0.999964
1,0.999969
1,0.890233
1,0.999815
1,0.997137
1,0.995926
1,0.999995
1,0.997085
1,0.999904
1,0.996034
0,0.006543
1,0.922008
0,0.160970
1,0.074157
0,0.264261
1,0.990394
0,0.097696
1,0.973395
0,0.000034
0,0.000009
1,0.061226
0,0.016966
0,0.000001
0,0.000034
1,0.985848
1,0.999745
0,0.004841
1,0.440922
1,0.995791
1,0.636262
1,0.916922
1,0.994972
0,0.117508
1,0.996407
0,0.030448
0,0.000394
0,0.000007
1,0.207010
1,0.999715
0,0.001548
1,0.999289
0,0.000028
1,0.999872
1,0.996949
1,0.321197
1,0.826489
1,0.607812
1,0.999476
1,0.996387
0,0.003280
0,0.000006
0,0.676866
0,0.004409
1,0.916710
1,0.878176
0,0.000483
1,0.968588
1,0.905289
1,0.631450
1,0.998414
1,0.999971
1,0.976300
0,0.006270
1,0.138303
0,0.024072
1,0.999834
1,0.998397
1,0.999667
1,0.946199
1,0.999586
0,0.357008
0,0.537361
1,0.999994
1,0.933291
1,0.999997
0,0.996550
1,0.995759
0,0.000025
0,0.000188
1,0.379728
1,0.999478
0,0.097097
0,0.245737
1,0.968718
1,0.154265
0,0.002267
0,0.000102
0,0.049818
1,0.998569
1,0.892326
1,0.005445
0,0.000026
0,0.001007
0,0.772626
0,0.002372
0,0.099013
0,0.021473
0,0.005834
1,0.997449
0,0.286862
1,0.986445
0,0.001058
1,0.991189
1,0.612212
0,0.872839
1,0.582573
1,0.994336
1,0.999629
0,0.006611
1,0.545109
1,0.965161
1,0.997503
1,0.993204
0,0.000021
1,0.989159
0,0.001667
0,0.002740
1,0.965846
1,0.987493
0,0.026209
0,0.033592
0,0.000012
0,0.016103
0,0.000061
1,0.997541
1,0.938951
0,0.000052
0,0.003222
0,0.104127
1,0.989981
1,0.075148
1,0.996150
1,0.999681
0,0.530566
1,0.999061
0,0.000018
0,0.261991
1,0.998084
0,0.004761
1,0.998893
0,0.087515
1,0.999938
1,0.998335
1,0.988757
1,0.998564
1,0.998279
0,0.000688
1,0.999806
1,0.999495
1,0.998344
0,0.331246
0,0.144176
1,0.760220
0,0.123164
1,0.478137
0,0.320007
1,0.997629
0,0.653714
0,0.001648
1,0.762513
1,0.997045
1,0.999271
0,0.766609
0,0.986183
1,0.998953
1,0.017893
0,0.000008
1,0.999156
1,0.141856
0,0.001669
1,0.945079
1,0.966787
0,0.012789
1,0.992621
0,0.000182
0,0.009970
1,0.999987
0,0.000197
1,0.999680
0,0.000001
0,0.955116
1,0.998485
0,0.002077
1,0.998638
0,0.026343
0,0.000013
0,0.218972
0,0.000010
0,0.004804
1,0.809437
0,0.008596
1,0.999998
1,0.995286
1,0.999537
0,0.000002
0,0.002852
1,0.612316
0,0.000362
1,0.999578
1,0.465245
0,0.006425
0,0.000009
0,0.327917
0,0.000029
0,0.084265
0,0.677231
0,0.000486
0,0.314471
1,0.999460
0,0.000749
1,0.275583
1,0.988358
1,0.938389
0,0.000010
1,0.692606
0,0.000008
0,0.000001
0,0.000015
0,0.000176
1,0.968371
0,0.079873
0,0.002043
0,0.409885
0,0.700343
1,0.999949
0,0.553417
1,0.999671
0,0.000402
1,0.600568
0,0.003782
1,0.984775
0,0.000001
1,0.999398
0,0.909913
1,0.978882
1,0.999967
0,0.959710
0,0.994432
1,0.039925
0,0.000663
1,0.983949
1,0.999998
0,0.000270
0,0.000066
1,0.997966
0,0.259848
0,0.017967
1,0.983577
1,0.989693
0,0.004019
1,0.999985
1,0.999301
1,0.999997
1,0.999772
0,0.000867
1,0.999873
1,0.997510
0,0.000068
0,0.002098
1,0.623281
1,0.696785
0,0.005637
0,0.005848
0,0.612064
0,0.105338
0,0.003148
0,0.000037
1,0.815479
1,0.986855
1,0.999998
0,0.055775
0,0.000223
0,0.003892
0,0.006944
1,0.977022
0,0.000001
1,0.995315
1,0.116960
0,0.014360
1,0.997460
1,0.615049
1,0.996670
0,0.059398
1,0.999367
0,0.000560
1,0.995520
1,0.659585
1,0.995092
1,0.852076
0,0.000053
1,0.996091
0,0.000001
1,0.713852
1,0.999155
1,0.999440
1,0.998725
0,0.000002
1,0.974802
0,0.395815
1,0.827625
1,0.993355
0,0.093440
1,0.999999
1,0.999208
1,0.996170
1,0.998261
1,0.664622
1,0.982959
1,0.999907
1,0.984216
0,0.004176
0,0.000501
0,0.019163
1,0.999948
1,0.784221
1,0.964236
0,0.000007
1,0.775257
0,0.001986
0,0.917055
0,0.315660
1,0.775653
1,0.776585
0,0.006565
0,0.000008
0,0.058776
1,0.944807
0,0.112145
1,0.654198
1,0.830687
0,0.000056
0,0.002230
0,0.996076
1,0.960066
1,0.999765
0,0.080605
1,0.990594
1,0.959021
1,0.041340
1,0.999136
0,0.048620
1,0.842539
1,0.968154
1,0.448082
1,0.793738
0,0.008908
0,0.000813
1,0.833736
1,0.998712
0,0.000019
1,0.999891
0,0.020158
1,0.332706
1,0.999999
1,0.999815
1,0.996988
0,0.008397
0,0.379710
1,0.383796
1,0.999992
1,0.993045
1,0.997431
0,0.000123
0,0.000326
0,0.175670
1,0.990629
1,0.999992
1,0.999482
0,0.000587
1,0.980425
1,0.997724
1,0.924112
0,0.307432
1,0.999635
0,0.050832
0,0.000170
1,0.983502
0,0.000328
0,0.157431
1,0.999744
0,0.010013
1,0.993707
1,0.996904
1,0.999069
1,0.999909
1,0.916336
0,0.000298
0,0.017769
0,0.001427
1,0.326026
1,0.939947
0,0.007749
0,0.002829
0,0.000002
1,0.265491
0,0.005248
0,0.021915
1,0.917171
1,0.957978
1,0.981146
0,0.000013
0,0.026214
0,0.000852
1,0.983012
1,0.993179
1,0.999980
1,0.999917
1,0.995492
1,0.994880
0,0.174601
0,0.001225
0,0.028854
0,0.159042
1,0.958600
1,0.998761
0,0.016666
0,0.000205
0,0.019894
0,0.000772
0,0.032908
1,0.490213
1,0.999773
1,0.999515
0,0.002109
0,0.001469
0,0.039613
0,0.000272
0,0.006684
1,0.997455
1,0.999973
1,0.989925
1,0.999208
1,0.999628
1,0.784897
1,0.997816
0,0.006226
1,0.999836
1,0.999991
1,0.997000
0,0.000133
1,0.388293
0,0.355183
1,0.956926
1,0.591422
1,0.544630
1,0.999999
1,0.997685
0,0.165999
1,0.645925
1,0.991521
1,0.925278
0,0.005370
1,0.826173
1,0.999147
1,0.993279
1,0.203062
0,0.042544
1,0.999991
1,0.997702
0,0.000148
0,0.000012
0,0.005798
1,0.965949
1,0.970801
1,0.461469
0,0.004330
1,0.999968
0,0.000579
1,0.999969
0,0.018503
1,0.999419
1,0.594162
0,0.014878
1,0.999629
0,0.332411
1,0.996991
1,0.959601
1,0.999943
0,0.164318
0,0.000710
1,0.998466
0,0.999821
1,0.623442
0,0.000189
0,0.000241
0,0.001820
1,0.883320
0,0.542004
0,0.000192
1,0.987366
0,0.000152
1,0.220890
1,0.966904
0,0.000033
0,0.075326
0,0.038882
1,0.979365
0,0.028216
0,0.151643
1,0.965711
1,0.999833
1,0.997407
1,0.718689
0,0.006384
0,0.034848
1,0.670616
0,0.045563
1,0.979184
0,0.000519
1,0.999156
1,0.979333
1,0.962459
0,0.000669
1,0.357311
0,0.002629
0,0.000353
0,0.000916
1,0.974778
1,0.986509
0,0.002086
0,0.039406
0,0.042822
1,0.999771
1,0.997453
0,0.001906
1,0.916615
0,0.003070
1,0.815044
0,0.009902
0,0.000005
1,0.999939
0,0.001266
0,0.003796
1,0.978059
1,0.977780
1,0.997920
1,0.997339
1,0.969640
0,0.002079
0,0.032818
1,0.956777
0,0.000592
1,0.999758
1,0.157886
0,0.000065
0,0.022156
0,0.000162
0,0.164487
1,0.995123
0,0.000192
0,0.014234
1,0.610972
1,0.964683
0,0.001148
1,0.994793
1,0.205735
1,0.005360
1,0.992799
0,0.002051
1,0.600879
0,0.044980
0,0.001214
1,0.915601
1,0.996233
0,0.001267
0,0.000436
0,0.104138
1,0.983092
0,0.000083
1,0.999973
1,0.999971
1,0.999971
1,0.980446
1,0.995371
1,0.999486
0,0.016813
0,0.000336
1,0.996286
0,0.157832
1,0.986994
1,0.542876
0,0.000344
0,0.001039
1,0.999940
1,0.997123
1,0.999969
1,0.801707
0,0.020871
1,0.999929
0,0.000290
0,0.000180
0,0.003841
0,0.002861
1,0.925674
1,0.999958
0,0.041567
1,0.529308
0,0.004344
0,0.141657
1,0.940380
1,0.926378
0,0.180328
0,0.157363
1,0.918577
1,0.984908
0,0.000467
1,0.507643
1,0.998816
0,0.007063
1,0.998172
0,0.019831
1,0.999831
1,0.999897
1,0.543164
0,0.000123
1,0.987245
0,0.058875
0,0.000020
0,0.840982
1,0.102900
0,0.002561
0,0.242893
1,0.999937
1,0.794310
0,0.063012
0,0.115082
0,0.000689
1,0.913651
0,0.240699
1,0.973596
1,0.987668
1,0.992140
1,0.927357
1,0.827966
0,0.001981
1,0.992738
0,0.063986
1,0.999895
1,0.997193
0,0.105641
1,0.998478
0,0.000045
1,0.022057
1,0.088348
1,0.999996
0,0.000274
1,0.955790
0,0.416703
0,0.720045
1,0.999986
1,0.999784
0,0.000649
0,0.009679
1,0.947636
1,0.338838
0,0.002650
0,0.996601
0,0.001386
0,0.948257
1,0.992595
0,0.000723
1,0.998264
1,0.356234
0,0.000255
1,0.999908
0,0.000157
0,0.001260
1,0.999946
1,0.030234
1,0.999745
1,0.994777
0,0.206746
1,0.225610
1,0.990522
0,0.013284
1,0.500491
1,0.995648
1,0.999981
1,0.999990
0,0.330796
1,0.997457
0,0.009047
0,0.002088
1,0.988326
0,0.000340
1,0.996907
1,0.997859
1,0.682665
1,0.997845
1,0.999087
0,0.000004
1,0.997318
0,0.750018
0,0.000139
0,0.024963
1,0.125361
1,0.997760
0,0.000019
0,0.016096
1,0.994194
0,0.000043
1,0.613790
0,0.000011
0,0.270952
0,0.220585
0,0.999855
1,0.999834
0,0.033715
0,0.002022
1,0.997982
1,0.959609
0,0.348235
0,0.000516
0,0.000014
1,0.975407
0,0.574324
1,0.980673
1,0.999738
1,0.999686
1,0.891384
1,0.999447
1,0.999248
0,0.001203
0,0.011073
0,0.000022
0,0.019260
0,0.000076
1,0.950395
1,0.163575
1,0.953039
1,0.940908
1,0.999851
1,0.998605
1,0.999460
1,0.998630
0,0.644473
0,0.005899
0,0.000261
1,0.996982
0,0.009073
0,0.000754
0,0.000567
0,0.001098
1,0.999992
0,0.000006
0,0.000165
1,0.999918
1,0.999115
1,0.994670
1,0.997118
1,0.999987
0,0.018018
1,0.976258
0,0.035152
1,0.969754
0,0.011422
0,0.118466
0,0.758794
0,0.521067
1,0.002326
0,0.029274
0,0.445674
1,0.999994
1,0.513324
0,0.870536
1,0.695311
1,0.333604
0,0.003203
1,0.998546
0,0.001218
0,0.025789
0,0.954690
0,0.088673
1,0.999999
1,0.315403
1,0.936482
1,0.999489
1,0.114208
1,0.998595
0,0.005990
1,0.969911
1,0.705544
1,0.999954
1,0.806036
0,0.021508
1,0.999928
0,0.003370
1,0.997775
0,0.849307
0,0.002055
1,0.999943
1,0.995494
1,0.783195
1,0.900812
0,0.124592
0,0.194128
1,0.756529
1,0.999923
1,0.995903
1,0.996252
0,0.010623
0,0.000282
0,0.000038
0,0.120065
1,0.999999
1,0.605828
0,0.318345
0,0.043143
1,0.999576
0,0.035188
0,0.004962
1,0.991216
1,0.646002
1,0.007784
0,0.001016
1,0.987796
0,0.000260
0,0.015777
0,0.038873
1,0.960173
1,0.378150
1,0.872407
1,0.111916
1,0.965226
0,0.001001
0,0.001464
0,0.001498
1,0.944181
0,0.022479
0,0.013211
1,0.999946
1,0.999997
0,0.107924
0,0.764883
1,0.988975
0,0.063127
0,0.017411
1,0.884419
0,0.000248
0,0.736034
1,0.955968
1,0.999982
1,0.999986
0,0.000188
1,0.977304
1,0.994338
1,0.999940
1,0.646569
1,0.902731
1,0.998881
1,0.984863
0,0.197288
1,0.991445
0,0.000053
1,0.005665
0,0.000187
0,0.074135
0,0.010682
0,0.038877
1,0.976943
1,0.997132
0,0.000423
0,0.005481
1,0.907867
0,0.070942
1,0.982965
0,0.007962
0,0.136392
0,0.018131
0,0.001787
1,0.715089
0,0.297714
1,0.999177
0,0.882936
1,0.967791
1,0.998635
1,0.999296
1,0.912669
1,0.999992
0,0.016808
0,0.079470
0,0.000920
1,0.999997
0,0.928436
1,0.999919
1,0.999999
0,0.300199
0,0.651747
1,0.105449
1,0.829611
0,0.012262
1,0.999646
1,0.397160
0,0.000375
1,0.998854
1,0.490104
1,0.999997
0,0.999728
0,0.000738
1,0.999905
1,0.998199
1,0.809216
1,0.999999
0,0.011579
1,0.999984
0,0.890203
1,0.999734
1,0.998046
1,0.987631
1,0.991925
0,0.008158
1,0.971394
0,0.000032
0,0.001711
0,0.039128
0,0.183891
0,0.256693
1,0.923383
0,0.120282
1,0.983749
1,0.319863
0,0.000180
0,0.038241
0,0.005982
1,0.998893
0,0.037473
1,0.990294
1,0.990776
1,0.999835
0,0.000019
0,0.000717
0,0.571720
0,0.001086
1,0.677285
0,0.000016
0,0.000949
0,0.822365
1,0.997918
0,0.017753
1,0.189027
1,0.462651
1,0.996206
1,0.999725
0,0.000649
0,0.173900
0,0.000294
0,0.060106
0,0.000002
1,0.007065
1,0.966777
1,0.999923
1,0.402531
0,0.300575
0,0.312285
0,0.026757
0,0.001231
1,0.967501
0,0.000147
1,0.995662
0,0.007132
1,0.462433
0,0.000643
1,0.999068
1,0.930931
0,0.325197
0,0.009452
1,0.255712
0,0.002720
0,0.037256
0,0.000031
1,0.981134
1,0.999936
0,0.000019
1,0.638828
1,0.999896
1,0.998536
1,0.999993
0,0.004371
0,0.031238
0,0.929768
0,0.005020
0,0.325275
0,0.012623
1,0.987663
1,0.937673
0,0.001260
0,0.916998
0,0.019562
0,0.076069
1,0.213007
1,0.999767
1,0.999188
0,0.008487
1,0.408550
1,0.999820
0,0.008413
0,0.000176
1,0.970262
1,0.958335
1,0.999838
0,0.970252
1,0.231073
1,0.999771
0,0.000027
0,0.646973
1,0.696565
0,0.700216
0,0.000307
1,0.999770
1,0.971229
0,0.000247
1,0.995733
1,0.044997
0,0.028110
0,0.000121
1,0.998187
0,0.028553
0,0.009857
1,0.997962
1,0.989013
1,0.999098
0,0.000639
1,0.999561
1,0.920863
1,0.740943
0,0.007941
0,0.067466
1,0.999955
1,0.995067
0,0.361306
1,0.999998
0,0.007734
0,0.000013
0,0.984769
0,0.057479
1,0.787413
0,0.006836
1,0.944465
1,0.999755
0,0.015769
1,0.999816
0,0.000039
0,0.027634
0,0.000023
0,0.007261
1,0.821534
1,0.025787
1,0.859374
1,0.998669
1,0.999973
0,0.005156
0,0.429200
0,0.000004
0,0.042406
1,0.998913
1,0.638997
1,0.999972
0,0.000945
1,0.928797
1,0.999921
1,0.998584
0,0.010582
1,0.999573
1,0.999669
0,0.421568
1,0.999999
1,0.999947
1,0.993955
1,0.999775
0,0.000246
0,0.000405
1,0.971528
1,0.945280
1,0.976178
0,0.005389
0,0.805260
0,0.115106
1,0.733319
0,0.851862
0,0.000252
1,0.889877
1,0.999838
1,0.999845
1,0.025813
0,0.001429
1,0.138395
1,0.994787
1,0.955818
1,0.567614
0,0.000063
1,0.997396
0,0.000018
1,0.990008
0,0.115507
1,0.960743
1,0.999999
0,0.000600
1,0.999490
0,0.000002
0,0.321793
1,0.148780
1,0.632252
0,0.665012
1,0.997936
0,0.000754
1,0.966615
1,0.976063
1,0.998108
0,0.003133
0,0.000029
0,0.000402
1,0.971649
1,0.951997
1,0.995407
1,0.998344
1,0.999528
1,0.999215
0,0.071668
0,0.675335
1,0.974409
1,0.999883
0,0.008018
1,0.999999
0,0.000139
0,0.013175
1,0.998831
0,0.332762
1,0.929035
0,0.002888
1,0.709799
0,0.000202
0,0.023865
0,0.000117
1,0.999745
1,0.999440
0,0.000005
0,0.290302
1,0.978436
0,0.005115
0,0.295516
1,0.993922
1,0.990626
0,0.000519
1,0.028526
1,0.999905
1,0.999675
0,0.003645
0,0.002926
0,0.004154
0,0.064524
0,0.001201
1,0.336895
1,0.999209
1,0.072545
1,0.955109
1,0.999999
1,0.965783
0,0.104015
1,0.920922
0,0.487258
1,0.015383
1,0.999971
0,0.142877
1,0.200485
1,0.856956
0,0.000018
1,0.586317
1,0.998419
1,0.933628
1,0.864552
0,0.055449
1,0.928219
0,0.332396
1,0.832623
0,0.028638
1,0.999997
0,0.000029
0,0.000656
0,0.951525
1,0.996736
1,0.748089
1,0.996533
1,0.999320
1,0.856498
1,0.965920
0,0.039062
0,0.003291
0,0.025317
0,0.249681
1,0.760698
0,0.840316
0,0.007238
0,0.000080
1,0.997436
0,0.000342
0,0.838647
0,0.080059
1,0.999941
1,0.999902
1,0.999739
1,0.999972
1,0.998595
0,0.000414
0,0.075070
0,0.146236
1,0.928936
1,0.978921
1,0.574122
1,0.989699
1,0.993160
1,0.844364
1,0.999997
1,0.986957
0,0.004690
0,0.019247
0,0.533678
0,0.000841
0,0.000109
0,0.001893
0,0.000064
0,0.664644
1,0.995767
1,0.999026
1,0.639237
1,0.869713
0,0.000045
1,0.996850
0,0.076563
0,0.000462
1,0.012449
1,0.554472
0,0.054592
0,0.000596
1,0.999608
0,0.747390
1,0.996852
0,0.017089
1,0.999546
1,0.202386
0,0.006179
0,0.002307
1,0.996931
0,0.040676
0,0.000257
0,0.086901
1,0.982482
0,0.001139
0,0.000576
0,0.010258
0,0.000736
0,0.000050
1,0.835605
1,0.999211
1,0.944520
1,0.978863
0,0.029201
1,0.991529
1,0.994913
0,0.724532
0,0.886403
1,0.999556
0,0.000117
1,0.998734
1,0.086326
0,0.000007
1,0.998815
1,0.985708
1,0.999953
1,0.069487
1,0.999458
1,0.997354
0,0.001341
0,0.000684
0,0.001277
0,0.002315
0,0.209411
1,0.945120
0,0.022045
1,0.571360
0,0.000040
0,0.003650
0,0.079991
0,0.000448
1,0.999570
0,0.000521
0,0.918315
0,0.000969
1,0.974741
1,0.999914
0,0.000016
0,0.000006
0,0.991008
1,0.963521
1,0.998762
0,0.000531
0,0.033355
1,0.852112
1,0.014729
1,0.997308
1,0.999495
1,0.993428
1,0.999997
0,0.000136
0,0.025196
0,0.071176
0,0.006018
1,0.493651
0,0.947721
0,0.074420
0,0.000687
0,0.001677
1,0.952347
0,0.201466
0,0.001430
1,0.999465
1,0.851220
0,0.876646
0,0.000659
0,0.174941
1,0.378363
1,0.999851
1,0.999976
0,0.027227
1,0.999778
1,0.993298
0,0.000711
1,0.010016
1,0.696207
0,0.000015
0,0.781263
1,0.998686
0,0.058636
0,0.000334
0,0.636880
0,0.067940
1,0.322110
0,0.070888
0,0.006903
1,0.981225
0,0.051019
0,0.044130
0,0.212238
1,0.999783
0,0.000260
1,0.015270
0,0.277685
0,0.789512
0,0.896114
1,0.998028
0,0.029087
0,0.007775
1,0.933517
0,0.028691
1,0.002077
0,0.010777
0,0.000167
0,0.715516
0,0.135839
1,0.999719
0,0.000281
0,0.000010
0,0.000001
0,0.000003
1,0.999992
0,0.003948
1,0.992474
1,0.999989
1,0.999642
0,0.788732
1,0.799625
0,0.000001
1,0.155797
1,0.999688
1,0.997948
0,0.010982
1,0.393500
0,0.001004
1,0.999402
1,0.795560
0,0.000061
1,0.999996
0,0.029974
0,0.000288
1,0.953258
0,0.080531
0,0.534283
1,0.999753
0,0.000191
1,0.322073
0,0.049150
1,0.998997
1,0.977190
1,0.522616
1,0.999987
1,0.993418
1,0.047012
1,0.204682
1,0.997456
1,0.968804
0,0.000051
1,0.343721
1,0.557304
1,0.998220
1,0.010195
1,0.465545
1,0.050441
1,0.920098
1,0.975651
0,0.017386
0,0.000002
1,0.439773
1,0.610815
0,0.445974
0,0.139456
0,0.005353
1,0.994171
0,0.000113
0,0.025182
0,0.055247
1,0.980808
1,0.999851
1,0.957090
0,0.028341
0,0.012136
0,0.003375
1,0.988816
0,0.001586
0,0.013339
0,0.037083
0,0.002047
0,0.001365
0,0.000040
1,0.823137
0,0.102893
1,0.999881
0,0.006567
1,0.999880
1,0.999438
1,0.998481
1,0.966651
1,0.998961
0,0.001413
0,0.000024
1,0.959671
0,0.073204
1,0.994582
1,0.998233
0,0.010981
1,0.942048
0,0.000170
0,0.268537
1,0.999992
1,0.979763
1,0.999976
0,0.000011
1,0.971064
0,0.000131
1,0.998082
0,0.731870
0,0.151722
0,0.060583
0,0.108925
1,0.855495
0,0.073222
1,0.957227
1,0.999819
1,0.323267
1,0.921374
1,0.990465
0,0.000011
1,0.028066
0,0.047152
0,0.000476
1,0.896739
1,0.990053
1,0.999564
0,0.000315
0,0.000040
0,0.971409
1,0.821989
0,0.006353
1,0.986824
1,0.998665
0,0.000002
0,0.000468
1,0.848389
0,0.000038
0,0.000466
1,0.973239
0,0.015585
0,0.000740
1,0.999980
1,0.186422
1,0.999732
1,0.987520
1,0.994146
1,0.106265
1,0.999839
0,0.007261
1,0.970771
1,0.054086
0,0.537981
0,0.001772
0,0.000007
0,0.088316
0,0.068501
0,0.000241
0,0.000545
1,0.612332
1,0.995685
0,0.001284
0,0.240352
0,0.238072
0,0.000158
1,0.998923
1,0.999872
0,0.007110
0,0.039362
1,0.999780
1,0.997533
1,0.994716
0,0.009402
0,0.060983
0,0.174108
0,0.033138
0,0.025825
1,0.959491
1,0.999674
1,0.999999
0,0.000078
1,0.999984
0,0.000127
0,0.000525
1,0.999843
0,0.168288
1,0.631629
0,0.169937
1,0.957608
0,0.002013
1,0.979019
0,0.000441
0,0.471737
0,0.079743
1,0.999799
1,0.042114
1,0.999614
1,0.591453
1,0.998167
0,0.000236
0,0.000330
1,0.996693
1,0.993140
1,0.999806
0,0.001480
1,0.989318
1,0.991407
0,0.023023
0,0.996365
0,0.000564
1,0.999962
0,0.000557
0,0.001632
1,0.069417
1,0.949718
0,0.004714
0,0.890233
1,0.999920
0,0.004664
0,0.315964
1,0.999781
1,0.999977
1,0.998630
1,0.999952
1,0.999515
0,0.010976
0,0.001698
0,0.000224
1,0.999972
0,0.286729
0,0.000817
0,0.000108
0,0.027550
1,0.601656
0,0.001116
1,0.978161
1,0.970716
1,0.946164
1,0.977374
0,0.119115
1,0.706093
1,0.999987
1,0.736077
0,0.000731
1,0.999981
0,0.634608
1,0.999967
0,0.000194
0,0.000815
0,0.000015
1,0.824739
0,0.020954
1,0.979480
0,0.358137
0,0.002485
0,0.000120
0,0.000001
0,0.000018
0,0.008264
0,0.563336
1,0.992023
1,0.617448
0,0.000003
0,0.000055
1,0.968594
0,0.109958
1,0.877973
1,0.988778
0,0.158034
1,0.996426
0,0.444702
1,0.555324
1,0.999868
0,0.004690
0,0.004690
1,0.998726
1,0.978582
1,0.981600
1,0.999913
1,0.999999
1,0.876850
0,0.000002
0,0.434851
0,0.000001
0,0.000141
1,0.999937
0,0.000042
1,0.999016
1,0.264386
1,0.998355
1,0.844789
0,0.287867
1,0.749614
0,0.888272
1,0.959780
0,0.208093
0,0.049759
1,0.782462
0,0.004107
1,0.983400
0,0.118809
1,0.979466
0,0.007490
0,0.112967
1,0.999120
1,0.001459
1,0.991399
0,0.040000
0,0.006850
0,0.259722
0,0.000004
1,0.041432
0,0.000001
0,0.001442
1,0.996585
0,0.044614
1,0.884147
0,0.026933
0,0.002001
1,0.999654
1,0.999874
0,0.000738
0,0.095633
1,0.044215
0,0.099625
0,0.693166
1,0.485050
0,0.529411
1,0.251382
1,0.800318
0,0.000315
1,0.379074
0,0.000922
1,0.985522
1,0.458807
1,0.999920
1,0.847935
1,0.998807
1,0.992096
0,0.019097
0,0.000175
1,0.022262
0,0.011768
1,0.951878
0,0.004831
0,0.014364
0,0.817668
0,0.246305
1,0.647321
1,0.967649
0,0.933143
1,0.979715
1,0.991831
0,0.002952
0,0.617979
1,0.999840
0,0.000027
1,0.999968
1,0.999767
1,0.999959
0,0.009856
1,0.001511
1,0.912298
0,0.024025
0,0.177867
0,0.046304
0,0.390596
0,0.060617
0,0.052531
0,0.000990
1,0.999560
0,0.000008
1,0.966541
0,0.000114
1,0.999239
0,0.000035
1,0.999262
1,0.991008
0,0.123550
0,0.060715
1,0.999997
0,0.440031
0,0.000061
0,0.014939
0,0.001168
0,0.989783
1,0.998683
0,0.100871
0,0.987708
1,0.687590
1,0.999994
1,0.386530
0,0.017295
0,0.005456
1,0.999908
0,0.393052
0,0.002962
0,0.192624
0,0.037088
0,0.000956
0,0.015216
0,0.142392
1,0.715895
1,0.999910
0,0.105121
1,0.848900
1,0.998085
0,0.072849
0,0.077426
1,0.999655
0,0.000124
0,0.927822
0,0.047026
0,0.941334
1,0.927607
0,0.012884
1,0.999692
0,0.031137
0,0.220366
0,0.050558
0,0.383195
1,0.992333
0,0.000425
1,0.988162
0,0.760315
0,0.183267
0,0.716268
1,0.751783
1,0.992234
1,0.660910
1,0.999997
0,0.000020
1,0.999957
1,0.810518
0,0.256123
0,0.000059
1,0.999849
0,0.000231
0,0.000219
1,0.062699
1,0.912122
0,0.128968
0,0.000014
1,0.999368
1,0.996589
1,0.999128
0,0.000044
0,0.019315
1,0.354115
0,0.024398
0,0.000023
0,0.000021
0,0.001972
1,0.994191
1,0.999989
0,0.000774
0,0.002109
0,0.001084
1,0.999120
0,0.077492
0,0.016228
0,0.002180
1,0.999934
0,0.000759
1,0.997133
0,0.000032
1,0.993826
1,0.996424
1,0.958822
1,0.758273
1,0.976396
1,0.999375
0,0.000574
1,0.767909
1,0.973939
1,0.999235
0,0.067029
1,0.849431
1,0.996106
1,0.632395
0,0.005984
0,0.003702
1,0.973085
0,0.828135
0,0.006305
0,0.000632
1,0.999964
1,0.186475
0,0.000138
1,0.986165
1,0.999841
0,0.021543
0,0.258880
0,0.003412
0,0.064075
1,0.943676
0,0.000547
0,0.000391
1,0.665813
1,0.997829
0,0.041704
0,0.012306
1,0.885425
0,0.000053
1,0.999956
1,0.947322
0,0.000797
1,0.996495
0,0.227400
1,0.999997
0,0.985925
1,0.999576
1,0.995555
1,0.999377
1,0.082714
1,0.990887
1,0.657850
0,0.000072
1,0.036407
1,0.999945
1,0.999799
1,0.999718
0,0.072733
1,0.999994
0,0.793849
0,0.003230
0,0.104830
0,0.641817
1,0.857301
1,0.998340
1,0.883436
1,0.999295
1,0.969214
0,0.000098
1,0.996706
0,0.028249
1,0.970231
1,0.784156
0,0.000017
1,0.930856
1,0.647717
0,0.017328
0,0.047231
0,0.000419
1,0.994575
0,0.003707
0,0.353243
0,0.124722
0,0.123774
1,0.996235
0,0.000507
1,0.997841
1,0.795122
1,0.999055
0,0.207286
0,0.000264
1,0.532213
1,0.999999
1,0.995456
0,0.521285
0,0.001110
0,0.308371
0,0.001219
0,0.003537
0,0.000046
1,0.681336
1,0.999580
1,0.999986
0,0.000013
1,0.999999
1,0.983419
0,0.027278
0,0.000002
0,0.094094
0,0.771788
0,0.007089
0,0.069964
1,0.967174
0,0.050505
1,0.937672
1,0.253032
1,0.998126
0,0.000005
0,0.148128
0,0.002096
1,0.672953
1,0.957452
0,0.051586
0,0.497550
1,0.997643
1,0.952707
1,0.558147
1,0.675601
1,0.036263
0,0.152577
1,0.999874
0,0.984251
1,0.998789
0,0.000029
0,0.000076
0,0.068785
0,0.010937
1,0.999998
0,0.928727
1,0.661468
0,0.006286
1,0.962388
0,0.004172
1,0.999786
0,0.018490
1,0.999633
1,0.999999
1,0.999367
1,0.508922
0,0.078685
1,0.999801
1,0.999368
1,0.998452
0,0.000056
1,0.994253
0,0.000609
1,0.246615
0,0.117777
1,0.932542
0,0.047974
1,0.981154
0,0.004047
0,0.000269
0,0.144244
1,0.895894
0,0.033640
0,0.016557
1,0.964884
1,0.987091
0,0.030643
1,0.983175
1,0.999999
0,0.005086
1,0.999991
0,0.001687
0,0.001447
0,0.016520
1,0.997615
0,0.001052
1,0.999984
0,0.000969
0,0.000049
0,0.238397
0,0.007869
1,0.997130
0,0.000001
1,0.962410
1,0.992182
0,0.000321
1,0.999534
0,0.605078
1,0.999249
1,0.965731
0,0.143084
0,0.014758
0,0.055300
1,0.994202
1,0.991440
0,0.390438
0,0.000051
0,0.091631
0,0.046859
1,0.999925
0,0.000117
0,0.758811
1,0.992240
1,0.882048
1,0.972549
0,0.017137
1,0.999693
0,0.119198
0,0.189011
0,0.000007
1,0.869376
1,0.998556
0,0.000682
1,0.995916
1,0.999749
0,0.001992
1,0.995620
1,0.987396
0,0.008674
0,0.000043
1,0.936318
0,0.000462
0,0.000346
0,0.000707
1,0.944545
0,0.016630
1,0.924227
0,0.038693
1,0.655383
0,0.000065
1,0.285276
1,0.999991
0,0.001735
0,0.933172
1,0.988489
1,0.945976
1,0.859445
0,0.000802
1,0.999818
1,0.999996
1,0.999940
1,0.996159
0,0.000011
0,0.004662
1,0.994937
0,0.019970
1,0.994548
0,0.070261
0,0.245653
0,0.026605
1,0.999981
1,0.589104
0,0.011092
0,0.000535
0,0.033140
0,0.000032
0,0.000018
1,0.998092
0,0.000782
0,0.000010
1,0.428628
1,0.999421
0,0.001194
1,0.074518
1,0.997852
1,0.999874
1,0.985204
1,0.957386
0,0.419132
0,0.001125
1,0.066542
0,0.423686
1,0.129784
1,0.102571
0,0.051993
1,0.962195
0,0.015147
0,0.031782
1,0.953554
1,0.997425
1,0.998787
0,0.990015
1,0.999995
0,0.068138
1,0.360852
0,0.001042
1,0.630770
0,0.003668
0,0.000939
1,0.999474
0,0.009207
1,0.999483
1,0.995674
1,0.999990
0,0.000004
1,0.995827
0,0.032836
1,0.999954
1,0.977637
0,0.065499
0,0.983126
0,0.009865
0,0.136386
0,0.119425
1,0.925915
1,0.862878
0,0.633439
0,0.387404
1,0.993609
0,0.014498
1,0.998765
0,0.000234
0,0.248172
1,0.005762
0,0.007375
0,0.000044
1,0.999865
0,0.080745
1,0.996759
1,0.980614
0,0.147167
1,0.271223
0,0.003235
0,0.011545
0,0.002859
1,0.995364
0,0.000157
0,0.867301
0,0.000097
0,0.533317
0,0.001681
1,0.999599
0,0.000847
0,0.000444
0,0.000492
0,0.252695
1,0.896331
0,0.000187
0,0.000004
1,0.999958
1,0.999610
1,0.362663
1,0.999997
1,0.947462
0,0.294571
1,0.993293
0,0.002930
1,0.999989
0,0.805603
1,0.999988
1,0.997457
1,0.999947
0,0.000076
1,0.324334
0,0.300770
0,0.004608
0,0.710553
0,0.774705
1,0.999954
1,0.997086
0,0.005417
0,0.383226
0,0.195428
1,0.985447
0,0.388610
0,0.102317
0,0.068929
1,0.872912
1,0.999978
0,0.000108
1,0.999992
1,0.999547
1,0.418920
0,0.003770
0,0.000142
0,0.476225
1,0.111946
1,0.999655
1,0.978903
0,0.000188
1,0.876165
1,0.165791
1,0.999995
1,0.021727
0,0.036354
0,0.000298
0,0.036434
0,0.000002
0,0.021391
0,0.007214
0,0.078751
0,0.156488
0,0.004655
1,0.612704
1,0.086990
1,0.995434
1,0.999804
0,0.033268
0,0.950979
0,0.089421
1,0.901321
0,0.018539
0,0.000022
1,0.999693
0,0.012959
1,0.703070
0,0.150539
1,0.987139
1,0.997908
0,0.035865
1,0.999864
0,0.003502
0,0.005299
0,0.000265
1,0.999956
0,0.139053
1,0.998827
1,0.999239
0,0.019678
1,0.991029
1,0.989214
1,0.994302
0,0.004580
1,0.999905
0,0.013679
0,0.000014
1,0.930538
1,0.400349
1,0.984938
0,0.000075
0,0.014299
0,0.910540
1,0.955999
1,0.998418
0,0.000018
1,0.870416
0,0.009895
1,0.983893
0,0.544244
1,0.973872
0,0.014552
1,0.919404
1,0.685244
0,0.018820
0,0.000451
0,0.000361
0,0.072598
1,0.988874
0,0.604479
0,0.006502
0,0.004122
1,0.999992
0,0.001899
1,0.999221
0,0.006071
0,0.234072
1,0.999931
1,0.743644
0,0.042786
0,0.000017
0,0.043828
1,0.819353
1,0.985699
1,0.963087
1,0.967042
0,0.012933
1,0.992308
1,0.998657
0,0.079173
1,0.999970
1,0.992199
0,0.012081
1,0.999818
1,0.985257
1,0.797447
1,0.999989
1,0.963302
1,0.994846
1,0.924321
0,0.015671
0,0.000322
1,0.999337
1,0.998950
0,0.000070
0,0.000905
0,0.000001
1,0.990170
0,0.000072
0,0.744859
0,0.000148
0,0.046124
1,0.999618
0,0.140500
0,0.008739
1,0.995265
1,0.998232
1,0.998519
1,0.972509
0,0.929887
0,0.779300
0,0.001823
1,0.999955
1,0.881011
0,0.003849
0,0.001643
1,0.929933
1,0.687665
0,0.000088
0,0.000183
0,0.004025
0,0.000388
0,0.000023
1,0.960470
1,0.999994
0,0.243419
1,0.999290
1,0.999971
1,0.975376
0,0.058548
0,0.000247
1,0.882332
1,0.770741
0,0.023361
0,0.002289
0,0.385708
1,0.999873
0,0.000012
0,0.275662
0,0.002422
1,0.980841
1,0.989507
1,0.996492
1,0.999999
1,0.999799
1,0.999293
0,0.098632
1,0.253941
1,0.843270
1,0.998624
0,0.114477
1,0.028123
1,0.739471
1,0.999599
0,0.225412
0,0.005380
0,0.000754
1,0.990982
1,0.998360
1,0.998507
0,0.000387
1,0.450266
0,0.841816
1,0.994328
0,0.014043
1,0.999789
0,0.144063
0,0.165255
0,0.021393
1,0.980250
1,0.013781
1,0.999485
1,0.996687
0,0.059252
1,0.996853
0,0.000018
0,0.066524
1,0.936903
1,0.999398
0,0.027146
1,0.991877
1,0.998882
0,0.000074
1,0.441117
0,0.309085
1,0.989055
1,0.877270
0,0.527066
0,0.000001
0,0.000525
0,0.854090
1,0.899007
1,0.041904
1,0.583812
1,0.999130
0,0.019323
1,0.999998
1,0.999977
0,0.427544
0,0.000754
1,0.999996
1,0.999180
0,0.811857
0,0.005127
1,0.953226
1,0.962905
1,0.999993
1,0.999672
1,0.808530
1,0.984763
0,0.000926
0,0.000171
1,0.999933
0,0.002907
1,0.999959
0,0.000756
1,0.995478
0,0.991746
0,0.006157
1,0.025419
0,0.972484
0,0.000065
0,0.091213
0,0.000001
0,0.000096
1,0.998934
1,0.755699
1,0.999997
0,0.000056
1,0.999999
0,0.000025
0,0.911545
1,0.061232
1,0.957765
1,0.036824
0,0.547171
0,0.817830
1,0.636602
1,0.999272
0,0.000070
1,0.997734
1,0.991471
0,0.174232
1,0.873372
1,0.996874
1,0.921694
0,0.000278
0,0.000113
1,0.999913
1,0.058182
1,0.999985
1,0.998283
0,0.052916
1,0.991994
0,0.163762
1,0.998955
1,0.999816
1,0.963383
1,0.996977
1,0.880070
1,0.990047
1,0.999862
1,0.953670
1,0.551175
0,0.016761
1,0.998356
0,0.013760
1,0.681849
1,0.922068
0,0.000671
0,0.061901
1,0.999992
1,0.976956
0,0.088444
0,0.095519
1,0.998804
0,0.056905
1,0.758565
0,0.000207
0,0.001968
1,0.995939
0,0.034435
1,0.956966
1,0.999875
0,0.000491
1,0.997834
1,0.997649
1,0.999497
1,0.999225
1,0.987001
0,0.005487
1,0.823590
0,0.985396
1,0.999912
0,0.000193
1,0.980133
0,0.000693
0,0.000991
1,0.999317
0,0.158554
0,0.000161
1,0.999597
1,0.656100
1,0.986698
1,0.999851
0,0.000137
1,0.996536
0,0.384390
1,0.913778
1,0.873571
0,0.011826
0,0.000093
1,0.999863
1,0.995639
1,0.948442
0,0.000030
1,0.984851
0,0.410345
1,0.999996
1,0.867987
0,0.006917
1,0.999903
1,0.740875
0,0.399672
1,0.993286
1,0.999684
0,0.295455
1,0.948635
0,0.060002
0,0.073862
1,0.999999
1,0.979068
0,0.370335
1,0.986459
0,0.000022
1,0.999595
1,0.460872
1,0.994747
0,0.006193
0,0.000001
0,0.000205
0,0.006310
0,0.065470
0,0.000036
0,0.003297
0,0.671795
0,0.030311
1,0.992356
0,0.017565
1,0.998337
0,0.554593
0,0.005519
0,0.000350
0,0.308521
1,0.999971
1,0.999438
0,0.174072
1,0.982513
0,0.091788
1,0.198878
1,0.910487
1,0.998714
0,0.010119
0,0.114645
1,0.218899
1,0.321728
1,0.789501
1,0.020094
1,0.985382
1,0.999992
0,0.000084
1,0.801233
1,0.999777
0,0.001191
1,0.957201
0,0.002388
1,0.000053
0,0.000455
1,0.927452
1,0.999171
1,0.951619
1,0.999810
0,0.002816
0,0.000143
1,0.986085
1,0.997761
0,0.148935
0,0.000094
0,0.001790
1,0.906683
0,0.013625
0,0.000239
1,0.986726
0,0.063132
1,0.665542
1,0.997136
1,0.030259
0,0.000513
1,0.999562
0,0.017390
0,0.054678
0,0.001506
0,0.000040
0,0.449979
0,0.000114
1,0.213328
0,0.005354
1,0.505124
1,0.928227
0,0.118177
1,0.988163
0,0.000005
1,0.981140
1,0.999757
0,0.000204
0,0.017565
0,0.000332
1,0.996322
0,0.001653
0,0.108655
1,0.777482
0,0.000002
1,0.287359
1,0.874540
1,0.973681
1,0.860178
1,0.823216
0,0.029638
1,0.999054
0,0.033903
1,0.999944
0,0.000211
0,0.054236
1,0.999702
1,0.805165
1,0.999875
0,0.000194
1,0.994794
0,0.051185
1,0.440544
1,0.941558
0,0.000001
0,0.134972
0,0.932349
1,0.999322
0,0.002402
0,0.025204
1,0.768904
0,0.001709
1,0.416220
0,0.014514
1,0.835978
0,0.002097
0,0.017670
0,0.560997
0,0.000070
1,0.999936
0,0.000020
0,0.007165
0,0.000001
1,0.951208
0,0.060637
1,0.999986
1,0.970591
0,0.003491
0,0.006286
0,0.523546
1,0.999810
0,0.000137
0,0.000001
0,0.017130
1,0.881831
0,0.069045
0,0.003912
1,0.683221
0,0.016517
1,0.994805
1,0.913498
0,0.111085
0,0.947603
0,0.000654
0,0.000102
1,0.999467
0,0.000014
0,0.007011
0,0.047359
0,0.000856
1,0.999977
0,0.003167
0,0.001715
0,0.000919
0,0.006347
0,0.000006
0,0.004939
1,0.992940
1,0.980832
0,0.002093
1,0.999537
1,0.995894
1,0.623657
0,0.011195
1,0.998528
1,0.813980
0,0.000516
0,0.347284
0,0.004747
0,0.000070
0,0.999448
1,0.994117
0,0.113450
0,0.001585
1,0.999999
0,0.160339
0,0.022668
0,0.002869
0,0.000607
1,0.990142
0,0.101358
0,0.476549
0,0.003669
1,0.058380
1,0.052301
0,0.017057
1,0.174589
0,0.002405
1,0.983177
1,0.950684
0,0.167641
0,0.000630
1,0.979149
1,0.975298
1,0.999999
1,0.809407
0,0.000058
0,0.000411
0,0.059241
1,0.217002
0,0.000005
1,0.997773
1,0.999890
1,0.999919
1,0.856814
0,0.001350
1,0.660748
1,0.489173
1,0.999821
0,0.293105
0,0.991283
0,0.002906
0,0.002220
0,0.023198
0,0.949930
0,0.000373
0,0.005161
0,0.000612
0,0.001242
1,0.982729
0,0.619949
0,0.000082
1,0.694475
0,0.000005
0,0.000081
0,0.000018
0,0.042344
1,0.443794
1,0.999596
0,0.304765
0,0.000319
1,0.999945
1,0.991501
1,0.999841
0,0.006871
1,0.393568
1,0.983381
0,0.008470
0,0.486682
0,0.975941
1,0.999999
0,0.000282
0,0.138602
1,0.993850
0,0.006169
1,0.992801
1,0.999301
1,0.999960
0,0.147169
0,0.000148
0,0.000010
1,0.959439
1,0.189525
1,0.999768
0,0.914931
1,0.999758
0,0.086251
1,0.880691
1,0.995659
1,0.999926
1,0.998235
1,0.999493
1,0.993868
1,0.999862
0,0.022643
1,0.999944
1,0.500335
0,0.015153
1,0.999016
1,0.965716
1,0.974486
1,0.957842
0,0.011960
1,0.999372
1,0.939573
1,0.968907
0,0.000274
1,0.991382
1,0.995094
0,0.991246
0,0.046584
0,0.000103
1,0.947939
1,0.995105
0,0.194068
1,0.999737
0,0.000332
1,0.502040
0,0.000243
0,0.000001
1,0.999996
1,0.998888
0,0.895898
1,0.996433
1,0.999320
1,0.901070
1,0.988967
1,0.819659
1,0.909461
0,0.002001
1,0.000164
1,0.909562
0,0.000271
0,0.020244
1,0.996790
0,0.071740
1,0.996112
1,0.999897
0,0.014671
1,0.997787
1,0.999756
0,0.000558
0,0.002275
1,0.997847
1,0.357985
0,0.000459
1,0.772390
1,0.996604
0,0.000050
0,0.007615
0,0.004451
1,0.018223
0,0.000001
1,0.398290
0,0.006387
1,0.999222
1,0.999999
0,0.058413
0,0.000015
1,0.814629
0,0.625191
0,0.072783
1,0.999789
1,0.338919
0,0.007805
1,0.999994
0,0.001115
0,0.088812
1,0.998350
0,0.147119
1,0.999895
1,0.963538
1,0.918364
0,0.010902
1,0.999030
1,0.999642
1,0.991598
0,0.000008
1,0.999996
1,0.995207
0,0.000490
0,0.000021
0,0.023544
1,0.999674
0,0.002360
1,0.999999
1,0.915524
1,0.997809
0,0.004796
1,0.603523
1,0.181987
0,0.942599
0,0.999822
0,0.000029
0,0.134315
0,0.000123
1,0.999949
1,0.999991
0,0.016457
0,0.001615
0,0.007144
1,0.999987
0,0.015117
1,0.982057
1,0.998049
0,0.308953
0,0.000105
0,0.000898
1,0.038010
1,0.996439
1,0.911918
1,0.592638
0,0.017560
1,0.999570
1,0.997500
1,0.001016
0,0.000184
0,0.000095
1,0.986604
1,0.999953
1,0.999993
1,0.216975
0,0.001294
0,0.124926
1,0.967814
0,0.000596
0,0.000113
1,0.997058
1,0.059311
1,0.999954
1,0.824860
1,0.990030
1,0.998753
1,0.999953
1,0.999933
1,0.195966
1,0.998988
1,0.999929
0,0.182971
0,0.379653
1,0.633187
1,0.549460
0,0.491541
0,0.411559
1,0.843689
1,0.847825
1,0.541271
1,0.998924
0,0.833496
0,0.009769
0,0.046683
0,0.002283
0,0.021682
0,0.856679
1,0.994015
0,0.010914
0,0.001364
0,0.009029
0,0.054701
0,0.011651
0,0.095508
1,0.616316
0,0.000469
0,0.959363
1,0.999733
1,0.997942
0,0.017096
0,0.076221
1,0.971722
1,0.999999
1,0.175660
1,0.995552
1,0.999974
1,0.998836
0,0.035052
0,0.024073
1,0.999038
0,0.000007
1,0.014539
1,0.985519
0,0.005516
0,0.002199
1,0.977243
1,0.999852
0,0.340698
1,0.129264
0,0.002316
1,0.928607
1,0.999096
1,0.998481
1,0.119944
0,0.002378
0,0.282905
0,0.032976
0,0.054938
1,0.999644
1,0.999979
0,0.213857
0,0.000225
0,0.093468
1,0.998414
1,0.999210
0,0.002221
1,0.998537
1,0.999960
0,0.001318
1,0.983157
0,0.076459
1,0.228369
0,0.380758
0,0.085564
1,0.999750
0,0.310256
1,0.999607
1,0.827411
0,0.045969
0,0.014982
0,0.001161
1,0.492303
1,0.259982
0,0.199990
0,0.000019
1,0.891278
0,0.010889
1,0.999970
1,0.998709
0,0.000182
1,0.999999
0,0.986108
0,0.933379
0,0.802291
1,0.999696
0,0.001331
1,0.985709
0,0.073621
1,0.997908
1,0.992568
0,0.000682
1,0.929033
0,0.007366
0,0.022370
0,0.043185
1,0.862110
1,0.986420
0,0.010816
1,0.018494
1,0.999826
0,0.005846
0,0.003885
0,0.033078
1,0.859605
1,0.999995
1,0.010131
0,0.740436
0,0.042473
1,0.838085
0,0.008644
1,0.978545
1,0.985454
1,0.982721
1,0.999671
1,0.974886
1,0.647631
0,0.045812
0,0.735644
0,0.598147
0,0.000002
1,0.995682
0,0.000308
1,0.935535
1,0.997859
0,0.977490
1,0.999894
1,0.914696
0,0.553274
0,0.000001
0,0.063706
1,0.954187
0,0.410822
1,0.998421
0,0.021957
0,0.000212
0,0.001147
1,0.998868
0,0.007264
0,0.022067
0,0.991878
0,0.073600
0,0.736794
0,0.435133
0,0.000800
1,0.994592
1,0.892128
1,0.994704
0,0.006139
1,0.999999
0,0.000008
0,0.287921
1,0.986333
1,0.999981
1,0.103791
0,0.032898
1,0.220871
0,0.002616
0,0.063314
1,0.995612
1,0.999992
1,0.984587
1,0.999852
0,0.056804
1,0.999739
0,0.724661
1,0.979441
0,0.201412
0,0.007081
0,0.418887
0,0.000810
1,0.998519
0,0.005611
1,0.943047
1,0.944035
1,0.999354
0,0.006327
1,0.999999
0,0.023337
1,0.997625
1,0.997286
1,0.771386
1,0.999484
1,0.999668
0,0.051277
0,0.000967
0,0.955772
1,0.650619
1,0.993994
1,0.969533
0,0.002582
1,0.976742
0,0.003798
1,0.998033
0,0.312189
0,0.898558
0,0.128601
1,0.983467
1,0.999999
1,0.032330
0,0.000838
1,0.999993
1,0.988951
1,0.989976
0,0.000489
1,0.988584
1,0.999392
0,0.002815
1,0.994981
1,0.999194
0,0.000780
0,0.233804
1,0.861988
0,0.999020
0,0.000190
0,0.070663
1,0.999877
1,0.998726
0,0.650278
1,0.998385
1,0.998638
1,0.989622
0,0.014282
0,0.012574
1,0.174435
0,0.216919
0,0.253116
0,0.000498
0,0.018783
0,0.000134
0,0.006548
0,0.177805
0,0.578523
1,0.915900
0,0.061702
1,0.983150
1,0.999813
1,0.999437
1,0.067413
1,0.949596
0,0.091874
0,0.246204
0,0.001162
1,0.128596
1,0.998828
1,0.998790
1,0.999001
1,0.994912
1,0.961526
1,0.991520
0,0.000959
0,0.046613
0,0.063315
1,0.973795
1,0.480847
0,0.000021
1,0.347973
0,0.004024
0,0.002426
0,0.965353
1,0.955356
0,0.000163
0,0.141007
0,0.009847
1,0.992822
0,0.004711
1,0.355300
0,0.139365
1,0.075388
1,0.999099
1,0.533960
1,0.999721
0,0.126475
0,0.000038
1,0.998957
0,0.777640
1,0.764349
0,0.064018
0,0.000872
0,0.000091
0,0.548061
1,0.306031
1,0.999973
1,0.990637
0,0.367775
1,0.992384
1,0.997728
0,0.001259
0,0.015404
1,0.998985
0,0.011735
1,0.820371
0,0.054469
1,0.970269
1,0.997818
1,0.931244
1,0.990864
0,0.059466
0,0.006463
1,0.925796
0,0.140989
0,0.000836
0,0.041345
1,0.993366
0,0.110371
0,0.000450
1,0.999790
0,0.004718
0,0.482188
0,0.004929
0,0.062189
1,0.999486
1,0.180510
1,0.981154
1,0.985556
1,0.012659
1,0.999998
0,0.001068
1,0.958500
1,0.999568
1,0.162813
1,0.999997
0,0.880148
1,0.987012
1,0.047628
0,0.450878
0,0.004441
0,0.000106
1,0.997942
0,0.600805
1,0.987665
0,0.002044
0,0.060854
1,0.998438
1,0.351502
1,0.939001
0,0.006507
1,0.996609
1,0.813314
0,0.011788
0,0.161181
1,0.582871
1,0.996719
1,0.977249
1,0.892127
1,0.987635
0,0.074073
1,0.913018
0,0.120280
1,0.141156
0,0.000102
1,0.999232
1,0.999989
1,0.999507
1,0.771680
0,0.006204
1,0.111417
0,0.009446
1,0.998153
0,0.004146
1,0.995306
0,0.006764
0,0.001250
1,0.956129
0,0.004913
1,0.957751
0,0.009093
1,0.999510
0,0.001110
1,0.996683
1,0.952482
1,0.978582
0,0.004601
0,0.012829
1,0.855581
0,0.000822
1,0.999894
1,0.048204
1,0.602107
0,0.003902
1,0.665522
0,0.000040
0,0.810183
1,0.910497
0,0.411697
1,0.998873
0,0.003198
0,0.029384
0,0.000568
0,0.001749
1,0.999958
0,0.005719
0,0.002049
0,0.000101
1,0.891239
1,0.998887
1,0.999880
1,0.956066
0,0.623291
1,0.998820
0,0.677175
1,0.053821
0,0.712351
1,0.764766
0,0.059016
0,0.000402
0,0.000022
0,0.000969
1,0.999977
0,0.001576
0,0.002736
1,0.921083
0,0.000130
1,0.688451
1,0.956044
1,0.999740
0,0.777317
1,0.967551
1,0.999957
1,0.997753
1,0.988143
1,0.999969
1,0.991619
1,0.674592
0,0.000024
0,0.509732
1,0.991830
1,0.417227
0,0.008423
1,0.987918
1,0.981315
1,0.918609
1,0.850050
1,0.155915
1,0.999119
1,0.985258
0,0.002033
0,0.525768
0,0.001727
0,0.005379
1,0.381033
0,0.000880
0,0.974101
1,0.986956
0,0.001144
1,0.995659
0,0.000132
1,0.999996
1,0.999994
1,0.999470
1,0.896471
0,0.002385
0,0.001940
1,0.954878
0,0.000816
1,0.947751
1,0.805259
1,0.997573
0,0.009353
1,0.999977
0,0.014280
1,0.996761
0,0.001028
0,0.737937
0,0.023384
0,0.032885
0,0.375281
0,0.011134
1,0.972090
1,0.966188
0,0.132537
1,0.999996
1,0.998742
0,0.922077
0,0.000001
0,0.000711
0,0.000003
1,0.759399
1,0.609139
0,0.132012
1,0.964510
0,0.002548
0,0.803488
1,0.999911
0,0.001152
0,0.004708
0,0.002867
0,0.123926
0,0.031493
0,0.266003
0,0.004461
0,0.000122
1,0.940700
0,0.007021
0,0.870815
1,0.999635
0,0.004743
1,0.998717
1,0.999475
1,0.878070
0,0.438483
0,0.029803
0,0.010756
0,0.071277
0,0.001493
1,0.999523
1,0.883322
0,0.001246
0,0.324447
1,0.999994
0,0.029933
0,0.071886
1,0.249461
1,0.999373
1,0.999405
0,0.000108
0,0.002380
1,0.584716
0,0.006881
0,0.010417
1,0.999007
0,0.000075
1,0.999765
0,0.646237
0,0.000067
1,0.995608
0,0.017790
1,0.001846
1,0.983255
1,0.999707
1,0.999357
1,0.999929
0,0.943769
1,0.987850
1,0.998499
1,0.999765
1,0.762606
1,0.997321
1,0.997992
0,0.913915
0,0.000001
0,0.004591
1,0.832770
0,0.020032
0,0.096450
1,0.990908
1,0.999969
0,0.088256
0,0.003775
1,0.705829
1,0.999997
0,0.136726
0,0.000245
0,0.006214
1,0.926863
1,0.870748
0,0.000682
1,0.668348
1,0.762690
0,0.001155
0,0.282867
1,0.999734
1,0.403723
1,0.988533
1,0.903135
0,0.000500
1,0.991062
1,0.999616
0,0.068263
1,0.988012
0,0.290151
0,0.000001
1,0.380197
0,0.000009
1,0.999170
0,0.023272
1,0.997472
1,0.815048
0,0.346379
1,0.236788
0,0.000012
1,0.061172
1,0.980413
1,0.550102
1,0.999201
1,0.992278
0,0.101755
0,0.000049
1,0.730294
1,0.998578
0,0.000240
1,0.999987
1,0.964008
0,0.336170
1,0.994489
0,0.240001
0,0.000913
1,0.997878
1,0.873362
0,0.000182
0,0.980838
1,0.999685
0,0.001493
1,0.998920
1,0.999965
0,0.009926
0,0.001772
1,0.774110
1,0.999999
0,0.001806
0,0.007272
0,0.933484
0,0.001994
1,0.000201
1,0.999412
0,0.010168
0,0.025186
1,0.751784
1,0.788732
1,0.586663
0,0.000640
0,0.672286
0,0.017344
0,0.001026
1,0.985760
1,0.373580
0,0.001996
1,0.947866
1,0.999254
1,0.999888
1,0.998290
1,0.563999
1,0.952889
0,0.001256
1,0.981485
0,0.838805
1,0.999631
0,0.009124
1,0.990413
0,0.005253
1,0.999859
0,0.002048
1,0.998896
1,0.997846
0,0.053287
1,0.959063
0,0.000001
1,0.239560
1,0.958364
0,0.000114
1,0.996996
0,0.018276
1,0.111390
1,0.992814
0,0.013225
1,0.999603
0,0.020370
0,0.007721
0,0.000109
1,0.001041
0,0.007292
1,0.999965
0,0.049406
0,0.144837
0,0.007795
1,0.999260
0,0.000024
1,0.939784
0,0.000885
0,0.003288
0,0.000001
1,0.337629
1,0.992168
1,0.766783
1,0.999966
0,0.001040
0,0.000149
0,0.013342
0,0.000146
1,0.734361
0,0.986202
0,0.867933
0,0.002015
0,0.000282
0,0.005236
0,0.000781
0,0.073320
1,0.999958
1,0.999524
0,0.000001
0,0.001295
0,0.000011
1,0.999878
0,0.000992
0,0.004643
0,0.367687
1,0.884894
1,0.999449
0,0.022655
0,0.000004
0,0.007962
1,0.999978
0,0.000673
1,0.997784
0,0.137816
1,0.999140
1,0.951499
0,0.022896
0,0.124590
1,0.999999
1,0.844262
0,0.002610
1,0.998470
1,0.970783
1,0.991283
0,0.234252
0,0.002616
1,0.995819
0,0.005470
1,0.997597
1,0.999934
1,0.263398
0,0.037406
1,0.996008
1,0.983759
0,0.812254
0,0.910606
1,0.999429
1,0.999929
0,0.451350
0,0.000384
1,0.918674
1,0.984961
0,0.000035
0,0.150831
1,0.983117
0,0.000122
0,0.118279
1,0.999951
0,0.379820
0,0.979056
1,0.861870
0,0.010134
0,0.080271
0,0.000491
0,0.000117
1,0.999944
1,0.734412
1,0.997078
1,0.999943
1,0.999985
0,0.122607
1,0.856220
0,0.003435
0,0.001910
0,0.000940
1,0.103549
1,0.999990
0,0.412382
1,0.999190
0,0.000478
0,0.005121
1,0.455736
1,0.013597
0,0.000026
0,0.003708
0,0.007286
1,0.980655
1,0.998922
1,0.914869
1,0.436844
0,0.000058
0,0.097730
1,0.895831
0,0.001141
1,0.263380
1,0.996815
1,0.982733
1,0.999434
0,0.000267
0,0.265021
0,0.110955
0,0.025852
1,0.989777
1,0.993433
1,0.999986
1,0.838882
1,0.974331
1,0.992059
0,0.010580
1,0.976959
1,0.999584
0,0.192211
1,0.528630
1,0.999628
0,0.039758
0,0.996828
1,0.073820
1,0.825338
1,0.996753
0,0.002587
1,0.455606
0,0.003290
0,0.025037
0,0.002068
0,0.000007
0,0.002996
1,0.943597
1,0.998808
1,0.852250
1,0.993217
0,0.100048
1,0.999135
0,0.168034
0,0.827245
1,0.991933
1,0.994909
0,0.000002
0,0.000080
0,0.000127
1,0.991795
1,0.999918
0,0.015302
1,0.995459
0,0.003473
0,0.022930
0,0.033866
0,0.008022
0,0.314211
0,0.773277
0,0.041431
0,0.000011
0,0.002906
0,0.000090
0,0.001147
1,0.999853
1,0.970535
0,0.000001
1,0.999589
0,0.005279
0,0.012340
0,0.001101
1,0.917501
0,0.000039
0,0.009528
0,0.002540
1,0.999966
1,0.999759
1,0.999967
1,0.996904
1,0.998380
1,0.666042
1,0.995857
0,0.000059
0,0.046975
0,0.000002
1,0.786100
0,0.007740
1,0.999989
0,0.173788
1,0.999639
1,0.996826
0,0.000008
0,0.000117
1,0.999684
0,0.733487
1,0.044913
0,0.000002
0,0.012883
0,0.005641
1,0.671546
1,0.996769
0,0.000012
1,0.997883
1,0.997312
1,0.929063
1,0.811578
1,0.995084
0,0.000368
0,0.012374
1,0.927506
1,0.999987
1,0.999999
0,0.670081
1,0.999667
1,0.386727
1,0.717721
0,0.000256
1,0.999673
0,0.013741
0,0.101778
0,0.000066
0,0.000483
1,0.999852
1,0.552473
1,0.991366
0,0.000017
1,0.999850
1,0.995724
1,0.999999
1,0.001637
1,0.836858
0,0.108231
0,0.000617
0,0.002187
1,0.999493
1,0.998837
1,0.997369
1,0.749795
0,0.165977
0,0.052974
0,0.026836
1,0.988318
0,0.000126
1,0.967278
0,0.010241
1,0.997945
0,0.000019
1,0.903188
1,0.998535
1,0.098567
1,0.977470
0,0.000176
1,0.402219
0,0.000054
1,0.953889
0,0.007450
0,0.124680
1,0.999870
0,0.153689
1,0.991949
0,0.027389
0,0.000517
0,0.429817
1,0.999244
1,0.999358
0,0.001550
0,0.955624
0,0.000060
1,0.943620
0,0.058738
1,0.999947
0,0.000002
1,0.999963
0,0.152575
0,0.000238
1,0.964183
1,0.999209
1,0.999480
0,0.000190
1,0.784797
1,0.999946
0,0.006265
1,0.926354
0,0.030013
0,0.003161
1,0.999999
0,0.006659
1,0.960007
1,0.663634
1,0.807660
1,0.999877
0,0.000669
1,0.999973
0,0.085192
0,0.000012
1,0.978920
1,0.999306
0,0.102371
1,0.950252
0,0.000512
0,0.978043
1,0.999997
1,0.999967
1,0.999667
0,0.065282
1,0.881935
1,0.738204
1,0.155718
0,0.000072
0,0.241121
0,0.036674
0,0.000045
1,0.998948
1,0.959001
1,0.999999
1,0.990135
0,0.000024
1,0.998906
1,0.995626
1,0.039641
1,0.999576
1,0.785334
1,0.987205
0,0.002154
0,0.000012
0,0.003921
1,0.989677
1,0.999925
0,0.008412
0,0.002078
0,0.196391
1,0.989688
0,0.052071
0,0.266032
0,0.111695
1,0.999047
1,0.962133
0,0.000160
0,0.001234
1,0.999992
1,0.831041
1,0.995540
0,0.000517
0,0.288134
0,0.099417
1,0.998897
1,0.999996
1,0.999564
0,0.000033
0,0.000657
1,0.943472
0,0.064750
0,0.008045
1,0.999634
1,0.999734
1,0.846739
0,0.007838
0,0.000007
1,0.013266
1,0.949143
1,0.903954
0,0.028431
1,0.996375
0,0.906386
0,0.237435
1,0.580059
0,0.000014
1,0.945177
0,0.009385
1,0.991059
1,0.923142
1,0.999532
0,0.186385
0,0.024620
0,0.006737
0,0.000124
0,0.019226
0,0.935457
0,0.222854
0,0.028339
1,0.529392
0,0.576437
0,0.008111
1,0.947851
0,0.139607
0,0.782334
1,0.998397
0,0.000971
1,0.999837
0,0.006958
0,0.009497
1,0.999999
0,0.038166
0,0.004710
1,0.999497
0,0.054851
0,0.029141
1,0.983933
1,0.991293
1,0.999999
1,0.954041
1,0.991022
1,0.995511
1,0.999892
0,0.015309
0,0.000048
0,0.018779
0,0.004564
1,0.924669
0,0.000154
0,0.562807
1,0.999980
1,0.945033
1,0.912330
0,0.490053
0,0.000061
0,0.602364
0,0.021298
0,0.118599
1,0.997448
0,0.002093
1,0.999333
0,0.009818
1,0.999975
0,0.003476
1,0.999995
0,0.954297
1,0.949738
1,0.999598
0,0.000156
1,0.703325
1,0.950231
1,0.999999
0,0.049924
1,0.998116
0,0.000100
0,0.000037
0,0.002885
0,0.410385
1,0.995458
1,0.997561
0,0.046785
0,0.000001
0,0.000001
1,0.999154
0,0.702562
0,0.272681
0,0.000268
0,0.005563
1,0.129056
0,0.000873
1,0.998893
0,0.690871
1,0.993187
1,0.993922
0,0.006063
1,0.043681
0,0.000085
1,0.971594
1,0.034519
1,0.990765
1,0.996486
0,0.000036
1,0.993049
1,0.998172
0,0.047828
1,0.999999
0,0.225510
0,0.000257
0,0.014221
1,0.836373
1,0.999979
1,0.876477
0,0.079840
0,0.000076
0,0.000141
1,0.999235
0,0.758402
0,0.984550
0,0.101564
0,0.000020
1,0.999825
1,0.981266
1,0.477974
0,0.011524
1,0.999085
1,0.789150
1,0.146862
1,0.476586
1,0.697461
1,0.960602
0,0.000025
1,0.999947
0,0.287613
1,0.999934
1,0.977064
0,0.000008
0,0.000006
0,0.000001
0,0.457256
0,0.000028
1,0.977725
1,0.999975
0,0.000001
0,0.012027
1,0.999978
0,0.990929
1,0.999985
0,0.719106
1,0.998064
0,0.016115
1,0.994680
1,0.999818
1,0.988869
1,0.060945
1,0.999982
1,0.877945
0,0.762313
0,0.215573
0,0.018732
0,0.000568
0,0.407442
1,0.952867
1,0.999990
0,0.239033
0,0.696790
1,0.988789
0,0.000007
1,0.998300
1,0.929078
1,0.999824
1,0.999649
1,0.987721
0,0.000063
0,0.094691
1,0.999998
1,0.972105
0,0.000029
1,0.999800
1,0.999657
1,0.255803
0,0.000002
1,0.958191
1,0.990911
1,0.895717
1,0.999500
1,0.997596
0,0.231783
0,0.898040
1,0.707918
0,0.003054
0,0.001772
0,0.009435
0,0.050942
0,0.000467
0,0.005457
1,0.587441
1,0.643930
1,0.999998
1,0.998867
1,0.999736
1,0.999879
1,0.991648
1,0.999998
1,0.956340
1,0.998727
0,0.000954
0,0.012432
1,0.998138
1,0.939927
0,0.000240
0,0.010298
0,0.020722
1,0.995653
1,0.074406
1,0.999870
0,0.127980
0,0.001536
0,0.017866
1,0.429765
0,0.002424
0,0.027346
1,0.942666
1,0.996146
0,0.000284
0,0.000342
1,0.999988
0,0.524468
1,0.984459
1,0.511697
1,0.999818
1,0.285595
0,0.475676
1,0.999947
1,0.996890
0,0.000005
0,0.045727
0,0.003848
1,0.974765
1,0.958017
1,0.991615
1,0.977035
1,0.999999
1,0.949282
0,0.887298
0,0.003644
1,0.701990
1,0.662601
1,0.906300
1,0.999998
1,0.999937
0,0.027240
1,0.061459
0,0.004940
0,0.003833
0,0.425139
1,0.999150
1,0.998035
0,0.000133
1,0.886987
1,0.869264
0,0.059032
0,0.001500
1,0.988556
1,0.999987
1,0.872051
1,0.999128
1,0.938095
1,0.366918
1,0.128772
0,0.000010
0,0.658699
1,0.993975
0,0.919271
0,0.001854
0,0.006506
0,0.000412
0,0.150456
0,0.000074
1,0.865266
1,0.997896
0,0.001878
0,0.043294
0,0.001203
0,0.000313
1,0.764238
0,0.000384
0,0.764644
0,0.000162
1,0.966469
0,0.000309
0,0.025593
1,0.999964
1,0.970541
0,0.008795
1,0.999592
0,0.000126
0,0.910185
0,0.753729
1,0.999957
1,0.999836
1,0.414548
1,0.003483
1,0.558057
1,0.999999
1,0.043203
0,0.000350
0,0.551433
0,0.152679
0,0.005329
1,0.959750
1,0.964975
0,0.000962
0,0.158499
0,0.494193
0,0.003004
1,0.999774
0,0.278096
1,0.157253
0,0.000024
1,0.999197
0,0.000327
0,0.024956
0,0.000003
1,0.999982
0,0.045455
0,0.206624
1,0.711440
1,0.999998
0,0.007297
0,0.000285
1,0.994702
1,0.997033
0,0.014459
0,0.005568
1,0.997678
1,0.994167
1,0.931973
1,0.162353
1,0.932072
1,0.980691
1,0.028509
1,0.999842
1,0.999943
1,0.450360
0,0.008476
0,0.048189
1,0.071379
1,0.999975
0,0.000868
1,0.999999
0,0.001583
0,0.045816
0,0.000757
1,0.019198
1,0.998591
1,0.997833
1,0.159895
1,0.982339
0,0.002134
1,0.476405
1,0.996689
0,0.051245
1,0.678626
1,0.934438
0,0.048000
1,0.999537
1,0.993012
0,0.570374
0,0.040646
1,0.658934
1,0.765472
1,0.989356
0,0.069643
1,0.998682
1,0.995092
0,0.367058
1,0.006372
0,0.116594
1,0.999276
0,0.094630
1,0.729408
0,0.017230
0,0.060019
0,0.031256
0,0.000316
0,0.000001
1,0.966614
0,0.053170
1,0.994266
0,0.015334
0,0.000001
0,0.004974
1,0.999792
1,0.746055
1,0.999127
1,0.881434
0,0.045984
1,0.998775
0,0.194372
1,0.998186
1,0.999992
0,0.013701
0,0.808473
0,0.000038
0,0.931906
1,0.999695
1,0.999804
0,0.043928
0,0.015303
1,0.999978
0,0.899497
1,0.999079
0,0.027140
1,0.998727
0,0.096993
0,0.000216
1,0.993549
0,0.765622
0,0.001493
1,0.878586
1,0.997583
1,0.994490
0,0.002714
0,0.003422
0,0.000193
0,0.058216
1,0.715022
0,0.004545
0,0.028274
0,0.224657
0,0.001245
1,0.998006
1,0.999992
0,0.003031
1,0.999866
1,0.405374
0,0.473812
1,0.997299
1,0.629022
1,0.940978
0,0.402290
0,0.880016
1,0.723820
1,0.994089
0,0.203880
0,0.000607
1,0.999987
0,0.036343
1,0.998095
0,0.000003
0,0.008482
1,0.989605
1,0.999903
0,0.181693
1,0.997968
0,0.002784
0,0.359076
0,0.000271
1,0.342855
0,0.000091
1,0.956125
0,0.000844
0,0.152769
0,0.000274
0,0.556882
1,0.237805
0,0.000354
1,0.992153
1,0.986618
0,0.002827
1,0.967391
0,0.752899
0,0.000075
1,0.999616
1,0.992140
1,0.998091
1,0.999033
1,0.741784
0,0.013490
0,0.000532
0,0.061870
0,0.003442
0,0.933354
0,0.007130
0,0.055070
1,0.999864
1,0.999951
1,0.996752
0,0.111726
0,0.598323
0,0.000436
0,0.035173
0,0.000956
0,0.001809
1,0.999998
0,0.006229
0,0.000846
0,0.080327
1,0.999999
1,0.967832
1,0.999951
0,0.148469
1,0.985548
1,0.001993
0,0.000060
0,0.000097
0,0.003898
1,0.999925
1,0.993817
1,0.995352
1,0.929402
0,0.000035
0,0.035600
0,0.000766
1,0.466271
0,0.161963
1,0.983070
0,0.000556
1,0.998508
1,0.995759
1,0.081363
1,0.662324
0,0.006846
0,0.001263
1,0.335480
0,0.050838
0,0.144958
1,0.112132
0,0.014729
0,0.233157
0,0.000086
1,0.114246
0,0.012805
0,0.000010
1,0.983273
1,0.999981
0,0.002721
0,0.298238
1,0.933669
1,0.999999
0,0.000095
0,0.004854
1,0.982957
1,0.998504
1,0.992955
1,0.267556
0,0.001871
0,0.096672
0,0.003526
0,0.000333
1,0.884062
1,0.999045
1,0.997231
0,0.043345
0,0.100793
0,0.000731
0,0.867215
0,0.158615
0,0.008540
0,0.000084
0,0.094335
1,0.850128
1,0.928555
1,0.850109
0,0.000019
1,0.997795
0,0.000002
1,0.989834
0,0.001539
1,0.998012
0,0.094956
1,0.999957
1,0.376860
1,0.995024
0,0.510766
1,0.998758
1,0.998727
1,0.999505
0,0.836987
0,0.024477
1,0.999998
0,0.003139
0,0.070003
1,0.945683
1,0.460940
1,0.852893
0,0.851789
0,0.000003
0,0.058712
0,0.368648
1,0.850603
0,0.575906
0,0.003200
1,0.999999
1,0.999960
0,0.000106
0,0.741394
0,0.000019
1,0.983437
0,0.003510
0,0.002501
0,0.917784
0,0.025044
1,0.999999
1,0.928449
1,0.999819
0,0.837673
1,0.999625
1,0.990144
1,0.999443
1,0.987406
0,0.000001
1,0.986338
1,0.999913
0,0.089067
1,0.999729
1,0.960862
0,0.000664
0,0.001621
0,0.000843
1,0.998263
0,0.304432
0,0.078475
1,0.999723
1,0.999987
1,0.999078
1,0.999336
1,0.997998
0,0.623244
1,0.999877
1,0.988328
1,0.999898
0,0.000544
0,0.000096
1,0.861002
1,0.999984
0,0.046297
1,0.999676
0,0.025574
1,0.978188
0,0.001174
1,0.999664
0,0.442398
0,0.134989
0,0.000013
0,0.005545
1,0.831093
0,0.501256
0,0.000249
0,0.007377
0,0.002417
1,0.999582
0,0.469433
0,0.070405
0,0.713666
0,0.318925
1,0.988246
1,0.927175
0,0.156448
0,0.000089
0,0.000115
1,0.947336
1,0.997948
1,0.999998
1,0.126079
1,0.999619
0,0.982349
1,0.850765
0,0.007376
1,0.595184
0,0.010460
1,0.322047
0,0.022082
1,0.976768
1,0.965860
1,0.197627
1,0.998633
0,0.005880
1,0.999994
1,0.980206
0,0.001868
0,0.922431
0,0.235283
1,0.999220
1,0.857137
0,0.000007
0,0.000008
0,0.008657
1,0.394283
0,0.000342
0,0.000058
0,0.000001
1,0.999712
1,0.844067
1,0.480023
1,0.999502
1,0.998929
0,0.002506
1,0.990948
1,0.999998
0,0.000002
1,0.999918
1,0.673633
1,0.998590
1,0.999442
1,0.999333
1,0.881373
1,0.931062
0,0.051004
1,0.369716
1,0.999993
0,0.215265
1,0.999526
1,0.480580
0,0.018808
1,0.356463
1,0.980741
1,0.978748
0,0.028223
0,0.013033
0,0.212462
0,0.027546
1,0.995661
1,0.999668
0,0.148970
1,0.311146
1,0.706428
0,0.000150
1,0.138434
0,0.258830
0,0.000119
1,0.999996
1,0.986572
1,0.988662
0,0.010786
0,0.000152
0,0.008334
1,0.978102
0,0.026971
0,0.003502
1,0.504227
1,0.999925
0,0.074777
0,0.016660
1,0.994980
1,0.959822
0,0.001070
0,0.003536
0,0.127173
1,0.989373
0,0.000289
1,0.291897
1,0.999887
1,0.984074
1,0.997047
1,0.938373
0,0.000005
0,0.000177
0,0.099754
0,0.000013
0,0.000012
1,0.013605
1,0.999403
0,0.054645
1,0.995075
0,0.015194
0,0.000694
1,0.418594
0,0.329637
0,0.474093
1,0.111735
0,0.870903
1,0.995982
1,0.032685
0,0.470056
0,0.000148
0,0.000141
1,0.832164
0,0.007675
0,0.013568
1,0.999967
0,0.000504
1,0.919722
0,0.507145
0,0.002987
0,0.017182
0,0.000153
1,0.959480
1,0.999224
1,0.999995
0,0.011876
1,0.999835
0,0.001628
0,0.050819
0,0.000074
0,0.000109
1,0.128009
1,0.998860
0,0.024411
1,0.987446
0,0.003908
0,0.000125
0,0.281903
1,0.998678
0,0.032481
1,0.998886
1,0.675773
1,0.386978
1,0.866804
1,0.999999
1,0.999997
0,0.000260
1,0.983089
0,0.000094
1,0.996363
0,0.000606
0,0.000002
1,0.999998
0,0.000111
0,0.000007
1,0.995963
1,0.924089
0,0.156326
1,0.999990
0,0.016922
0,0.079467
0,0.075570
0,0.012351
1,0.997582
1,0.999818
0,0.003781
0,0.000100
0,0.111589
0,0.000001
1,0.815245
1,0.821441
1,0.995649
1,0.117178
1,0.999972
0,0.053457
0,0.170597
1,0.999991
0,0.000004
1,0.998516
0,0.005625
1,0.987788
0,0.052843
0,0.063257
0,0.963937
0,0.086257
0,0.001638
0,0.002530
1,0.992077
0,0.000049
0,0.000238
1,0.999905
0,0.017021
1,0.995018
1,0.982389
0,0.864375
0,0.000077
0,0.000124
0,0.000029
1,0.694368
0,0.052275
0,0.012871
1,0.999095
0,0.207266
0,0.000202
0,0.141553
0,0.622767
1,0.842807
1,0.270885
1,0.998004
1,0.981820
0,0.000693
0,0.999432
1,0.997661
1,0.017228
0,0.000174
0,0.150884
0,0.036403
0,0.001945
0,0.997206
1,0.996909
0,0.002131
0,0.000012
1,0.623470
1,0.996777
1,0.927965
1,0.804661
1,0.999633
1,0.720301
0,0.000007
0,0.005958
1,0.990921
1,0.437145
1,0.922584
1,0.993616
0,0.000001
0,0.875936
1,0.368840
1,0.994051
1,0.991996
1,0.983195
1,0.941855
0,0.013978
1,0.999374
0,0.563246
0,0.704844
0,0.000046
1,0.999655
1,0.295010
0,0.000693
0,0.003271
1,0.999007
0,0.013088
0,0.000202
0,0.000069
1,0.174699
1,0.823315
0,0.017359
1,0.993505
1,0.999982
0,0.029863
1,0.961795
0,0.058347
1,0.999919
1,0.999871
1,0.998928
1,0.769200
1,0.993653
1,0.999998
1,0.998454
1,0.984286
0,0.000316
1,0.977753
0,0.724930
1,0.999911
1,0.086213
0,0.000025
0,0.101646
1,0.801977
1,0.999686
0,0.088633
1,0.418412
1,0.994219
0,0.001447
0,0.115178
1,0.760358
0,0.000037
1,0.010947
0,0.256984
0,0.003024
0,0.027668
0,0.000061
0,0.188070
1,0.952067
0,0.493888
1,0.999928
0,0.000695
0,0.025241
0,0.320616
0,0.000204
0,0.001888
1,0.999997
0,0.638718
0,0.000527
1,0.999961
1,0.929127
1,0.999996
0,0.000620
1,0.999963
0,0.008724
1,0.983977
1,0.950368
0,0.009937
0,0.075588
1,0.114035
0,0.453327
1,0.997661
1,0.966255
0,0.000084
0,0.010523
1,0.999956
0,0.010767
1,0.999727
1,0.189760
1,0.997724
0,0.132102
0,0.004751
0,0.000330
1,0.868298
1,0.972566
0,0.000009
1,0.999954
0,0.129322
1,0.999667
0,0.458147
1,0.787222
0,0.019101
0,0.005250
0,0.085237
0,0.621838
1,0.215648
0,0.033885
0,0.147776
1,0.996528
0,0.433375
0,0.106969
0,0.616669
0,0.019132
1,0.999556
0,0.435512
0,0.075877
1,0.929019
0,0.001922
1,0.992495
1,0.999788
1,0.999941
1,0.594941
1,0.994867
0,0.000080
0,0.661204
0,0.998658
1,0.997038
1,0.911657
1,0.998320
0,0.003365
1,0.060601
1,0.999725
0,0.118456
1,0.994349
1,0.961183
0,0.000001
0,0.000005
1,0.999957
0,0.004712
1,0.997838
0,0.287253
1,0.477415
1,0.990847
0,0.016171
0,0.668724
1,0.897875
0,0.321237
0,0.000040
1,0.998610
0,0.000031
0,0.000069
1,0.520496
1,0.999812
0,0.001140
0,0.000203
1,0.999836
1,0.993690
1,0.992754
1,0.996061
0,0.013374
0,0.000458
1,0.978529
0,0.497499
1,0.995441
0,0.012502
1,0.997063
1,0.998905
0,0.000005
1,0.928642
0,0.000014
1,0.999931
1,0.999999
0,0.786797
1,0.905972
1,0.994761
0,0.233516
1,0.999473
1,0.996523
0,0.000002
0,0.000179
0,0.067538
1,0.996322
1,0.999926
1,0.886177
0,0.003931
1,0.999964
1,0.965524
1,0.777501
0,0.000047
0,0.326233
1,0.227166
1,0.971250
1,0.994730
0,0.002660
0,0.000127
0,0.052109
1,0.969620
1,0.998145
1,0.976182
1,0.129542
1,0.999999
0,0.049328
1,0.999864
1,0.999595
1,0.996545
1,0.114415
0,0.291961
1,0.995359
1,0.999999
0,0.021353
0,0.000315
0,0.000078
0,0.028229
0,0.002624
1,0.986241
0,0.073076
0,0.944023
0,0.000020
1,0.996242
1,0.995788
0,0.007146
0,0.000963
1,0.971924
1,0.739031
0,0.030988
1,0.998426
0,0.000039
0,0.000013
0,0.674333
0,0.003755
1,0.998959
0,0.002157
0,0.011489
1,0.586081
0,0.000348
0,0.436649
0,0.002766
0,0.004781
0,0.024109
0,0.238986
0,0.685705
0,0.038843
1,0.999705
1,0.998474
1,0.947223
0,0.351008
1,0.994020
1,0.999974
0,0.883217
0,0.033668
0,0.004929
1,0.999932
0,0.000001
1,0.289113
1,0.996077
1,0.992034
0,0.005144
0,0.024203
0,0.913281
1,0.839092
0,0.305134
1,0.295283
1,0.998639
1,0.897526
1,0.989143
1,0.983419
1,0.988552
1,0.988000
1,0.999997
1,0.019316
0,0.000008
1,0.977126
1,0.999777
1,0.938147
1,0.999218
0,0.004378
1,0.012368
0,0.086273
1,0.995941
1,0.999909
0,0.000019
1,0.971185
0,0.037203
1,0.795715
1,0.557124
0,0.916596
0,0.030882
0,0.000058
0,0.433184
0,0.027342
1,0.999754
1,0.698263
0,0.098980
0,0.591968
0,0.000295
0,0.016147
1,0.993299
0,0.180199
1,0.956761
1,0.998378
1,0.981586
0,0.294710
0,0.000039
1,0.999810
1,0.996324
1,0.535222
1,0.999998
0,0.992831
1,0.999681
1,0.999552
1,0.949220
1,0.998579
1,0.468923
1,0.999861
0,0.000141
0,0.000008
1,0.517767
0,0.000668
0,0.000577
1,0.994824
1,0.874936
1,0.999924
1,0.993215
0,0.201362
1,0.999965
1,0.997432
1,0.994157
1,0.994961
1,0.999991
1,0.997947
1,0.999884
1,0.999836
0,0.005952
0,0.033727
0,0.001980
0,0.000085
1,0.850635
1,0.999973
0,0.010799
1,0.927534
0,0.877395
1,0.995914
1,0.453884
0,0.302748
0,0.005785
1,0.999999
0,0.000035
0,0.001603
0,0.980910
1,0.575641
0,0.000022
0,0.035241
0,0.042406
1,0.999883
0,0.448525
0,0.017569
0,0.910823
1,0.997928
1,0.999988
1,0.999966
1,0.999643
1,0.991092
0,0.025776
1,0.999738
1,0.999024
1,0.902681
0,0.089622
0,0.044398
0,0.013601
0,0.021903
0,0.643612
1,0.999663
0,0.033170
1,0.932697
0,0.330731
1,0.953928
1,0.996399
1,0.883476
1,0.890373
0,0.003580
0,0.001127
1,0.999857
1,0.972083
1,0.582036
0,0.021039
0,0.000332
1,0.986898
1,0.999999
1,0.377233
0,0.040302
1,0.999999
0,0.000052
1,0.999994
1,0.851714
0,0.002532
0,0.013861
0,0.007941
0,0.007506
0,0.096504
0,0.761794
0,0.013213
0,0.958545
1,0.999999
1,0.995131
1,0.987898
1,0.998381
1,0.950350
1,0.006808
1,0.979923
0,0.002976
0,0.000004
0,0.118458
1,0.999938
0,0.000017
0,0.317190
1,0.993708
0,0.015772
0,0.000058
1,0.977882
1,0.925734
0,0.000683
0,0.041528
1,0.945638
0,0.001761
0,0.000077
1,0.996711
1,0.495123
1,0.992922
1,0.995413
1,0.999006
0,0.004134
0,0.000373
1,0.943623
1,0.993167
1,0.998210
1,0.984778
1,0.999947
1,0.999041
0,0.000151
1,0.999410
1,0.999978
1,0.999987
1,0.970263
1,0.999187
1,0.987238
1,0.994839
1,0.999575
0,0.026876
1,0.999906
1,0.956020
0,0.923598
0,0.017823
0,0.591984
1,0.001085
1,0.970223
0,0.000569
0,0.002989
1,0.998608
0,0.017929
1,0.995406
1,0.755654
0,0.001368
1,0.903031
1,0.999523
0,0.000004
0,0.242391
1,0.997233
1,0.999901
1,0.999113
0,0.017185
0,0.000014
1,0.689757
1,0.997498
0,0.000153
1,0.952761
0,0.000019
1,0.999984
1,0.999409
0,0.999688
0,0.003420
0,0.024671
0,0.033525
1,0.975670
0,0.000001
0,0.111681
1,0.865119
1,0.998881
1,0.581692
1,0.566778
1,0.978618
0,0.034231
1,0.994745
1,0.998942
0,0.005373
1,0.986121
1,0.864617
0,0.013586
1,0.999893
1,0.974953
0,0.000251
1,0.999690
1,0.973238
0,0.038828
0,0.156968
1,0.999892
0,0.058736
0,0.463159
0,0.001262
0,0.030307
0,0.061641
0,0.000042
1,0.999730
0,0.117389
0,0.061984
0,0.001443
0,0.026587
0,0.000040
1,0.999997
1,0.966653
1,0.999920
0,0.120873
0,0.087576
1,0.995228
0,0.761145
0,0.000563
0,0.103375
1,0.999992
0,0.003289
1,0.997377
1,0.518707
1,0.999173
1,0.999018
1,0.661505
1,0.966693
0,0.042383
1,0.050100
0,0.905491
1,0.897652
0,0.799819
1,0.959169
1,0.860682
0,0.000026
0,0.007034
1,0.999451
0,0.151132
1,0.999721
0,0.000051
0,0.009531
1,0.787706
0,0.000967
1,0.998516
1,0.963973
0,0.136777
1,0.975867
0,0.000388
0,0.621926
1,0.989761
0,0.011935
0,0.719844
1,0.999761
1,0.999981
0,0.115136
1,0.996979
0,0.001579
1,0.999999
1,0.999223
1,0.998271
1,0.999994
0,0.000340
0,0.000430
0,0.237318
0,0.000176
0,0.000040
0,0.007073
1,0.720686
0,0.000181
1,0.990916
0,0.993228
1,0.999952
1,0.999997
0,0.000036
0,0.883818
0,0.000029
0,0.914571
0,0.001662
0,0.000193
1,0.971731
1,0.367289
0,0.722284
0,0.008302
0,0.000303
0,0.043618
1,0.998637
1,0.933542
1,0.147864
0,0.000010
1,0.991828
0,0.023502
0,0.375641
1,0.997741
1,0.999647
0,0.086572
1,0.937087
1,0.984111
0,0.042268
1,0.982468
0,0.000485
1,0.997705
1,0.999817
0,0.071622
1,0.995914
1,0.999987
0,0.001289
1,0.999170
1,0.089498
0,0.030832
0,0.002042
0,0.000105
1,0.606559
1,0.558406
1,0.998247
0,0.170789
0,0.046719
1,0.995965
0,0.088660
0,0.635150
0,0.000616
0,0.010613
0,0.005917
1,0.999449
0,0.996295
0,0.009348
0,0.001661
0,0.025973
0,0.863358
0,0.114155
1,0.999768
0,0.012588
0,0.779949
0,0.009954
1,0.999976
1,0.999199
1,0.999712
0,0.879072
0,0.030622
0,0.001142
1,0.648154
1,0.923747
0,0.023226
0,0.037240
1,0.825549
1,0.998347
1,0.158235
0,0.584642
1,0.963243
1,0.998515
0,0.299317
1,0.999998
0,0.077069
1,0.998237
1,0.998427
0,0.451264
0,0.039928
0,0.000820
0,0.033599
1,0.849943
1,0.998818
1,0.999730
0,0.000033
1,0.998467
0,0.087213
0,0.796498
0,0.000234
0,0.000141
0,0.045906
0,0.010333
1,0.979896
0,0.001992
0,0.999736
0,0.005163
0,0.000188
0,0.920752
1,0.999560
1,0.985976
1,0.934889
0,0.003461
0,0.041687
0,0.055385
0,0.000156
1,0.999999
1,0.999800
0,0.158420
1,0.993576
0,0.117094
0,0.000391
1,0.783656
0,0.000008
1,0.993103
0,0.003477
0,0.000348
1,0.338647
1,0.999908
0,0.004867
0,0.001018
0,0.503657
1,0.999818
0,0.416806
0,0.978696
0,0.004796
0,0.000001
1,0.999885
1,0.999999
0,0.000303
1,0.106588
0,0.157890
1,0.497670
1,0.999881
1,0.999974
0,0.000227
0,0.012279
1,0.996100
1,0.575381
1,0.982362
1,0.999685
1,0.968931
0,0.599794
0,0.017608
1,0.590195
1,0.999963
0,0.154412
0,0.000158
0,0.000180
1,0.945103
0,0.011940
0,0.926705
0,0.926430
0,0.143056
0,0.000013
1,0.999969
1,0.995825
0,0.004833
1,0.999998
0,0.003861
0,0.002957
0,0.000038
0,0.038781
0,0.389977
1,0.999938
1,0.998211
1,0.999566
0,0.000715
0,0.000141
0,0.074483
1,0.999995
1,0.092755
1,0.966083
1,0.983943
0,0.000052
0,0.061944
0,0.003993
0,0.015972
1,0.596647
1,0.968919
1,0.999987
0,0.005116
0,0.604396
1,0.996494
1,0.021329
0,0.000316
0,0.003968
1,0.999857
1,0.731456
0,0.000327
0,0.000064
0,0.009201
0,0.000042
1,0.972073
0,0.002764
1,0.696763
0,0.581333
1,0.998826
0,0.949583
0,0.000022
1,0.966942
1,0.764256
1,0.006778
1,0.991032
0,0.011340
1,0.999953
1,0.811340
1,0.997717
0,0.000207
0,0.602988
1,0.705069
1,0.966529
0,0.037968
1,0.999595
1,0.999486
0,0.000005
0,0.221430
1,0.768132
0,0.000161
1,0.880065
0,0.041409
0,0.052797
1,0.987568
0,0.021426
0,0.032162
0,0.021357
0,0.000135
1,0.999992
1,0.997967
1,0.995679
1,0.998595
1,0.999991
1,0.996922
1,0.999988
0,0.102455
0,0.005273
1,0.999722
1,0.983158
0,0.001299
1,0.990706
1,0.999103
0,0.001600
1,0.271328
1,0.995966
0,0.000746
0,0.432482
0,0.000003
0,0.378734
1,0.977265
0,0.020803
1,0.892124
0,0.006759
0,0.055298
0,0.000542
0,0.337997
1,0.998041
0,0.039310
0,0.007187
1,0.904058
1,0.999617
0,0.169130
1,0.986274
0,0.043386
1,0.999988
1,0.616207
1,0.819026
0,0.000177
0,0.028287
1,0.341743
0,0.048180
1,0.998252
1,0.494994
1,0.582909
0,0.972942
1,0.999950
1,0.992975
1,0.988623
1,0.353175
0,0.157739
0,0.999220
0,0.391603
1,0.954312
1,0.914542
0,0.077029
0,0.000921
1,0.999782
0,0.224368
0,0.004760
0,0.000023
0,0.768330
0,0.026918
0,0.001258
1,0.999957
0,0.019605
0,0.005070
1,0.847199
1,0.999506
0,0.964909
0,0.313825
1,0.977890
0,0.000627
1,0.996927
1,0.873874
0,0.306476
1,0.999104
0,0.006048
0,0.005663
1,0.999541
0,0.097137
0,0.057886
1,0.999994
0,0.047015
1,0.991334
0,0.025292
1,0.975938
1,0.999999
0,0.941497
0,0.074275
1,0.363913
1,0.999274
0,0.006500
1,0.981787
0,0.028893
0,0.237809
0,0.000083
1,0.999878
1,0.973707
1,0.964224
1,0.329970
1,0.078565
1,0.963050
1,0.741003
0,0.012378
0,0.998348
1,0.999993
0,0.000003
1,0.030115
0,0.145623
0,0.975974
1,0.999785
1,0.987915
1,0.999789
0,0.020327
0,0.276406
1,0.999864
0,0.001576
0,0.000059
0,0.312442
0,0.044508
0,0.004553
1,0.968273
0,0.000336
0,0.000478
0,0.001359
1,0.911824
0,0.001796
0,0.024634
0,0.996016
1,0.989676
1,0.999559
1,0.999743
0,0.000044
0,0.083251
1,0.986036
1,0.955066
1,0.893487
0,0.033749
0,0.000109
0,0.487748
0,0.016112
1,0.995103
1,0.985682
1,0.961777
1,0.990041
0,0.988386
0,0.010650
0,0.337038
0,0.023352
1,0.998397
1,0.159337
1,0.998446
1,0.999297
0,0.016153
0,0.000087
0,0.949643
1,0.999179
0,0.142881
0,0.272089
0,0.000236
0,0.514680
1,0.999726
0,0.000258
0,0.002104
0,0.520411
0,0.029555
0,0.015581
0,0.001839
0,0.058835
1,0.999999
1,0.655516
0,0.077667
1,0.705435
1,0.999986
1,0.986498
1,0.988259
0,0.000147
0,0.000809
1,0.981936
1,0.999597
0,0.644164
0,0.027749
0,0.739609
0,0.000084
0,0.007189
1,0.999950
0,0.002229
1,0.068919
1,0.999926
1,0.999258
1,0.818530
0,0.063390
1,0.998735
0,0.000721
1,0.993789
1,0.328013
1,0.999916
0,0.868544
0,0.014520
1,0.995514
0,0.023578
0,0.001769
0,0.015722
1,0.883752
1,0.999999
0,0.680320
1,0.064218
0,0.000653
1,0.630441
0,0.004932
1,0.997274
0,0.232286
1,0.999809
0,0.006684
1,0.999787
1,0.982767
0,0.000429
1,0.998660
1,0.999784
0,0.000245
0,0.000317
1,0.667644
1,0.999285
1,0.998247
1,0.427101
0,0.000253
1,0.673999
1,0.999817
0,0.000485
0,0.001327
1,0.890864
1,0.999911
1,0.995591
0,0.000114
1,0.969300
0,0.491695
1,0.997138
0,0.000052
0,0.006624
0,0.143152
1,0.999882
0,0.001817
0,0.164545
1,0.977400
0,0.081707
1,0.999967
0,0.014267
0,0.000001
0,0.022237
0,0.000478
1,0.837147
1,0.999783
0,0.000012
1,0.843259
0,0.001266
1,0.999034
1,0.718942
0,0.990955
0,0.000099
1,0.996218
1,0.999916
1,0.029662
1,0.964856
1,0.528211
0,0.005987
0,0.000161
0,0.022958
1,0.584849
1,0.931720
1,0.524154
0,0.000491
1,0.995492
0,0.021413
1,0.162487
1,0.969010
0,0.063142
1,0.990665
1,0.102353
0,0.010914
0,0.012853
1,0.023004
1,0.998795
1,0.999206
0,0.040174
0,0.000968
0,0.008290
1,0.993546
1,0.970597
1,0.616060
0,0.007350
0,0.000018
0,0.006658
0,0.000243
0,0.000255
0,0.992192
1,0.999023
0,0.049529
0,0.004740
1,0.519631
1,0.996717
0,0.000544
0,0.002109
0,0.038318
0,0.000342
1,0.624344
1,0.979240
0,0.000030
0,0.006141
1,0.003787
1,0.989894
0,0.029545
1,0.993133
0,0.025998
1,0.489651
1,0.997895
0,0.000185
1,0.992945
1,0.956530
0,0.000446
0,0.000004
1,0.314034
0,0.000357
1,0.999986
0,0.000029
1,0.992215
1,0.993111
1,0.971624
1,0.999050
1,0.968037
0,0.023304
0,0.018502
0,0.477306
1,0.998152
1,0.998883
1,0.999970
1,0.996405
1,0.993197
1,0.989996
1,0.999963
0,0.000815
0,0.533197
1,0.998454
0,0.028955
1,0.955743
0,0.000078
1,0.823155
1,0.940152
1,0.999993
1,0.856965
1,0.997084
0,0.001875
1,0.998944
1,0.995648
1,0.688026
1,0.981739
0,0.004918
1,0.998266
1,0.937099
1,0.266891
1,0.991100
1,0.726033
1,0.064553
1,0.278301
1,0.993667
1,0.998470
1,0.241326
0,0.000060
1,0.116339
0,0.623794
1,0.999748
0,0.119771
1,0.911460
1,0.979630
1,0.542198
1,0.999755
0,0.000445
0,0.439460
0,0.000175
0,0.001450
0,0.000377
0,0.027077
1,0.888233
1,0.982765
0,0.495227
1,0.937694
1,0.717830
1,0.002407
1,0.676021
1,0.951532
1,0.970409
1,0.390693
0,0.001723
0,0.000671
1,0.999864
1,0.999879
0,0.003372
0,0.000005
0,0.001009
1,0.929880
0,0.996052
0,0.159536
0,0.000820
0,0.151084
0,0.000319
0,0.116023
0,0.269641
1,0.963122
1,0.993497
0,0.000051
0,0.085902
0,0.329343
1,0.130462
0,0.840685
0,0.003934
1,0.947459
0,0.350330
0,0.004281
0,0.000546
1,0.989680
0,0.089052
1,0.921659
0,0.000005
0,0.011596
1,0.158144
1,0.999686
1,0.994441
0,0.212352
1,0.512624
1,0.999563
1,0.503104
0,0.101301
1,0.938844
0,0.002901
1,0.726402
0,0.000198
0,0.006628
1,0.994031
1,0.518155
0,0.008402
1,0.999438
1,0.897934
0,0.000057
1,0.012370
1,0.999713
1,0.873213
0,0.609355
0,0.000488
0,0.117178
1,0.943025
0,0.038682
1,0.845096
1,0.995503
1,0.263133
0,0.006274
0,0.227960
1,0.989129
1,0.840508
0,0.007968
1,0.982910
1,0.897838
0,0.133732
0,0.379824
0,0.000080
0,0.000349
1,0.435377
0,0.500961
1,0.990318
1,0.999973
1,0.990274
1,0.787856
1,0.622173
0,0.005714
0,0.000033
0,0.000781
0,0.000001
1,0.996978
0,0.000372
0,0.004488
0,0.007372
0,0.010241
0,0.209907
1,0.999998
0,0.002708
1,0.785592
1,0.990639
1,0.999996
0,0.005798
0,0.326934
1,0.997410
0,0.043127
1,0.761187
1,0.995459
0,0.710434
0,0.000005
1,0.908455
0,0.001174
0,0.000278
0,0.000075
0,0.004517
0,0.207201
0,0.002026
1,0.701217
1,0.911799
0,0.963998
1,0.993821
1,0.999995
1,0.223936
1,0.993006
0,0.000004
1,0.999617
0,0.000001
0,0.030162
0,0.973704
0,0.024034
0,0.921133
1,0.999998
0,0.395293
1,0.767713
0,0.000012
0,0.006630
1,0.999294
1,0.315797
0,0.037579
0,0.703031
0,0.000280
1,0.999999
1,0.024942
0,0.000121
0,0.000031
1,0.985219
1,0.999957
1,0.999199
0,0.173851
1,0.988765
1,0.999662
1,0.999818
0,0.471749
0,0.000083
1,0.076655
1,0.999384
1,0.877245
0,0.000559
1,0.878162
0,0.013298
1,0.999974
1,0.999763
0,0.009481
1,0.988900
1,0.998600
0,0.990524
0,0.010805
1,0.998851
1,0.048530
0,0.001054
1,0.999762
0,0.000095
1,0.695084
1,0.999166
0,0.005866
0,0.043640
1,0.999963
0,0.011406
0,0.098245
0,0.000268
1,0.615152
1,0.999963
1,0.978230
1,0.131084
0,0.000415
0,0.000109
0,0.003720
0,0.000006
1,0.999777
0,0.000320
0,0.015296
0,0.003012
1,0.999999
0,0.135466
1,0.991608
0,0.000725
1,0.994658
0,0.081579
0,0.264435
1,0.991981
1,0.996057
1,0.999850
0,0.050871
1,0.999007
0,0.024460
0,0.005051
1,0.999952
0,0.084132
0,0.005465
0,0.001022
1,0.878406
1,0.999999
0,0.006861
1,0.926936
1,0.701942
0,0.290792
1,0.999982
1,0.999616
0,0.552723
0,0.014663
1,0.940889
1,0.999987
1,0.065520
1,0.999703
0,0.025889
1,0.998797
1,0.998924
1,0.685052
1,0.999973
1,0.992686
0,0.000557
1,0.986423
1,0.646521
1,0.805243
0,0.080244
0,0.013214
0,0.728275
0,0.001383
1,0.993298
1,0.997981
0,0.977801
0,0.000008
1,0.988463
0,0.951556
0,0.002057
0,0.889440
1,0.972948
0,0.000001
1,0.998089
0,0.177132
1,0.999735
0,0.669163
0,0.042759
1,0.955699
0,0.207983
1,0.997669
1,0.881359
1,0.997585
0,0.992058
1,0.999348
0,0.879950
0,0.005345
1,0.999027
1,0.999336
0,0.017667
0,0.000311
0,0.005944
0,0.010444
0,0.175358
1,0.997530
0,0.012880
1,0.999753
0,0.463344
0,0.019385
1,0.537502
0,0.002937
0,0.028455
0,0.000005
1,0.985664
1,0.973913
0,0.000073
1,0.999994
0,0.018096
0,0.002308
0,0.002499
0,0.000001
1,0.990295
1,0.931384
1,0.998630
1,0.825760
1,0.692928
0,0.000001
0,0.078870
0,0.000001
1,0.999935
0,0.058053
0,0.000002
0,0.000085
1,0.999972
1,0.999521
1,0.769669
0,0.000189
1,0.587687
1,0.993716
1,0.999540
0,0.171636
1,0.979746
0,0.000605
1,0.335181
1,0.844022
0,0.061322
0,0.000033
1,0.999098
1,0.999748
1,0.996056
1,0.999428
0,0.001452
1,0.912012
1,0.942556
1,0.983285
0,0.024403
1,0.982026
0,0.000263
0,0.514722
1,0.736688
0,0.000910
1,0.998800
0,0.001950
0,0.600833
0,0.000102
0,0.660758
0,0.283434
1,0.994049
1,0.054534
0,0.018284
0,0.000019
0,0.706498
1,0.773770
0,0.008869
1,0.999996
1,0.999510
1,0.984040
0,0.004761
1,0.998463
0,0.010426
0,0.000001
1,0.877539
1,0.807007
1,0.999261
1,0.999968
1,0.994395
1,0.536633
0,0.066183
0,0.802670
1,0.999090
1,0.999966
1,0.995843
0,0.001339
0,0.000190
0,0.075526
0,0.022490
1,0.956113
1,0.851867
0,0.000186
1,0.999983
1,0.982813
1,0.873159
1,0.998885
1,0.131952
1,0.761723
0,0.000002
1,0.891825
1,0.999977
0,0.389594
1,0.889022
1,0.890908
1,0.999920
0,0.001890
0,0.225664
0,0.000001
1,0.999796
0,0.000562
1,0.985503
0,0.005760
0,0.001861
0,0.036654
0,0.000042
0,0.002523
0,0.001496
1,0.986237
1,0.120457
1,0.231344
0,0.013975
1,0.480677
0,0.956849
0,0.000266
1,0.999956
0,0.000119
1,0.999730
0,0.001337
1,0.938457
0,0.012686
0,0.981177
1,0.999853
1,0.999332
0,0.055126
1,0.999876
1,0.999995
1,0.432792
1,0.588023
0,0.001565
1,0.819580
1,0.991429
1,0.999999
1,0.997621
1,0.982598
0,0.010485
1,0.983520
1,0.953188
1,0.999697
0,0.206698
0,0.014822
0,0.626568
0,0.014473
1,0.878433
0,0.000024
1,0.998829
0,0.000264
1,0.144506
1,0.993555
0,0.000585
0,0.000096
0,0.000059
0,0.181312
0,0.000036
0,0.839003
1,0.825067
1,0.657734
1,0.133919
0,0.000009
1,0.999335
0,0.005197
1,0.999999
0,0.018518
1,0.998834
1,0.999945
1,0.991486
1,0.653142
1,0.997137
1,0.996175
0,0.498260
0,0.000231
0,0.000002
1,0.842963
0,0.000034
0,0.014256
1,0.999960
1,0.998545
1,0.999983
1,0.999851
1,0.995129
0,0.000001
0,0.003637
0,0.075281
0,0.051974
1,0.979849
1,0.999232
1,0.985152
1,0.965198
1,0.999820
1,0.999999
1,0.999994
1,0.990566
1,0.938455
1,0.972197
1,0.999867
0,0.002920
0,0.108925
1,0.247997
0,0.000016
1,0.985240
1,0.928175
1,0.991785
1,0.891687
1,0.295368
0,0.008723
1,0.999979
0,0.001134
0,0.970362
0,0.000436
1,0.999895
1,0.888260
1,0.075545
0,0.029386
0,0.134140
1,0.445397
0,0.051408
1,0.999920
0,0.002056
1,0.999995
0,0.000102
0,0.502514
0,0.200991
0,0.961316
0,0.005665
1,0.931685
1,0.999918
0,0.002277
0,0.010730
0,0.015433
0,0.000084
1,0.998999
0,0.092538
0,0.968288
1,0.999182
0,0.822081
1,0.999945
1,0.999995
1,0.999913
0,0.010092
1,0.985288
1,0.999695
0,0.099456
1,0.999342
0,0.111132
1,0.998650
1,0.996836
0,0.069826
0,0.001186
0,0.247346
1,0.999996
0,0.000004
1,0.977736
1,0.705829
1,0.999980
0,0.006260
0,0.001364
0,0.000710
0,0.134035
0,0.152871
0,0.004257
1,0.998040
0,0.010483
0,0.000142
0,0.850097
1,0.999944
0,0.012443
1,0.999991
1,0.548950
1,0.973988
0,0.013633
1,0.999999
1,0.999729
1,0.575712
0,0.522141
1,0.999346
1,0.960043
0,0.000050
1,0.994352
1,0.999911
1,0.994969
1,0.870212
0,0.224565
1,0.989218
0,0.013656
1,0.999173
0,0.957256
0,0.040056
1,0.986730
0,0.000255
0,0.190822
1,0.987307
1,0.949983
0,0.000690
1,0.995303
0,0.000131
1,0.984441
1,0.991604
1,0.858714
0,0.000835
0,0.000063
1,0.999963
1,0.997437
0,0.000024
0,0.859748
0,0.000285
1,0.993261
1,0.999880
0,0.010770
0,0.000034
1,0.989458
1,0.991471
1,0.999608
0,0.007035
0,0.004130
0,0.000006
0,0.897383
1,0.999911
1,0.999582
1,0.010266
0,0.004756
0,0.024813
0,0.981271
0,0.000094
0,0.134712
0,0.741596
0,0.000131
0,0.009272
0,0.081706
1,0.977786
0,0.002988
1,0.998146
1,0.999998
0,0.066148
1,0.999725
0,0.081497
0,0.000148
1,0.993860
1,0.999686
0,0.026227
1,0.987935
0,0.000958
1,0.782135
1,0.998491
0,0.000897
0,0.013281
0,0.231164
0,0.036428
1,0.999952
0,0.025893
0,0.065410
0,0.008920
0,0.000314
1,0.999986
0,0.185033
1,0.999458
1,0.911839
1,0.999286
0,0.268299
0,0.088497
0,0.045751
0,0.000807
1,0.998020
1,0.996320
0,0.000522
1,0.996229
0,0.000498
0,0.935589
1,0.994872
0,0.207080
1,0.999329
0,0.000038
1,0.999944
1,0.999899
0,0.003166
0,0.000011
0,0.244385
0,0.002735
1,0.858983
1,0.991253
1,0.998385
0,0.347573
1,0.965909
0,0.011007
1,0.939643
0,0.263212
1,0.985589
1,0.977345
0,0.000309
1,0.999712
0,0.000263
1,0.743347
1,0.499423
0,0.000031
0,0.006667
1,0.999144
1,0.993476
0,0.077580
0,0.304976
0,0.000224
0,0.000032
1,0.994289
0,0.007071
0,0.004978
0,0.000931
1,0.999811
1,0.793893
1,0.764917
0,0.002184
1,0.999933
1,0.917826
0,0.000018
1,0.961954
1,0.787293
1,0.468776
0,0.000015
0,0.002166
1,0.999531
0,0.000050
0,0.012188
0,0.002514
0,0.962443
0,0.003411
1,0.999531
0,0.000102
0,0.996495
0,0.000463
1,0.770642
0,0.003615
1,0.657166
1,0.840146
0,0.003208
1,0.982197
0,0.025033
0,0.003492
0,0.000123
1,0.011974
0,0.025066
0,0.984317
1,0.933387
1,0.984963
1,0.990278
1,0.141846
1,0.999991
1,0.982820
0,0.000013
0,0.002471
0,0.000006
0,0.009188
0,0.240457
0,0.005366
0,0.000121
1,0.999889
1,0.987691
0,0.998111
1,0.133201
1,0.999974
1,0.061297
1,0.908858
1,0.999407
0,0.001485
0,0.000001
1,0.999971
0,0.000846
1,0.758750
0,0.000309
1,0.920603
0,0.079659
0,0.000688
1,0.859227
1,0.831975
0,0.006486
0,0.000268
1,0.999721
1,0.968314
1,0.986942
1,0.999111
1,0.995554
1,0.999132
1,0.999988
0,0.098993
1,0.999985
1,0.988525
1,0.999982
0,0.000003
0,0.213547
0,0.237247
0,0.002179
1,0.997511
0,0.000288
1,0.914937
0,0.124132
1,0.969044
0,0.121472
0,0.001471
0,0.111983
0,0.999602
0,0.014029
1,0.999821
1,0.999976
1,0.065131
0,0.136497
1,0.957545
1,0.413581
0,0.000251
0,0.000163
1,0.998046
1,0.995787
0,0.000895
1,0.999964
1,0.980929
0,0.000408
0,0.007458
1,0.984809
1,0.999905
1,0.604079
0,0.160184
0,0.000210
0,0.768763
1,0.501956
1,0.222549
1,0.732208
1,0.967894
0,0.002012
0,0.009938
0,0.119087
0,0.000937
0,0.070809
0,0.034630
1,0.989745
0,0.004833
0,0.109095
0,0.001394
0,0.000120
1,0.999941
0,0.023967
1,0.958363
1,0.999972
0,0.001976
0,0.010685
1,0.993221
1,0.995820
0,0.181004
0,0.000842
1,0.831470
0,0.161629
0,0.147394
0,0.152299
0,0.000789
1,0.955676
0,0.000580
0,0.173665
1,0.999734
0,0.003365
0,0.421502
0,0.065761
1,0.965000
0,0.045250
1,0.999467
1,0.999829
0,0.003218
1,0.999602
1,0.995118
1,0.999972
0,0.000819
0,0.000068
1,0.999998
1,0.967210
0,0.021349
0,0.176891
0,0.896057
1,0.897014
0,0.989892
0,0.029980
0,0.000001
0,0.000386
1,0.999997
0,0.000329
0,0.000561
0,0.058410
1,0.999391
1,0.999985
1,0.950553
1,0.985388
1,0.009561
0,0.124066
1,0.654966
0,0.001053
1,0.999724
1,0.999813
0,0.339370
1,0.068560
1,0.558466
0,0.000413
0,0.355790
0,0.000120
1,0.999267
1,0.945448
1,0.997144
1,0.503356
1,0.966248
0,0.609124
1,0.999986
1,0.996113
0,0.017921
1,0.251352
1,0.347867
0,0.000877
1,0.958676
0,0.965608
1,0.999874
1,0.391326
0,0.039255
0,0.003744
1,0.994375
1,0.999909
0,0.093588
1,0.921029
1,0.854642
0,0.000005
0,0.000769
1,0.999987
0,0.017347
0,0.000287
1,0.672333
1,0.616553
1,0.876865
1,0.771428
0,0.002431
1,0.021958
0,0.000677
0,0.000910
1,0.817053
0,0.542655
1,0.995864
1,0.958654
0,0.493435
1,0.601172
0,0.000812
1,0.783519
1,0.972108
1,0.989163
0,0.000104
0,0.053763
1,0.290175
0,0.001633
1,0.995359
0,0.027772
0,0.010306
0,0.000696
0,0.005078
1,0.981943
0,0.000251
0,0.000577
1,0.974091
0,0.190598
1,0.295708
0,0.000276
0,0.305033
0,0.889424
1,0.996066
0,0.000046
1,0.152511
0,0.985676
1,0.999388
0,0.000178
1,0.939105
1,0.999986
0,0.877670
0,0.000182
1,0.144592
0,0.014161
1,0.999954
1,0.999806
0,0.006539
0,0.056729
0,0.002667
1,0.997128
1,0.799876
0,0.850633
0,0.393335
1,0.998957
1,0.866061
0,0.003756
1,0.121929
1,0.997228
0,0.001791
1,0.036538
1,0.994190
1,0.999995
0,0.307260
1,0.992021
0,0.000006
0,0.135095
1,0.977967
0,0.001136
0,0.074374
1,0.977080
1,0.988489
0,0.017037
1,0.508562
0,0.002799
0,0.314088
0,0.000051
1,0.999904
1,0.999997
0,0.077420
0,0.013550
0,0.376519
0,0.009347
1,0.999931
0,0.067643
0,0.044717
1,0.999503
0,0.000002
1,0.931678
0,0.000008
1,0.980623
1,0.999994
1,0.865948
1,0.773935
0,0.003924
0,0.401315
0,0.022374
1,0.986336
1,0.748158
1,0.987991
1,0.999627
0,0.000100
1,0.999979
1,0.936200
1,0.993985
1,0.999999
0,0.002030
1,0.998718
1,0.780844
0,0.046312
1,0.999994
0,0.018632
0,0.000017
1,0.961972
1,0.715456
1,0.997069
1,0.994005
0,0.044429
1,0.998907
1,0.999362
1,0.983095
0,0.000374
1,0.999962
0,0.048411
0,0.001955
1,0.083995
0,0.651640
1,0.999482
0,0.000044
0,0.000343
0,0.021929
1,0.984952
1,0.999981
0,0.848371
1,0.999993
1,0.999991
0,0.000005
1,0.949902
1,0.999939
0,0.275859
1,0.999463
0,0.425888
0,0.010062
1,0.759449
1,0.999595
0,0.001263
1,0.999999
0,0.000422
0,0.009282
0,0.428343
1,0.694165
1,0.999756
1,0.998521
0,0.005393
0,0.001026
0,0.000365
1,0.999942
0,0.047552
0,0.107499
1,0.952356
1,0.999666
1,0.585904
1,0.999716
0,0.005134
1,0.998268
1,0.470887
1,0.458992
1,0.999479
1,0.987939
1,0.922022
1,0.055517
0,0.000008
0,0.000251
1,0.999886
1,0.995570
1,0.146568
0,0.000001
1,0.035747
0,0.000003
0,0.000248
1,0.342897
0,0.013558
0,0.000306
0,0.017474
0,0.359213
0,0.002660
1,0.780934
0,0.000218
0,0.046297
1,0.986236
0,0.000011
1,0.999490
0,0.999368
0,0.114990
1,0.202751
1,0.982664
0,0.000001
0,0.417246
0,0.287147
1,0.712198
0,0.000468
0,0.552065
0,0.379546
0,0.181393
1,0.999881
0,0.018097
1,0.999926
1,0.574909
1,0.999970
1,0.066014
0,0.000097
1,0.995008
0,0.745329
1,0.986434
1,0.997736
1,0.999039
0,0.004722
1,0.994803
1,0.754124
0,0.020934
0,0.003953
1,0.044708
0,0.000505
1,0.985383
1,0.995794
1,0.995493
1,0.966401
0,0.002823
0,0.202202
0,0.320420
0,0.843359
0,0.020336
0,0.729993
1,0.999810
1,0.999815
1,0.006829
0,0.362240
0,0.007345
0,0.004602
1,0.991616
1,0.222788
0,0.004269
0,0.038821
0,0.000041
1,0.855200
0,0.975743
1,0.998980
0,0.014641
1,0.996670
0,0.005109
1,0.998219
1,0.076457
1,0.997596
1,0.999677
1,0.999602
1,0.516658
1,0.939020
0,0.000085
0,0.018120
1,0.969281
0,0.034413
1,0.999956
1,0.999983
1,0.591510
0,0.179664
0,0.000056
1,0.999377
0,0.954303
0,0.003592
1,0.386712
0,0.051859
1,0.999986
1,0.108354
0,0.017506
0,0.003667
1,0.983991
1,0.255156
0,0.000069
0,0.001380
1,0.468780
1,0.999437
0,0.000740
1,0.070222
0,0.003871
0,0.996734
0,0.000869
1,0.762002
1,0.997287
1,0.999998
0,0.019269
0,0.000049
0,0.267115
1,0.997546
1,0.269819
0,0.001445
1,0.983415
1,0.611507
1,0.707947
1,0.999560
1,0.999996
0,0.263378
1,0.901475
1,0.999524
0,0.000077
1,0.912568
0,0.160409
0,0.198669
1,0.949297
0,0.002770
0,0.018636
1,0.302185
1,0.933784
1,0.250461
1,0.999977
0,0.002159
1,0.991496
1,0.998540
1,0.999712
0,0.000004
1,0.925020
0,0.006851
1,0.632337
0,0.001481
1,0.998631
1,0.990927
0,0.000481
0,0.011463
1,0.998936
0,0.293179
0,0.008534
0,0.078332
0,0.023564
0,0.229072
0,0.000032
0,0.839293
0,0.454443
1,0.150425
1,0.960819
1,0.998937
1,0.990664
1,0.999775
1,0.958807
1,0.989344
0,0.001159
1,0.999609
1,0.293366
1,0.965394
0,0.000029
0,0.213532
0,0.121244
1,0.999989
1,0.999082
0,0.000833
0,0.010850
0,0.008091
1,0.988848
1,0.998811
0,0.000062
1,0.999984
0,0.004128
1,0.999843
0,0.039605
1,0.966098
1,0.134637
0,0.000006
0,0.002646
0,0.005437
1,0.949064
0,0.006143
1,0.969994
0,0.016663
0,0.951868
0,0.271675
0,0.002954
1,0.999977
1,0.977775
1,0.997020
1,0.970584
0,0.711377
1,0.954107
1,0.996229
0,0.020478
0,0.011573
0,0.016295
0,0.465368
0,0.000064
0,0.000530
1,0.999147
1,0.999713
0,0.000001
1,0.958612
0,0.002326
0,0.122818
1,0.728896
1,0.999998
0,0.000005
0,0.000665
0,0.000046
0,0.001802
1,0.424979
1,0.999975
0,0.187330
1,0.999141
0,0.000582
0,0.000002
0,0.453361
0,0.000062
1,0.930348
1,0.228210
0,0.685115
0,0.006987
0,0.000001
0,0.005673
1,0.999995
0,0.488626
0,0.016749
1,0.999804
1,0.749522
1,0.993941
0,0.024824
0,0.108519
0,0.000632
0,0.001341
0,0.022308
0,0.000346
1,0.992025
0,0.998801
1,0.991346
0,0.000723
1,0.999966
1,0.452473
1,0.999396
0,0.000244
0,0.009884
0,0.000016
1,0.984910
1,0.267860
1,0.999921
1,0.999084
1,0.565695
0,0.002334
1,0.998938
1,0.012044
1,0.712868
0,0.865542
1,0.999425
0,0.000223
0,0.137128
0,0.000084
0,0.551859
0,0.012276
0,0.000151
0,0.520024
1,0.995956
0,0.000109
0,0.011037
1,0.964562
0,0.000169
1,0.755182
0,0.353974
0,0.000040
1,0.981139
1,0.999282
1,0.883962
1,0.999967
0,0.927516
1,0.229273
0,0.276957
0,0.991520
1,0.999724
1,0.999276
1,0.724339
0,0.073190
0,0.971894
1,0.999554
1,0.768346
1,0.012847
1,0.572493
0,0.001443
1,0.994307
1,0.561596
0,0.017712
0,0.133937
0,0.000367
0,0.003821
0,0.212983
0,0.006031
1,0.997204
1,0.867882
0,0.000005
0,0.014279
0,0.003394
1,0.999814
1,0.999629
1,0.053357
0,0.026555
1,0.786747
0,0.294693
1,0.883541
0,0.005521
0,0.418560
0,0.001802
1,0.999980
1,0.999934
0,0.004355
0,0.006608
1,0.995233
1,0.539336
1,0.997711
1,0.972398
1,0.999640
0,0.141525
1,0.992492
1,0.070773
1,0.988434
1,0.921158
1,0.959778
0,0.044186
1,0.997791
0,0.012808
1,0.990506
0,0.000001
1,0.974689
1,0.551175
1,0.831799
0,0.029694
1,0.989269
1,0.999946
1,0.999982
1,0.960420
1,0.999958
0,0.081447
0,0.004223
0,0.000254
1,0.881874
1,0.999342
1,0.099531
1,0.999926
0,0.100850
0,0.007884
0,0.357830
1,0.961631
1,0.999820
0,0.022753
1,0.993351
1,0.999907
0,0.000110
0,0.000967
1,0.999975
1,0.987124
1,0.993346
0,0.001975
1,0.997196
1,0.999645
1,0.999992
0,0.003802
1,0.947150
1,0.998618
0,0.003000
0,0.749464
1,0.927252
0,0.006167
0,0.040144
0,0.018466
1,0.999993
0,0.007668
1,0.985464
0,0.000477
0,0.855059
1,0.999980
1,0.999535
1,0.990971
1,0.999943
0,0.977094
1,0.941378
0,0.000216
1,0.928328
0,0.000126
1,0.992788
0,0.000683
1,0.970488
0,0.396818
0,0.041206
0,0.000936
1,0.771081
1,0.986492
0,0.005981
0,0.892175
0,0.319093
0,0.076063
0,0.654570
0,0.132574
0,0.000257
0,0.000061
1,0.996776
0,0.010971
1,0.999547
0,0.012693
1,0.780547
1,0.999375
0,0.194850
1,0.997078
1,0.858682
0,0.000021
1,0.999999
1,0.999002
1,0.331087
0,0.011100
0,0.000868
1,0.999751
1,0.930633
1,0.972178
0,0.012017
0,0.466061
1,0.999853
1,0.999765
0,0.000938
0,0.154441
0,0.644282
1,0.473686
0,0.003148
1,0.998812
1,0.999961
1,0.173229
1,0.947361
0,0.000106
0,0.015704
1,0.414963
0,0.008298
1,0.997754
1,0.999959
0,0.025094
1,0.864727
0,0.000001
1,0.999947
0,0.005088
0,0.091001
1,0.999995
1,0.999846
0,0.677098
1,0.994770
1,0.237661
0,0.010787
0,0.000097
0,0.013136
0,0.027978
0,0.000135
1,0.998467
1,0.998569
0,0.000006
1,0.999794
0,0.875193
0,0.137129
0,0.993049
1,0.985402
0,0.998797
1,0.240969
1,0.952052
1,0.994445
0,0.007940
1,0.960116
0,0.649256
0,0.000285
1,0.999325
1,0.895266
0,0.000002
0,0.001752
0,0.344973
0,0.049003
0,0.104889
1,0.999329
1,0.893658
1,0.999866
0,0.781447
1,0.999913
1,0.850987
1,0.880032
0,0.338636
1,0.004559
0,0.017906
1,0.999323
1,0.370243
0,0.106805
1,0.945542
0,0.286491
0,0.256721
0,0.000680
0,0.000432
1,0.999982
1,0.999629
0,0.000342
0,0.002558
1,0.846704
1,0.192112
0,0.000453
1,0.711507
0,0.019233
0,0.001610
1,0.994604
0,0.002470
1,0.928668
0,0.204006
0,0.003066
1,0.975360
0,0.000033
1,0.996956
0,0.017911
0,0.890177
0,0.022990
1,0.995578
0,0.029201
0,0.913481
0,0.042027
0,0.898356
1,0.999993
0,0.166917
1,0.954758
1,0.863500
1,0.972334
1,0.783540
0,0.000107
0,0.001408
0,0.494893
0,0.259140
0,0.066385
1,0.991647
0,0.000941
1,0.998693
0,0.890167
1,0.073859
1,0.922027
0,0.001309
1,0.999991
0,0.000380
0,0.001692
0,0.220809
0,0.083787
0,0.384019
0,0.000032
1,0.513881
1,0.992706
0,0.000219
0,0.063654
1,0.999833
1,0.197486
1,0.927931
1,0.998872
0,0.295092
0,0.201934
1,0.438188
0,0.000027
0,0.053182
1,0.968741
0,0.018404
1,0.012676
1,0.578230
1,0.999731
0,0.001985
0,0.000081
0,0.047130
0,0.000419
0,0.000577
0,0.000245
0,0.000308
1,0.329268
1,0.821807
0,0.729622
0,0.047581
0,0.525718
0,0.099839
1,0.988032
1,0.999432
0,0.000115
1,0.999163
0,0.295905
1,0.999734
1,0.999668
0,0.324810
1,0.995528
0,0.000031
0,0.024092
0,0.003501
1,0.719053
1,0.153737
1,0.999775
0,0.089534
0,0.011258
0,0.000435
1,0.986828
0,0.011207
1,0.981379
1,0.898599
0,0.020816
1,0.999805
0,0.000425
1,0.995306
1,0.000232
0,0.915867
0,0.877271
1,0.658846
1,0.071639
1,0.986008
0,0.335366
0,0.014384
1,0.999998
1,0.894848
1,0.943012
1,0.476562
1,0.999965
0,0.010357
0,0.003132
1,0.585586
0,0.004652
1,0.998687
0,0.013027
0,0.000035
0,0.004943
1,0.999993
1,0.999214
0,0.137819
1,0.971040
1,0.018862
0,0.007799
0,0.000653
0,0.000195
0,0.000259
1,0.999903
1,0.235780
1,0.862162
1,0.999990
1,0.992177
1,0.471152
1,0.992979
1,0.380411
0,0.000018
0,0.000036
1,0.994982
0,0.145250
1,0.999716
1,0.999679
1,0.921523
0,0.000644
1,0.966738
0,0.000094
1,0.701830
1,0.999781
0,0.059012
1,0.977106
0,0.525875
0,0.999153
0,0.000071
1,0.994715
1,0.998540
0,0.596038
1,0.978218
0,0.696047
1,0.313483
1,0.985769
0,0.002943
1,0.996871
1,0.999976
1,0.975372
0,0.136295
0,0.003081
0,0.825647
0,0.011286
1,0.999759
0,0.000003
0,0.017442
1,0.988836
0,0.000440
0,0.000003
1,0.999939
0,0.011306
0,0.001663
0,0.209582
0,0.000033
1,0.996049
0,0.034667
1,0.090404
0,0.000049
1,0.149793
1,0.931156
0,0.006950
1,0.989309
0,0.000123
1,0.994940
0,0.000245
1,0.999224
1,0.947519
1,0.725094
1,0.791097
0,0.030908
1,0.857391
0,0.000109
1,0.954071
1,0.999943
0,0.008878
1,0.999999
0,0.000320
1,0.910704
1,0.991271
1,0.990328
1,0.988784
1,0.993058
1,0.762341
1,0.985573
1,0.999821
0,0.061007
0,0.561833
0,0.007465
1,0.997027
1,0.880817
1,0.995741
1,0.999696
1,0.561421
1,0.982828
1,0.999299
1,0.999055
1,0.996655
0,0.000126
0,0.000444
0,0.000249
0,0.371040
0,0.000004
0,0.674587
0,0.000007
0,0.668495
0,0.151861
0,0.049177
0,0.016058
1,0.997769
0,0.103003
1,0.941719
0,0.162843
0,0.950261
0,0.018409
0,0.003119
0,0.040137
0,0.000199
0,0.000670
0,0.000006
1,0.990263
0,0.050543
0,0.019759
1,0.999927
0,0.019701
1,0.981788
1,0.995991
0,0.041637
1,0.999611
0,0.000987
0,0.000043
0,0.000042
1,0.792823
0,0.000257
0,0.007147
1,0.999988
1,0.995811
0,0.733030
1,0.991800
0,0.540995
1,0.998307
0,0.000682
0,0.979586
0,0.000177
1,0.988324
1,0.562208
1,0.999975
0,0.000160
0,0.002596
1,0.999856
1,0.983928
0,0.015855
1,0.986769
1,0.999922
1,0.986737
1,0.530916
1,0.999879
0,0.000824
0,0.031141
1,0.981690
0,0.000101
1,0.997384
0,0.000183
0,0.000006
0,0.000028
1,0.999999
0,0.000076
1,0.119668
1,0.992749
1,0.397318
1,0.984867
0,0.003330
0,0.006558
0,0.000047
0,0.000089
1,0.126780
0,0.040892
1,0.999921
1,0.736339
1,0.999903
0,0.013471
0,0.005033
0,0.000116
0,0.000257
1,0.889310
1,0.996100
0,0.000214
0,0.335404
0,0.001389
0,0.001006
1,0.894699
0,0.000503
0,0.000410
0,0.000682
0,0.000060
0,0.000346
0,0.000743
0,0.262327
0,0.000853
0,0.001758
0,0.132653
1,0.988065
0,0.000857
0,0.000925
1,0.962253
1,0.999122
0,0.000017
1,0.990725
1,0.999464
0,0.000059
1,0.917781
1,0.999999
0,0.005648
0,0.125128
0,0.100031
1,0.999877
1,0.999571
0,0.007358
1,0.994234
0,0.000002
1,0.999949
0,0.000175
0,0.087051
1,0.002847
1,0.999672
0,0.073987
0,0.005408
1,0.442379
0,0.000071
1,0.970987
0,0.000005
0,0.424066
1,0.975918
0,0.019479
1,0.104267
0,0.000001
1,0.993903
1,0.912801
1,0.997341
0,0.002340
1,0.992074
0,0.000030
1,0.999952
0,0.010871
1,0.997497
0,0.000001
0,0.000256
1,0.995084
1,0.999125
0,0.007490
0,0.000042
1,0.999956
1,0.999778
1,0.999924
1,0.996660
0,0.000001
0,0.000447
0,0.002724
1,0.263392
1,0.349903
0,0.000331
1,0.999816
1,0.965567
1,0.999998
1,0.999176
0,0.007588
1,0.998723
1,0.999899
1,0.999985
0,0.003170
0,0.000102
0,0.000402
0,0.952573
0,0.000019
1,0.831572
1,0.999961
0,0.117633
0,0.000001
1,0.965348
0,0.000410
1,0.984014
1,0.393786
1,0.931205
1,0.998523
1,0.762339
0,0.000033
0,0.027694
0,0.000026
1,0.992369
1,0.991787
1,0.998622
0,0.000747
1,0.999999
1,0.698688
1,0.950131
0,0.000348
1,0.998289
0,0.421837
1,0.999695
1,0.983667
1,0.773486
1,0.896564
0,0.000370
1,0.987326
0,0.011131
1,0.999458
0,0.496965
1,0.024649
0,0.000054
0,0.000713
0,0.001760
1,0.999811
0,0.000007
0,0.049047
1,0.998547
0,0.127540
0,0.311481
1,0.997133
0,0.000715
1,0.391231
0,0.995512
1,0.999775
1,0.937405
0,0.000321
1,0.999785
1,0.866576
0,0.292834
1,0.939987
1,0.995110
1,0.949628
0,0.023058
1,0.998827
0,0.007505
0,0.003499
1,0.984708
1,0.997519
0,0.000001
1,0.331265
0,0.452001
1,0.995921
0,0.033246
1,0.980692
0,0.012809
0,0.077862
1,0.998779
1,0.999999
0,0.000460
1,0.996381
0,0.002384
0,0.001154
1,0.481457
1,0.999791
0,0.003334
0,0.015373
1,0.995417
1,0.592578
0,0.005913
1,0.021924
1,0.997303
1,0.999960
1,0.967005
0,0.009133
1,0.836751
1,0.999991
1,0.987605
1,0.999680
1,0.307276
1,0.999720
0,0.001430
0,0.000486
0,0.034539
0,0.051352
1,0.995454
1,0.953080
0,0.406263
1,0.999697
0,0.005006
0,0.026748
1,0.989858
1,0.020311
1,0.926707
1,0.999767
1,0.957017
1,0.771716
0,0.004442
0,0.000007
1,0.999666
0,0.000359
0,0.984696
1,0.997365
0,0.000020
1,0.999742
0,0.000054
1,0.814189
1,0.997696
0,0.000043
1,0.993288
0,0.101181
0,0.081244
1,0.999772
1,0.991207
0,0.000016
1,0.998838
1,0.998182
1,0.989039
0,0.018753
0,0.000716
1,0.972407
1,0.992887
0,0.938070
0,0.000716
0,0.821910
0,0.000056
1,0.997143
0,0.079457
1,0.997999
0,0.638904
0,0.009468
0,0.010214
1,0.990973
1,0.969647
1,0.321515
1,0.682916
1,0.959409
0,0.001603
1,0.999959
1,0.999910
1,0.981040
0,0.000007
1,0.999786
1,0.993019
1,0.988893
1,0.999775
0,0.000334
0,0.000002
0,0.039057
1,0.999885
0,0.000088
1,0.980422
1,0.997501
1,0.999293
0,0.729171
0,0.040726
0,0.030188
0,0.094824
1,0.999998
0,0.001386
1,0.996444
0,0.003667
0,0.007012
0,0.000032
1,0.936574
0,0.000170
1,0.217404
1,0.415783
1,0.008773
0,0.000149
0,0.000010
0,0.822735
0,0.000216
0,0.719787
0,0.000010
0,0.508643
1,0.981046
0,0.059025
1,0.853094
1,0.997692
0,0.014823
0,0.022749
0,0.995458
1,0.937746
0,0.010980
0,0.000484
1,0.901528
0,0.519705
1,0.961602
1,0.999752
0,0.000216
0,0.000085
1,0.999829
1,0.999944
0,0.265198
0,0.197405
1,0.996638
1,0.983169
1,0.998869
0,0.008138
0,0.121659
0,0.006639
0,0.001923
0,0.724363
0,0.000834
0,0.000003
0,0.004824
1,0.983565
0,0.184414
0,0.000140
0,0.878011
1,0.358018
1,0.992139
0,0.623194
1,0.786122
1,0.630118
0,0.000008
1,0.996414
0,0.009980
0,0.613809
1,0.998086
0,0.000097
1,0.999646
1,0.993058
0,0.007715
0,0.001258
0,0.000013
1,0.999650
1,0.999996
1,0.976973
0,0.000215
1,0.962631
1,0.988183
1,0.999146
0,0.000809
1,0.988864
0,0.074355
1,0.999804
1,0.006165
0,0.065428
1,0.960709
1,0.999998
0,0.049650
0,0.000017
0,0.026094
0,0.011252
0,0.037833
0,0.000039
0,0.630638
1,0.997761
1,0.285919
1,0.999738
0,0.000004
0,0.190476
0,0.043287
1,0.870375
1,0.999675
0,0.863058
1,0.990545
1,0.999081
1,0.999875
0,0.010716
1,0.999342
0,0.144561
0,0.158006
0,0.097465
0,0.107823
1,0.980673
0,0.526477
1,0.738192
1,0.810635
1,0.951610
1,0.920797
0,0.000002
1,0.999910
0,0.022903
1,0.932117
1,0.999999
1,0.999999
1,0.994960
1,0.914016
0,0.004159
1,0.999933
1,0.921168
1,0.942356
0,0.002271
1,0.441644
1,0.994111
1,0.999661
1,0.999974
0,0.073226
0,0.017347
0,0.012832
1,0.551694
0,0.000006
1,0.999609
1,0.835519
0,0.339964
1,0.837075
0,0.000265
0,0.975233
0,0.005685
0,0.035074
0,0.000100
1,0.999995
0,0.053964
1,0.920626
1,0.999949
0,0.071773
1,0.999921
0,0.000026
1,0.927589
0,0.278678
0,0.641291
1,0.999740
1,0.998385
0,0.630398
1,0.899458
1,0.764914
1,0.989532
1,0.993516
1,0.976933
0,0.140831
1,0.989704
1,0.999964
0,0.000012
0,0.000632
1,0.999906
0,0.000020
1,0.980422
1,0.999853
0,0.249005
0,0.045893
1,0.997374
1,0.999881
0,0.470185
1,0.999087
1,0.995890
0,0.268169
0,0.633434
0,0.006079
0,0.009605
1,0.972845
0,0.000249
0,0.000453
1,0.936148
0,0.010656
1,0.999373
0,0.312969
0,0.641939
0,0.000060
1,0.997662
0,0.012901
1,0.784534
0,0.000046
1,0.999405
1,0.982425
1,0.290262
1,0.082040
0,0.070274
1,0.999998
1,0.945769
1,0.999947
0,0.003921
0,0.000017
0,0.000031
0,0.011487
0,0.003661
1,0.999633
0,0.028515
1,0.970522
0,0.005987
1,0.999998
1,0.957631
0,0.259623
0,0.040143
1,0.998857
0,0.019736
0,0.002054
0,0.001532
0,0.111277
0,0.443132
1,0.995298
0,0.000007
1,0.969379
1,0.992269
1,0.153685
0,0.001075
0,0.299838
0,0.000012
0,0.000214
0,0.000739
0,0.000411
1,0.999391
1,0.999997
1,0.256679
1,0.720246
1,0.552049
1,0.996048
1,0.998566
1,0.999996
1,0.999997
0,0.257636
1,0.998269
1,0.999999
0,0.000085
0,0.096491
1,0.997499
0,0.020533
0,0.155891
1,0.999998
0,0.000073
1,0.999996
0,0.711479
0,0.010965
0,0.000225
0,0.024285
1,0.997884
0,0.000632
1,0.101542
1,0.998634
0,0.002898
1,0.999996
0,0.123985
0,0.000350
0,0.000657
0,0.000116
0,0.000157
0,0.013674
1,0.912594
1,0.970773
1,0.999314
1,0.374328
0,0.000312
1,0.999978
1,0.990533
1,0.999177
0,0.019252
0,0.054246
1,0.996889
1,0.999999
1,0.999925
1,0.999457
0,0.898099
1,0.953846
1,0.997930
1,0.995873
0,0.492047
0,0.000020
0,0.000036
0,0.033212
1,0.999819
1,0.626330
1,0.296357
1,0.999632
1,0.999974
1,0.999460
1,0.999296
0,0.033503
0,0.001269
1,0.999999
1,0.963931
0,0.902959
1,0.969858
1,0.999882
0,0.007094
0,0.020781
1,0.990749
1,0.412728
1,0.991294
1,0.975683
0,0.000716
0,0.000051
1,0.999996
0,0.000002
0,0.293864
0,0.005972
1,0.999951
1,0.999975
1,0.999888
0,0.000134
1,0.795622
1,0.701424
1,0.989390
0,0.014849
1,0.999122
1,0.999964
0,0.137488
0,0.260599
1,0.957699
1,0.996116
0,0.399997
0,0.014646
1,0.999916
1,0.009393
0,0.420338
1,0.741994
1,0.999999
1,0.977077
0,0.081796
0,0.000292
0,0.000767
1,0.997508
1,0.998465
0,0.997977
0,0.683155
1,0.985081
0,0.001663
0,0.027978
1,0.999600
0,0.000204
0,0.022723
1,0.999997
0,0.000038
1,0.004827
1,0.980237
1,0.540018
0,0.000845
0,0.034711
1,0.999981
0,0.000986
1,0.999118
0,0.517359
1,0.998720
1,0.999489
0,0.000005
0,0.002878
1,0.015304
1,0.999850
0,0.000373
1,0.967386
0,0.084496
1,0.998733
1,0.983803
0,0.000615
1,0.995052
1,0.986501
0,0.251520
0,0.000062
0,0.000414
0,0.000003
1,0.999967
0,0.000086
1,0.999715
0,0.007152
0,0.000940
0,0.003144
0,0.001492
0,0.721965
1,0.687508
1,0.999997
1,0.895840
0,0.077740
1,0.999931
0,0.002690
0,0.002372
1,0.997947
0,0.000250
0,0.926079
0,0.067132
1,0.998549
0,0.008002
1,0.999767
0,0.996735
0,0.753275
0,0.034168
1,0.999954
1,0.691715
0,0.007035
1,0.962394
1,0.999991
1,0.992486
0,0.001159
0,0.004489
1,0.999999
0,0.086998
1,0.846343
1,0.999887
0,0.025114
1,0.354835
1,0.999704
0,0.844076
0,0.000569
1,0.974657
1,0.999317
0,0.000084
0,0.001544
1,0.998642
1,0.903966
0,0.012576
1,0.999256
0,0.013552
1,0.999531
1,0.723403
0,0.273802
1,0.880832
0,0.000042
0,0.000022
0,0.040497
0,0.117078
0,0.000164
1,0.449205
0,0.034581
1,0.999389
0,0.883926
0,0.851451
1,0.999901
0,0.011933
1,0.990504
1,0.999822
0,0.476633
1,0.225398
1,0.056429
1,0.999989
0,0.000896
0,0.998297
0,0.000083
1,0.999992
0,0.001051
1,0.999824
0,0.004864
0,0.000022
1,0.999250
1,0.997969
0,0.001100
1,0.999985
0,0.000687
1,0.245651
0,0.074722
1,0.999512
1,0.996298
0,0.069779
0,0.008437
1,0.951881
0,0.000413
0,0.011655
1,0.971453
0,0.000112
1,0.218415
1,0.188287
0,0.000012
0,0.000760
0,0.170288
1,0.999936
1,0.999864
0,0.048140
1,0.941280
0,0.007131
1,0.995535
1,0.994062
0,0.000023
1,0.995966
0,0.004260
0,0.217733
0,0.000047
0,0.000008
0,0.045318
1,0.850852
0,0.000423
1,0.525208
1,0.999922
1,0.999659
1,0.990139
1,0.999966
1,0.868041
0,0.992842
1,0.957507
0,0.001586
0,0.000069
0,0.132112
1,0.999961
0,0.161853
1,0.999982
0,0.081368
1,0.981359
0,0.003965
1,0.999041
0,0.006126
0,0.000190
1,0.999970
0,0.000119
1,0.955948
1,0.989352
1,0.994814
1,0.989884
1,0.775953
0,0.000728
1,0.967458
1,0.981917
0,0.000038
1,0.999999
1,0.999384
0,0.011359
0,0.001293
1,0.977296
1,0.997374
1,0.999350
1,0.999996
0,0.003108
0,0.001558
0,0.126934
0,0.000172
0,0.000210
1,0.460396
1,0.458621
0,0.042605
0,0.000065
0,0.038178
1,0.996774
1,0.998731
0,0.002374
0,0.162098
1,0.999990
0,0.178552
1,0.862349
0,0.000013
1,0.708328
1,0.999997
1,0.998897
0,0.001008
1,0.999900
0,0.992225
1,0.999997
0,0.008670
0,0.000501
0,0.029845
0,0.246458
1,0.998675
1,0.724319
0,0.017501
0,0.003946
0,0.004386
1,0.999416
0,0.126210
1,0.861287
0,0.046226
0,0.000837
1,0.999206
1,0.616531
0,0.000399
0,0.129592
0,0.698233
0,0.101949
0,0.000887
0,0.016567
0,0.000690
0,0.180594
1,0.535884
0,0.000013
1,0.935214
0,0.002827
1,0.995600
1,0.977405
1,0.993484
0,0.009146
1,0.999997
0,0.086320
1,0.702994
1,0.997884
1,0.999980
0,0.000139
1,0.987915
1,0.915714
1,0.999004
1,0.999885
0,0.651263
0,0.013196
1,0.887384
0,0.000915
1,0.999006
0,0.000181
0,0.192121
1,0.936565
1,0.025709
0,0.118843
1,0.071961
1,0.999782
0,0.007878
1,0.999041
0,0.001053
0,0.214053
0,0.001660
1,0.882566
1,0.994466
1,0.999927
1,0.234461
0,0.000629
1,0.999714
0,0.000001
0,0.429927
1,0.997930
0,0.138919
1,0.999840
0,0.963134
0,0.000338
1,0.997859
1,0.995453
1,0.999721
1,0.999981
1,0.993309
1,0.992958
1,0.988448
1,0.999701
0,0.001114
1,0.999581
0,0.033577
1,0.938640
0,0.002731
0,0.635627
0,0.071298
1,0.927930
1,0.982522
0,0.003569
0,0.001617
1,0.977284
0,0.001089
1,0.986878
0,0.729643
0,0.080017
0,0.001796
1,0.999961
0,0.010783
1,0.613971
0,0.000004
1,0.988781
1,0.998368
1,0.400931
0,0.001333
1,0.997566
1,0.999999
0,0.004277
1,0.999269
0,0.022148
0,0.121191
0,0.000305
0,0.014442
1,0.881362
1,0.999743
1,0.980592
1,0.963585
0,0.087673
0,0.429273
1,0.999363
1,0.999741
1,0.971449
1,0.990772
1,0.999999
0,0.001362
1,0.010172
0,0.001106
1,0.998928
1,0.997576
1,0.915572
1,0.996319
1,0.998927
1,0.999980
1,0.331586
0,0.000077
0,0.172156
1,0.992335
1,0.998636
1,0.999916
0,0.000367
1,0.741469
0,0.000018
0,0.000001
1,0.999929
0,0.143206
1,0.999995
0,0.050939
1,0.985670
0,0.005130
1,0.352132
0,0.000008
0,0.017267
1,0.999459
1,0.999594
1,0.941260
0,0.000259
0,0.000304
1,0.030091
0,0.051652
1,0.956030
0,0.073687
1,0.999629
0,0.000821
0,0.005271
0,0.001566
1,0.137703
0,0.000108
0,0.000200
0,0.842314
1,0.999975
1,0.997733
1,0.990560
1,0.956405
0,0.000001
0,0.000091
1,0.961571
1,0.999933
1,0.999656
0,0.490363
0,0.001359
1,0.487724
1,0.999695
0,0.024921
0,0.017240
0,0.365230
1,0.998598
1,0.057853
1,0.998278
1,0.999990
0,0.021338
0,0.001568
0,0.001397
0,0.078418
1,0.371524
1,0.083508
1,0.999904
1,0.991302
1,0.429423
1,0.999942
1,0.997416
1,0.915507
0,0.000019
0,0.015334
0,0.000862
1,0.999937
1,0.226625
0,0.022851
1,0.994574
0,0.000984
0,0.167788
0,0.000121
0,0.000741
1,0.998829
0,0.000061
0,0.074480
1,0.996176
0,0.149067
1,0.999982
0,0.917317
1,0.898697
1,0.997828
0,0.042358
1,0.978844
1,0.999636
1,0.895766
0,0.002374
0,0.007848
0,0.141895
0,0.003272
0,0.007395
1,0.122197
1,0.017047
0,0.714087
1,0.054869
1,0.998552
1,0.999918
0,0.021537
1,0.999959
1,0.993273
1,0.651456
1,0.989965
0,0.991597
0,0.000457
0,0.001852
1,0.937191
0,0.000006
0,0.880369
0,0.804852
1,0.027463
0,0.019812
1,0.968676
0,0.000952
1,0.999697
0,0.000668
0,0.000117
0,0.190908
0,0.001565
1,0.982095
0,0.005820
0,0.278477
0,0.000025
0,0.137301
1,0.999995
0,0.000488
1,0.997126
1,0.999881
0,0.000921
0,0.000025
0,0.034202
0,0.004253
1,0.753811
0,0.469474
1,0.003406
0,0.000021
0,0.019338
0,0.249699
0,0.000001
1,0.999955
0,0.000059
1,0.994855
1,0.990139
1,0.941202
1,0.949998
0,0.000195
1,0.965322
0,0.667325
0,0.000097
1,0.943876
0,0.000183
1,0.968565
0,0.329636
0,0.111740
0,0.168132
0,0.000005
0,0.722893
0,0.003171
0,0.616893
1,0.999996
0,0.005285
1,0.999970
0,0.000455
0,0.000038
1,0.919249
1,0.996463
1,0.912808
1,0.963673
0,0.769937
0,0.026068
1,0.999884
1,0.302218
0,0.015397
1,0.966525
1,0.999996
1,0.997014
0,0.102507
1,0.942914
0,0.029436
1,0.997998
0,0.002414
1,0.924495
1,0.999136
1,0.998316
1,0.999981
1,0.962245
0,0.000001
1,0.999990
0,0.000054
0,0.002157
0,0.000064
0,0.000049
1,0.867134
0,0.000164
1,0.967094
1,0.407065
1,0.987061
0,0.754588
0,0.056625
0,0.538768
0,0.034712
0,0.138578
1,0.990275
0,0.000544
0,0.712351
1,0.902503
1,0.498004
0,0.005221
1,0.424770
0,0.000014
1,0.669803
1,0.976809
1,0.992680
0,0.001012
1,0.076235
1,0.999887
0,0.534666
0,0.002165
0,0.000001
1,0.999713
0,0.157493
1,0.996154
1,0.998126
1,0.954441
1,0.867968
1,0.999999
0,0.468589
1,0.999680
1,0.540211
1,0.996661
0,0.002388
0,0.000003
1,0.999349
1,0.999717
1,0.999914
0,0.055453
0,0.902388
0,0.113787
0,0.320172
1,0.999863
0,0.009669
0,0.980451
0,0.001264
0,0.000358
1,0.967926
1,0.983895
0,0.000065
1,0.982909
0,0.003069
0,0.000073
0,0.004569
1,0.909492
0,0.606501
1,0.999914
1,0.997618
1,0.993759
1,0.999883
0,0.233406
1,0.796865
0,0.003062
1,0.976331
0,0.975409
1,0.999412
0,0.000241
1,0.976041
0,0.000025
0,0.775539
0,0.797583
0,0.000049
1,0.999685
0,0.000004
0,0.001445
1,0.270802
1,0.994066
0,0.994731
0,0.006198
0,0.000783
1,0.759233
0,0.003542
0,0.370929
0,0.033177
0,0.018110
1,0.999996
0,0.002306
0,0.000792
1,0.890602
0,0.496168
1,0.945750
1,0.901238
0,0.071468
1,0.038279
0,0.149333
0,0.004820
0,0.127394
1,0.995661
1,0.999981
0,0.010388
0,0.054076
0,0.693974
1,0.349626
0,0.795831
0,0.208256
1,0.769135
0,0.001701
0,0.000105
0,0.000002
0,0.948079
0,0.010713
0,0.000450
0,0.085043
1,0.999351
1,0.953463
1,0.343750
1,0.004593
0,0.012000
1,0.999932
0,0.000027
0,0.020999
1,0.845974
1,0.966517
1,0.979879
1,0.999985
1,0.979410
0,0.014510
0,0.765490
0,0.000002
0,0.000102
1,0.362746
1,0.020705
0,0.001239
0,0.972442
1,0.829618
1,0.999998
1,0.260177
1,0.999996
0,0.000004
1,0.953910
1,0.999999
1,0.999972
1,0.974577
0,0.104237
1,0.861055
1,0.779981
1,0.943810
0,0.002702
1,0.983036
1,0.993920
1,0.998310
1,0.999758
1,0.998958
1,0.995553
0,0.940385
1,0.947121
0,0.141581
1,0.005982
0,0.963932
0,0.402945
0,0.000015
0,0.001953
0,0.001158
1,0.406337
0,0.007457
1,0.001092
0,0.000017
1,0.852903
0,0.138965
1,0.619314
1,0.499347
1,0.999952
1,0.010823
1,0.999944
1,0.146309
0,0.000332
0,0.004852
1,0.949551
1,0.999323
0,0.000091
1,0.991797
0,0.073041
1,0.325592
1,0.999592
1,0.999997
0,0.049774
0,0.718851
1,0.999991
1,0.986099
0,0.000032
0,0.828849
1,0.805905
0,0.000003
0,0.010449
0,0.000419
0,0.000039
1,0.988352
1,0.999984
1,0.957512
1,0.964138
1,0.999998
0,0.004875
0,0.008444
1,0.804642
0,0.000124
1,0.881021
1,0.956710
1,0.915067
0,0.087623
0,0.471913
0,0.001847
0,0.272832
0,0.001190
1,0.992619
1,0.933378
0,0.000024
0,0.000012
1,0.967162
0,0.000011
1,0.886419
1,0.999519
0,0.296376
1,0.952892
0,0.163306
1,0.999999
0,0.000180
1,0.999999
0,0.609521
1,0.996356
1,0.999985
1,0.938182
1,0.998303
1,0.999998
0,0.000001
1,0.998806
0,0.073410
1,0.999251
0,0.176000
0,0.269789
0,0.000059
1,0.609152
1,0.003703
0,0.000086
1,0.999447
1,0.992721
1,0.996393
1,0.553580
0,0.001393
0,0.010663
0,0.341011
0,0.061460
0,0.000159
1,0.999254
0,0.005421
1,0.999071
0,0.000062
0,0.021527
0,0.997627
1,0.999997
1,0.594309
0,0.000328
1,0.989340
1,0.146414
0,0.003597
1,0.970390
1,0.999222
1,0.999964
1,0.026684
0,0.027317
1,0.999999
0,0.000157
0,0.012770
1,0.160812
1,0.999999
0,0.801914
0,0.004183
0,0.031407
1,0.999996
1,0.999936
1,0.981350
1,0.981427
1,0.999999
1,0.999357
1,0.053605
1,0.996916
1,0.999471
0,0.000001
1,0.998921
0,0.000030
0,0.003924
0,0.988243
1,0.997146
1,0.984147
1,0.998897
0,0.037984
1,0.999933
1,0.812312
0,0.228077
0,0.000008
0,0.000184
1,0.972034
1,0.513228
1,0.999400
0,0.000481
1,0.990382
0,0.000031
0,0.003743
1,0.999360
1,0.007152
0,0.004547
0,0.000028
1,0.707628
0,0.242269
1,0.000854
1,0.972084
1,0.996256
0,0.000001
1,0.999762
1,0.999040
0,0.138708
1,0.999835
1,0.924782
0,0.012040
1,0.996979
1,0.949166
1,0.992016
1,0.995302
0,0.000046
0,0.015072
0,0.039289
0,0.000687
1,0.999962
1,0.999967
0,0.203206
0,0.001666
1,0.999783
0,0.187460
0,0.010287
0,0.000008
0,0.001917
0,0.742487
1,0.930649
1,0.998181
1,0.889658
0,0.000445
0,0.983002
0,0.001686
1,0.999993
0,0.004403
1,0.999983
0,0.000396
0,0.002593
1,0.648097
1,0.936408
1,0.975209
0,0.193451
1,0.188150
1,0.999997
0,0.000202
0,0.014380
1,0.980214
1,0.996772
0,0.000002
1,0.788653
1,0.403247
0,0.034139
0,0.016851
0,0.000584
1,0.914954
0,0.006488
0,0.000056
0,0.051113
0,0.072515
0,0.127668
1,0.999571
0,0.103399
0,0.016452
0,0.008832
1,0.999941
0,0.017543
1,0.991657
1,0.999994
1,0.002252
1,0.871925
1,0.112809
0,0.000397
1,0.999999
1,0.991928
0,0.013744
0,0.000001
0,0.018246
1,0.669966
0,0.007074
0,0.002165
0,0.883703
0,0.007927
1,0.999289
1,0.003393
1,0.175170
1,0.462129
1,0.976362
0,0.003782
1,0.962366
0,0.004787
1,0.971070
1,0.903962
1,0.996303
1,0.377011
1,0.997371
1,0.979135
1,0.035581
0,0.012867
1,0.997168
1,0.084433
0,0.000036
0,0.000931
0,0.000580
0,0.950108
0,0.008590
1,0.678985
0,0.003799
1,0.997586
1,0.816526
1,0.990110
1,0.967716
1,0.013047
0,0.387611
1,0.992072
0,0.000298
1,0.995021
1,0.161683
1,0.996461
1,0.931960
0,0.004249
0,0.013957
0,0.013198
1,0.999761
0,0.012856
0,0.000011
1,0.999587
1,0.998882
0,0.000364
0,0.164155
0,0.000209
1,0.897113
0,0.000023
0,0.171714
1,0.999986
1,0.999995
0,0.002843
0,0.013269
1,0.999967
1,0.998574
1,0.999908
0,0.001038
0,0.055189
1,0.991619
1,0.990769
0,0.000244
0,0.868580
1,0.997656
0,0.000063
1,0.999965
1,0.768341
1,0.999999
1,0.992637
1,0.998921
0,0.971872
1,0.999948
1,0.998828
1,0.640558
0,0.001181
1,0.951708
0,0.000212
1,0.993821
0,0.356100
1,0.937299
0,0.009812
0,0.000019
0,0.097669
1,0.968513
1,0.999846
1,0.998270
1,0.972489
1,0.999979
0,0.021753
1,0.344784
0,0.899175
0,0.363552
1,0.999660
1,0.998300
0,0.902826
0,0.000025
0,0.052871
0,0.012495
0,0.006116
0,0.000113
0,0.020373
1,0.921199
1,0.999998
1,0.997938
0,0.000060
1,0.999703
1,0.823484
1,0.540353
0,0.078567
0,0.000609
1,0.932567
0,0.001428
1,0.999411
0,0.994557
1,0.953539
1,0.923035
1,0.998658
1,0.002895
0,0.000158
0,0.138103
0,0.065756
0,0.000049
0,0.660627
0,0.031550
0,0.993621
0,0.003288
1,0.985716
0,0.013015
0,0.211670
1,0.642857
0,0.000001
1,0.931413
1,0.987840
1,0.998191
0,0.008623
0,0.014401
0,0.023409
0,0.000382
1,0.997832
0,0.000061
0,0.945244
1,0.999989
1,0.098699
0,0.000976
1,0.959059
1,0.999976
0,0.014641
0,0.162944
1,0.882904
1,0.813729
0,0.000200
1,0.363227
0,0.000238
0,0.000070
0,0.091093
0,0.052605
1,0.982281
1,0.916756
0,0.023563
1,0.993368
0,0.842536
1,0.939224
1,0.035149
1,0.996557
0,0.000115
1,0.778185
0,0.000091
1,0.679531
0,0.034507
1,0.998657
0,0.211437
1,0.998049
0,0.005339
1,0.581926
0,0.371705
0,0.000039
0,0.001299
0,0.031630
1,0.011651
1,0.953197
0,0.885920
0,0.000011
0,0.000911
1,0.999837
1,0.857634
0,0.423034
0,0.113964
1,0.997218
1,0.855444
0,0.004677
0,0.039016
1,0.999238
1,0.999997
1,0.999999
0,0.000313
0,0.031102
1,0.485732
1,0.999845
1,0.941718
1,0.809407
0,0.015442
0,0.002740
0,0.000237
1,0.993002
1,0.994130
1,0.999019
0,0.754178
1,0.431863
0,0.002057
0,0.012156
0,0.001144
0,0.788594
1,0.999874
0,0.198960
1,0.999770
1,0.252351
0,0.000126
0,0.016803
0,0.436395
1,0.999683
0,0.000707
1,0.998328
0,0.003626
0,0.093857
1,0.822848
1,0.240357
0,0.010979
1,0.999974
0,0.112320
1,0.999890
1,0.999878
1,0.993882
1,0.977188
0,0.000077
0,0.375875
1,0.987612
1,0.968946
1,0.408357
1,0.960879
1,0.992931
0,0.214628
1,0.982501
1,0.348066
0,0.265396
1,0.999100
0,0.000033
0,0.003080
1,0.780958
0,0.194698
0,0.036753
1,0.999941
0,0.000236
1,0.999365
0,0.006099
1,0.999962
1,0.999962
0,0.287854
0,0.053988
0,0.000376
1,0.942640
1,0.994004
0,0.024964
0,0.000033
0,0.000057
1,0.848092
0,0.001107
0,0.024545
1,0.990420
1,0.411711
0,0.000203
0,0.159889
0,0.489633
0,0.003946
0,0.270761
1,0.999981
1,0.994209
1,0.784756
0,0.000349
0,0.000871
0,0.002441
0,0.604049
0,0.186716
0,0.000248
0,0.007814
0,0.068285
1,0.943730
1,0.998459
0,0.085766
1,0.996505
0,0.003377
1,0.928082
1,0.681217
0,0.000263
1,0.747192
0,0.000053
1,0.999955
1,0.999754
1,0.999956
0,0.004351
1,0.980229
1,0.999947
0,0.909757
1,0.855702
1,0.999999
1,0.103065
0,0.000060
0,0.007173
1,0.996704
1,0.994059
1,0.988177
1,0.999993
1,0.993229
1,0.962181
0,0.012230
1,0.655108
1,0.946142
1,0.723696
0,0.000011
1,0.998587
1,0.933300
0,0.000013
0,0.136174
1,0.993999
0,0.000146
1,0.636683
1,0.346797
0,0.046313
1,0.989721
1,0.976205
0,0.200667
0,0.113221
1,0.999714
1,0.105875
0,0.000159
1,0.999842
1,0.999936
1,0.991476
0,0.186643
1,0.998054
1,0.545225
0,0.101699
0,0.006732
1,0.990706
0,0.000035
1,0.934212
1,0.875049
0,0.002195
0,0.000005
0,0.058711
1,0.997788
0,0.664907
0,0.000209
1,0.999950
1,0.999732
1,0.999985
1,0.963451
1,0.860972
0,0.000068
1,0.858168
1,0.987335
0,0.990036
0,0.003079
0,0.039196
0,0.999612
1,0.020516
0,0.012847
0,0.026585
0,0.000933
0,0.003346
1,0.801061
1,0.096417
0,0.041679
1,0.998357
0,0.000056
1,0.575030
1,0.837414
0,0.000598
0,0.011414
1,0.999296
1,0.621289
0,0.001434
0,0.483635
1,0.342681
1,0.992932
1,0.794653
1,0.999952
0,0.014500
0,0.050183
1,0.624400
1,0.999832
0,0.083795
1,0.998473
0,0.970687
1,0.268229
1,0.358781
1,0.988027
1,0.958601
1,0.966657
1,0.999498
0,0.000042
1,0.997459
0,0.000490
1,0.963169
1,0.903000
1,0.919099
1,0.969148
1,0.999992
0,0.176913
0,0.002380
0,0.730388
1,0.998989
0,0.004275
1,0.471260
0,0.000013
0,0.123732
0,0.086547
0,0.000358
0,0.001716
1,0.494844
0,0.990291
1,0.993307
0,0.000181
0,0.013994
1,0.999706
1,0.990236
1,0.999928
1,0.252711
0,0.001505
1,0.997336
0,0.000897
0,0.000004
0,0.022816
0,0.001015
0,0.601892
1,0.897269
0,0.000153
0,0.000023
0,0.014708
0,0.000002
1,0.999944
0,0.122983
1,0.974052
1,0.998494
0,0.057588
0,0.016697
0,0.916433
0,0.006865
1,0.997195
0,0.002599
1,0.999844
1,0.998481
1,0.009898
1,0.998879
0,0.912841
0,0.000076
1,0.235537
0,0.000116
0,0.000486
1,0.999597
1,0.998964
1,0.052357
0,0.000513
1,0.125043
0,0.249613
1,0.999999
0,0.000053
1,0.719857
1,0.999990
0,0.810040
0,0.829843
1,0.741121
1,0.998808
1,0.878206
0,0.937249
1,0.729629
0,0.012492
0,0.005392
0,0.069766
0,0.000925
0,0.000075
0,0.000355
1,0.988063
0,0.003146
0,0.052917
1,0.168848
1,0.986621
0,0.001115
0,0.793420
0,0.000217
0,0.000013
0,0.001666
0,0.004095
1,0.999185
0,0.001021
1,0.930174
1,0.999991
0,0.003437
1,0.997202
1,0.999962
0,0.000989
1,0.106556
0,0.000086
0,0.060912
1,0.014407
1,0.993515
0,0.003750
1,0.979931
0,0.000077
1,0.996171
1,0.001451
0,0.000143
0,0.002510
1,0.615103
1,0.506805
1,0.284418
0,0.000090
1,0.985637
1,0.832980
0,0.029053
0,0.052291
0,0.027410
1,0.899263
1,0.999813
1,0.963628
1,0.858504
1,0.266358
0,0.202700
0,0.531753
1,0.974555
0,0.007724
1,0.955075
0,0.000015
0,0.014543
1,0.992005
1,0.997441
1,0.836077
1,0.965291
0,0.004351
1,0.999992
1,0.409731
0,0.001287
1,0.126502
0,0.070863
1,0.021607
1,0.907366
0,0.003398
1,0.069308
0,0.498996
1,0.981093
1,0.999923
1,0.997086
0,0.000075
1,0.935794
1,0.999666
0,0.438420
0,0.207783
1,0.708551
1,0.999091
0,0.000001
0,0.000121
1,0.912227
1,0.981165
1,0.995312
0,0.000138
0,0.969270
0,0.042998
1,0.986327
1,0.997428
0,0.000073
1,0.999664
0,0.127241
0,0.000011
0,0.291342
1,0.999999
1,0.998264
0,0.002298
1,0.997527
0,0.006172
1,0.976190
1,0.531883
1,0.999999
1,0.994048
0,0.002320
0,0.241778
0,0.065642
1,0.029063
1,0.095743
0,0.095780
1,0.994474
0,0.240334
1,0.996751
1,0.605359
0,0.007225
1,0.193614
0,0.440689
1,0.666750
0,0.000033
0,0.025355
1,0.109517
1,0.866305
0,0.321745
1,0.991073
1,0.999476
0,0.181158
1,0.652666
1,0.999346
1,0.995614
0,0.010617
1,0.995692
1,0.998923
0,0.001058
0,0.003542
1,0.991146
0,0.013991
1,0.787376
0,0.002092
1,0.445909
0,0.002304
0,0.010672
1,0.528917
0,0.000415
1,0.997916
0,0.000036
0,0.017506
0,0.046840
0,0.000320
0,0.000047
0,0.788564
1,0.091180
0,0.038175
0,0.148850
0,0.135000
1,0.999959
0,0.008328
0,0.000608
0,0.000079
1,0.999999
1,0.980744
0,0.001938
0,0.608859
0,0.077341
1,0.967972
1,0.864792
0,0.000069
0,0.007851
1,0.211742
0,0.010633
1,0.999564
1,0.997384
1,0.999437
0,0.008219
0,0.000048
1,0.998007
1,0.991728
1,0.997446
0,0.038161
0,0.261091
1,0.979504
0,0.010666
1,0.999662
