y_true,y_score
1,0.264396
0,0.000081
0,0.185986
0,0.000435
0,0.000132
0,0.031113
0,0.001356
0,0.031189
0,0.008297
0,0.023117
0,0.915271
0,0.000183
0,0.011289
0,0.000023
0,0.007938
0,0.015813
0,0.001322
0,0.001908
0,0.116453
0,0.035331
0,0.920977
0,0.002568
0,0.019019
0,0.529911
0,0.022489
0,0.014472
0,0.000595
0,0.918859
0,0.077010
0,0.000177
0,0.114632
0,0.081605
0,0.501632
0,0.000002
0,0.000005
0,0.000353
0,0.004415
0,0.000004
0,0.000385
0,0.000925
0,0.542297
0,0.000208
0,0.025556
0,0.051843
0,0.017652
0,0.013600
0,0.003714
0,0.170981
0,0.000703
0,0.002736
0,0.986845
0,0.042242
0,0.121408
0,0.034778
0,0.059391
1,0.993494
0,0.785150
0,0.000075
0,0.100508
0,0.020172
0,0.000713
0,0.784681
0,0.267313
0,0.021621
0,0.090025
0,0.001917
0,0.029788
0,0.017971
0,0.000008
0,0.000763
0,0.065741
0,0.022426
0,0.019384
0,0.000226
0,0.007350
0,0.040245
0,0.000011
0,0.012663
0,0.088316
0,0.003210
0,0.486593
0,0.881314
0,0.990992
0,0.057503
0,0.000360
0,0.066027
0,0.000033
0,0.034571
0,0.782778
0,0.078966
0,0.159942
0,0.000280
0,0.006021
0,0.078001
0,0.003901
0,0.025122
0,0.000001
0,0.176106
0,0.003347
0,0.000007
0,0.000128
0,0.004961
0,0.067873
0,0.005223
0,0.000911
0,0.036285
0,0.000039
0,0.000270
0,0.000003
0,0.001271
0,0.000065
0,0.000020
0,0.011292
0,0.001158
0,0.021754
0,0.024876
0,0.030425
0,0.000015
0,0.057086
0,0.008557
0,0.558033
0,0.002201
0,0.001890
0,0.001737
0,0.000018
0,0.000100
0,0.029168
0,0.021208
0,0.570558
0,0.002093
0,0.000371
0,0.000460
0,0.062235
0,0.002945
0,0.005891
0,0.000015
0,0.634107
0,0.000138
0,0.203231
0,0.013313
0,0.078414
0,0.017725
0,0.037289
0,0.000055
0,0.020825
0,0.001404
0,0.012330
0,0.182507
0,0.000001
0,0.064754
0,0.999958
0,0.009131
0,0.000836
0,0.092597
0,0.537989
0,0.346849
0,0.001491
0,0.004240
0,0.119216
0,0.014485
0,0.531729
0,0.014539
0,0.149225
0,0.001040
0,0.020788
0,0.000035
0,0.023414
0,0.000003
0,0.006424
0,0.533260
0,0.044197
0,0.013170
0,0.078325
0,0.402513
0,0.035744
0,0.000204
0,0.365173
0,0.001282
0,0.062912
0,0.327096
0,0.000001
0,0.200594
0,0.988892
0,0.001066
0,0.006452
0,0.000035
0,0.009014
0,0.297877
0,0.000039
0,0.000007
0,0.000238
0,0.000031
0,0.000023
0,0.015408
0,0.021244
0,0.000132
0,0.001448
0,0.026659
0,0.000300
0,0.000001
0,0.003399
0,0.013871
0,0.029606
0,0.007813
0,0.000082
0,0.000065
0,0.146318
0,0.000022
0,0.006979
0,0.000509
0,0.004469
0,0.000009
0,0.471753
0,0.234068
0,0.216198
0,0.612166
0,0.048624
0,0.000023
0,0.091221
0,0.300768
0,0.000623
0,0.369179
0,0.000029
0,0.076076
0,0.654495
0,0.033556
0,0.000434
0,0.003086
0,0.000078
0,0.000139
0,0.004300
0,0.061061
0,0.000080
0,0.317106
0,0.091894
0,0.000001
0,0.003902
0,0.031185
0,0.010558
0,0.913831
0,0.002339
0,0.000259
0,0.000002
0,0.096263
0,0.000009
0,0.000757
0,0.067674
0,0.363733
0,0.997975
0,0.004228
0,0.000430
0,0.249331
0,0.000003
0,0.475617
0,0.000742
0,0.000087
0,0.000545
0,0.027174
0,0.027518
0,0.944031
0,0.000111
0,0.097883
1,0.999681
0,0.015619
0,0.006118
0,0.004559
0,0.004295
0,0.000372
0,0.003453
0,0.987444
0,0.000972
0,0.340100
0,0.004222
0,0.018579
0,0.116733
0,0.148432
0,0.917763
0,0.003427
0,0.000090
0,0.000200
0,0.023091
0,0.000048
0,0.003920
0,0.009140
0,0.000001
0,0.006566
0,0.054958
0,0.000198
0,0.000012
0,0.000155
0,0.146405
0,0.017508
0,0.059773
0,0.000324
0,0.000433
0,0.012208
0,0.000999
0,0.030633
0,0.230137
0,0.000001
0,0.329836
0,0.000803
0,0.037341
0,0.008214
0,0.000234
0,0.000064
0,0.008746
0,0.389737
0,0.484867
0,0.000177
0,0.020477
0,0.031085
0,0.000300
0,0.002463
0,0.980447
0,0.000009
0,0.041926
0,0.404748
0,0.000779
0,0.911098
0,0.003010
0,0.001240
0,0.881662
0,0.057805
0,0.002359
0,0.001102
0,0.006122
0,0.748760
0,0.023757
0,0.000119
0,0.016793
0,0.007308
0,0.003080
0,0.000005
0,0.100028
0,0.005435
0,0.745682
0,0.010755
0,0.000049
0,0.002764
0,0.000168
0,0.214792
0,0.131539
0,0.000006
0,0.998248
0,0.372421
0,0.020115
0,0.000218
0,0.004336
0,0.024630
0,0.568620
0,0.021294
0,0.804576
0,0.215041
0,0.150775
0,0.019319
0,0.023153
0,0.000195
0,0.004723
0,0.000742
0,0.675517
0,0.008151
0,0.000716
0,0.054715
0,0.000005
0,0.000499
0,0.000001
0,0.621520
0,0.000819
0,0.000270
0,0.000915
0,0.001436
0,0.010741
0,0.112084
0,0.135925
0,0.000003
0,0.000400
0,0.004901
0,0.975601
0,0.000664
0,0.008424
0,0.070903
0,0.000005
0,0.002891
0,0.005989
0,0.166251
0,0.000914
0,0.000042
0,0.000074
0,0.291704
0,0.443180
0,0.000099
0,0.000166
0,0.000820
0,0.002032
0,0.027974
0,0.998866
0,0.000006
0,0.068463
0,0.015750
0,0.996235
0,0.010355
0,0.007456
0,0.002209
0,0.000089
0,0.000007
0,0.989173
0,0.017899
0,0.000021
0,0.000121
0,0.000001
0,0.000003
0,0.000326
0,0.005541
0,0.196086
0,0.124910
0,0.008409
0,0.052967
0,0.000158
0,0.608299
0,0.076546
0,0.000600
0,0.005855
0,0.602616
0,0.000116
0,0.000027
0,0.002222
0,0.031996
0,0.000090
0,0.005666
0,0.007719
0,0.074163
0,0.001200
0,0.002622
0,0.075710
0,0.003344
0,0.001904
0,0.000024
0,0.080286
0,0.000418
0,0.386986
0,0.027361
0,0.200144
0,0.005788
0,0.000025
0,0.000204
0,0.000039
0,0.000219
0,0.010623
0,0.015359
0,0.323749
0,0.000450
0,0.002804
0,0.000065
0,0.014641
0,0.002354
0,0.258718
0,0.014769
0,0.000921
0,0.013598
0,0.017113
0,0.635029
0,0.007802
0,0.000287
0,0.000241
0,0.000001
0,0.000923
0,0.000002
0,0.000455
0,0.056372
0,0.402530
0,0.006839
0,0.007845
0,0.000042
0,0.000006
0,0.000846
0,0.003397
0,0.037562
0,0.000078
0,0.054974
0,0.000190
0,0.000467
0,0.006531
0,0.109076
0,0.000726
0,0.859175
0,0.562816
0,0.004632
0,0.000489
0,0.145744
0,0.348089
0,0.003892
0,0.009103
0,0.876434
0,0.199362
0,0.971034
0,0.000660
0,0.000046
0,0.000601
0,0.045903
0,0.053162
0,0.006578
0,0.000040
1,0.161091
0,0.007446
0,0.241712
0,0.057707
0,0.000297
0,0.000060
0,0.044110
0,0.076028
0,0.000056
0,0.014648
0,0.006111
0,0.554230
0,0.767481
0,0.980115
0,0.053509
0,0.134016
0,0.254777
0,0.000152
0,0.017635
0,0.271953
0,0.338072
0,0.022042
0,0.012457
0,0.894919
0,0.320623
0,0.000025
0,0.588939
0,0.000830
0,0.000381
0,0.000464
0,0.399627
0,0.687590
0,0.015672
0,0.027890
0,0.000209
0,0.000303
0,0.321078
0,0.000023
0,0.037235
0,0.014258
0,0.000569
0,0.968703
0,0.000151
0,0.918478
0,0.017229
0,0.028782
0,0.000404
0,0.049748
0,0.987008
0,0.000064
0,0.119889
0,0.000806
0,0.568270
0,0.836296
0,0.183155
0,0.029351
0,0.967848
0,0.065202
0,0.365730
0,0.867906
0,0.105489
0,0.998729
0,0.141140
0,0.061741
0,0.061830
0,0.011180
0,0.168019
0,0.003031
0,0.001121
0,0.067230
0,0.000018
0,0.321737
0,0.842781
0,0.000102
0,0.000087
0,0.945287
0,0.002376
0,0.000493
0,0.281446
0,0.001316
0,0.002659
0,0.086459
0,0.002243
0,0.008466
0,0.084972
0,0.811410
0,0.000539
0,0.000946
0,0.364833
0,0.038406
0,0.000021
0,0.030177
0,0.113822
0,0.000989
0,0.033246
0,0.000001
0,0.946764
0,0.000073
0,0.180456
0,0.070169
0,0.000090
0,0.001068
0,0.000002
0,0.000389
0,0.018730
0,0.001191
0,0.098914
0,0.192926
0,0.000004
0,0.000105
0,0.000002
0,0.000040
0,0.018926
0,0.007476
0,0.242452
0,0.000238
0,0.002380
0,0.000001
0,0.983516
0,0.003391
0,0.121978
0,0.002679
0,0.035219
0,0.000733
0,0.007342
0,0.009955
0,0.002356
0,0.971891
0,0.256818
0,0.003082
0,0.006424
0,0.056765
0,0.211144
0,0.275897
0,0.019872
0,0.287786
0,0.000004
0,0.062979
0,0.000749
0,0.016723
0,0.836821
0,0.001938
0,0.000008
0,0.015319
0,0.786057
0,0.176914
0,0.088783
0,0.306780
0,0.004996
0,0.000034
0,0.000506
0,0.889365
0,0.003327
0,0.001115
0,0.954840
0,0.018152
0,0.002741
0,0.002242
0,0.086257
0,0.953314
0,0.008686
0,0.000015
0,0.000095
0,0.030822
1,0.969145
0,0.998863
0,0.486191
0,0.065378
0,0.666800
0,0.000184
0,0.000657
0,0.235627
0,0.000119
0,0.494005
0,0.187065
0,0.003879
0,0.020368
0,0.000259
0,0.002207
0,0.002353
0,0.226678
0,0.406651
0,0.075744
0,0.084234
0,0.000461
0,0.004752
0,0.000354
0,0.613661
0,0.000845
0,0.104324
0,0.000932
1,0.999915
0,0.050109
0,0.026875
0,0.129623
0,0.000010
0,0.136402
0,0.431647
0,0.052344
0,0.000009
0,0.012881
0,0.000539
0,0.005829
0,0.000112
0,0.196767
0,0.904740
0,0.000715
0,0.001883
0,0.084110
0,0.002891
0,0.287615
0,0.669100
0,0.000001
0,0.070354
0,0.001794
0,0.001080
0,0.000005
0,0.423443
0,0.007328
0,0.000062
0,0.042552
0,0.005177
0,0.000089
0,0.000327
0,0.116547
0,0.000279
0,0.000196
0,0.008516
0,0.138869
0,0.901957
0,0.025061
0,0.035589
0,0.000617
0,0.238655
0,0.007286
0,0.090190
0,0.001240
0,0.387106
0,0.053389
0,0.001790
0,0.984406
0,0.011039
0,0.000452
0,0.000369
0,0.422407
0,0.586898
0,0.000254
0,0.000011
0,0.000002
0,0.173962
0,0.001651
0,0.219310
0,0.016170
0,0.035368
0,0.091868
0,0.001658
0,0.994387
0,0.001563
0,0.242534
0,0.217107
0,0.000476
0,0.023921
0,0.002598
0,0.488782
0,0.005192
0,0.001399
0,0.043792
0,0.000085
0,0.009084
0,0.000010
0,0.077400
0,0.303715
1,0.999993
0,0.199303
0,0.009166
0,0.000024
0,0.002573
0,0.061701
0,0.002261
0,0.111569
0,0.000559
0,0.000060
0,0.000154
0,0.058077
0,0.043551
0,0.189270
0,0.001402
0,0.000528
0,0.000084
0,0.001298
0,0.002828
0,0.869757
0,0.005283
0,0.000057
0,0.000013
0,0.006867
0,0.000711
0,0.000545
0,0.002487
0,0.011474
0,0.000479
0,0.670304
0,0.119198
0,0.005395
0,0.185119
0,0.000139
0,0.049429
0,0.632142
0,0.000013
0,0.183260
0,0.530851
0,0.002285
0,0.001659
0,0.000002
0,0.000008
0,0.609913
0,0.613659
0,0.037477
0,0.000292
0,0.613118
0,0.000005
0,0.000094
0,0.000275
0,0.002928
0,0.000010
0,0.007342
0,0.027054
0,0.014274
0,0.007565
0,0.007305
0,0.001772
0,0.095078
0,0.019261
0,0.098779
0,0.202072
0,0.000239
0,0.000436
0,0.007737
0,0.000135
0,0.040753
0,0.001829
0,0.000405
0,0.528394
0,0.020018
0,0.286778
0,0.000047
0,0.948951
0,0.057423
0,0.000003
0,0.031479
0,0.002138
0,0.014689
0,0.000346
0,0.964536
0,0.000801
0,0.990776
0,0.905084
0,0.038526
0,0.000774
0,0.002638
0,0.007993
0,0.040196
0,0.032394
0,0.243962
0,0.209159
0,0.090393
0,0.011995
0,0.999327
0,0.010161
0,0.000007
0,0.389334
0,0.000002
0,0.001965
0,0.962148
0,0.104248
0,0.963040
0,0.001600
0,0.031288
0,0.001530
0,0.000897
0,0.372682
0,0.024924
0,0.000488
0,0.008567
0,0.899116
0,0.854784
0,0.121706
0,0.000402
0,0.000473
0,0.001018
0,0.000214
0,0.025234
0,0.001787
0,0.000520
0,0.002712
0,0.276982
0,0.033023
0,0.169547
0,0.111369
0,0.000059
0,0.001301
0,0.761990
0,0.399523
0,0.046878
0,0.104580
0,0.007032
0,0.199094
0,0.005971
0,0.426838
0,0.001087
0,0.628423
0,0.370762
0,0.001371
0,0.006653
0,0.000605
0,0.000449
0,0.000199
0,0.000018
0,0.054872
0,0.001214
0,0.001030
0,0.085390
0,0.977081
0,0.010665
0,0.657661
0,0.928089
0,0.002018
0,0.021197
0,0.000053
0,0.955936
0,0.016715
0,0.005189
0,0.000004
0,0.067891
0,0.366308
0,0.007557
0,0.130965
0,0.000002
0,0.112784
0,0.929867
0,0.091351
0,0.053515
0,0.069009
0,0.269370
0,0.052231
0,0.445485
0,0.399837
0,0.029941
0,0.006600
0,0.820669
0,0.977251
0,0.000089
0,0.002356
0,0.000576
0,0.014561
0,0.000130
0,0.021414
0,0.001406
0,0.000252
0,0.000002
0,0.008328
1,0.999493
0,0.190807
0,0.595436
0,0.000360
0,0.152139
0,0.025600
0,0.063773
0,0.000200
0,0.004612
0,0.495347
0,0.005462
0,0.853504
0,0.045201
0,0.000171
0,0.211904
0,0.032725
0,0.000100
0,0.004464
0,0.015497
0,0.000875
0,0.000062
0,0.000149
0,0.000096
0,0.022669
0,0.000300
0,0.196773
0,0.000038
0,0.003602
0,0.007184
0,0.001202
0,0.018048
0,0.000685
0,0.070309
0,0.000028
0,0.054650
0,0.000181
0,0.018165
0,0.003089
0,0.002250
0,0.015119
0,0.000502
0,0.072166
0,0.003949
0,0.016521
0,0.994150
0,0.013427
0,0.001307
0,0.005685
0,0.000063
0,0.000223
0,0.000013
0,0.002274
0,0.821314
0,0.010247
0,0.987408
0,0.157689
0,0.001119
0,0.000028
0,0.358818
0,0.038458
0,0.089811
0,0.002101
0,0.010476
0,0.000817
0,0.000070
0,0.000201
0,0.642590
0,0.013317
0,0.007929
0,0.870329
0,0.002219
0,0.000399
0,0.505958
0,0.000403
0,0.000216
0,0.001219
0,0.000469
0,0.046035
0,0.000236
0,0.003451
0,0.950275
0,0.065687
0,0.449397
0,0.000950
0,0.000003
0,0.000535
0,0.549039
0,0.003635
0,0.119496
0,0.004538
0,0.000258
0,0.204870
0,0.002114
0,0.553454
0,0.000562
0,0.002266
0,0.801322
0,0.710079
0,0.002540
0,0.028626
0,0.014085
0,0.060972
0,0.000634
0,0.515639
0,0.020743
0,0.165678
0,0.000538
0,0.136124
0,0.192707
0,0.001975
0,0.002858
0,0.000158
0,0.012186
0,0.102514
0,0.001778
0,0.000047
0,0.008747
0,0.000088
1,0.815506
0,0.000118
0,0.062794
0,0.000045
0,0.994620
0,0.000110
0,0.000002
0,0.021658
0,0.009986
0,0.745394
0,0.010496
0,0.997749
0,0.970945
0,0.003549
0,0.956521
0,0.000015
0,0.000001
0,0.055221
0,0.000034
0,0.046013
0,0.006824
0,0.897809
0,0.001586
0,0.000364
0,0.009771
0,0.000747
0,0.527504
0,0.005898
0,0.999614
0,0.042469
0,0.004164
0,0.020053
0,0.001792
0,0.003008
0,0.005368
0,0.043969
0,0.000578
0,0.307169
0,0.000083
0,0.830707
0,0.025538
0,0.000004
0,0.000007
0,0.002326
0,0.000080
0,0.005708
0,0.181094
0,0.004520
0,0.038965
0,0.000011
0,0.016961
0,0.000038
0,0.043812
0,0.078533
0,0.039578
0,0.006279
0,0.009107
0,0.001063
0,0.052624
0,0.003949
0,0.004088
0,0.043002
0,0.851501
0,0.442006
0,0.867276
0,0.000843
0,0.000038
0,0.610280
0,0.004328
1,0.999803
0,0.000653
0,0.000141
0,0.484211
0,0.677392
0,0.006637
0,0.001580
0,0.000004
0,0.001565
0,0.001613
0,0.000006
0,0.000061
0,0.000211
0,0.571642
0,0.000449
0,0.012184
0,0.000339
0,0.215453
0,0.015043
0,0.605446
1,0.683997
0,0.152137
0,0.018272
0,0.000001
0,0.007115
0,0.000826
0,0.992277
0,0.031314
0,0.482601
0,0.000235
0,0.000052
0,0.002425
0,0.000736
0,0.225931
0,0.000841
0,0.046539
0,0.017269
0,0.455838
0,0.140443
0,0.065525
0,0.000069
0,0.998934
0,0.148117
0,0.000001
0,0.030711
0,0.000183
0,0.000076
0,0.011729
0,0.000726
0,0.189660
0,0.010359
0,0.003275
0,0.040080
0,0.000003
0,0.012446
0,0.019357
0,0.000025
0,0.040877
0,0.007157
0,0.000343
0,0.140895
0,0.025594
0,0.000001
0,0.193275
0,0.005968
0,0.000885
0,0.002301
0,0.013063
0,0.039569
0,0.009342
0,0.002361
0,0.000049
0,0.002570
0,0.033619
0,0.000017
0,0.000376
0,0.012108
0,0.926492
0,0.000003
0,0.588794
0,0.129475
0,0.756262
0,0.019869
0,0.151798
0,0.910769
0,0.025235
0,0.013278
0,0.000150
0,0.000613
0,0.032860
0,0.001691
0,0.000001
0,0.202909
0,0.128693
0,0.231470
0,0.909115
0,0.043004
0,0.000004
0,0.798736
0,0.000001
0,0.728480
0,0.066235
0,0.184748
0,0.000647
0,0.000024
0,0.000001
0,0.897757
0,0.080977
0,0.669718
0,0.002721
0,0.000219
0,0.133859
0,0.001065
0,0.051749
0,0.018111
0,0.722592
0,0.072670
0,0.056947
0,0.972713
0,0.013075
0,0.000001
0,0.011189
0,0.007048
0,0.011409
0,0.009814
0,0.000021
0,0.013161
1,0.997039
0,0.000535
0,0.000058
0,0.000760
0,0.005694
0,0.000137
0,0.001127
0,0.000002
0,0.000007
0,0.001117
0,0.000047
0,0.582145
0,0.147613
0,0.872245
0,0.003027
0,0.116459
0,0.004192
0,0.000493
0,0.968916
0,0.076723
0,0.045713
0,0.114501
0,0.921610
0,0.977694
0,0.085916
0,0.024535
0,0.008149
0,0.000096
0,0.004865
0,0.000616
0,0.031430
0,0.018190
0,0.016755
0,0.000202
0,0.192348
0,0.002004
0,0.262884
0,0.301400
0,0.794496
0,0.000209
0,0.001013
0,0.058681
0,0.000004
0,0.028377
0,0.020577
0,0.013943
0,0.011967
0,0.027725
0,0.666404
0,0.232997
0,0.002267
0,0.055536
0,0.014079
0,0.017612
0,0.414870
0,0.198726
0,0.005021
0,0.000937
0,0.027902
0,0.005080
0,0.000032
0,0.000023
0,0.000001
0,0.000074
0,0.000192
0,0.001107
0,0.386112
0,0.000073
0,0.200650
0,0.381694
0,0.001692
0,0.576559
0,0.000299
0,0.001297
0,0.186655
0,0.000755
0,0.000402
0,0.000119
0,0.524165
0,0.059089
0,0.367743
0,0.164899
0,0.045416
0,0.448747
0,0.000263
0,0.000005
0,0.000024
0,0.080371
0,0.034716
0,0.083437
0,0.007704
0,0.000170
0,0.000072
0,0.006279
0,0.508100
0,0.000824
0,0.000327
0,0.000240
0,0.065909
0,0.002735
0,0.000164
0,0.000258
0,0.003624
0,0.000212
0,0.117894
0,0.087030
0,0.864003
0,0.000368
0,0.047169
0,0.001627
0,0.622657
0,0.613482
0,0.003632
0,0.371552
0,0.068755
0,0.560031
0,0.001524
0,0.026498
0,0.238073
0,0.129722
1,0.994540
0,0.000114
0,0.002298
0,0.000022
0,0.056767
0,0.079006
0,0.000020
0,0.800202
0,0.005269
0,0.547421
0,0.000175
0,0.100033
0,0.000147
0,0.014685
0,0.084033
0,0.000043
0,0.000128
0,0.244415
0,0.003218
0,0.010722
0,0.176365
0,0.001893
0,0.016090
0,0.077077
0,0.003020
0,0.007196
0,0.007341
0,0.003533
0,0.137783
0,0.253021
0,0.012938
0,0.006334
0,0.004472
0,0.024346
0,0.796500
0,0.024888
0,0.001420
0,0.311522
0,0.000062
0,0.001864
0,0.992840
0,0.044437
0,0.000162
0,0.124901
0,0.018541
0,0.090492
0,0.012087
0,0.009190
0,0.016325
0,0.277727
0,0.004109
0,0.002513
0,0.000089
0,0.815398
0,0.737979
0,0.015941
0,0.001028
0,0.005055
0,0.036626
0,0.969746
0,0.921546
0,0.232042
0,0.000091
0,0.090302
0,0.000076
0,0.000544
0,0.000118
0,0.023310
0,0.730370
0,0.000331
0,0.005772
0,0.023612
0,0.001361
0,0.057781
0,0.012297
0,0.011615
0,0.001223
0,0.873275
0,0.057677
0,0.000052
0,0.000826
0,0.000932
0,0.019412
0,0.010686
0,0.000401
0,0.000023
0,0.007156
0,0.000128
0,0.641432
0,0.886360
0,0.000001
0,0.000007
0,0.000002
0,0.000009
0,0.291406
0,0.100591
0,0.010054
0,0.006518
0,0.156608
0,0.228621
0,0.286978
0,0.000104
0,0.000114
0,0.000150
0,0.001423
0,0.007899
0,0.040066
0,0.040430
0,0.000076
0,0.000108
0,0.021928
0,0.973810
0,0.001145
0,0.000487
0,0.801301
0,0.006827
0,0.085013
0,0.016466
0,0.816020
0,0.005956
0,0.188528
0,0.007050
0,0.047677
0,0.000130
0,0.126566
0,0.017363
1,0.950154
0,0.029614
1,0.916308
0,0.626181
0,0.002219
0,0.000312
0,0.378588
0,0.308590
0,0.341776
0,0.000580
0,0.052196
0,0.014721
0,0.004467
0,0.567230
0,0.002771
0,0.019613
0,0.001545
0,0.851991
0,0.003946
0,0.022108
0,0.055670
0,0.093618
0,0.349429
0,0.019569
0,0.012589
0,0.205704
0,0.990780
0,0.097271
0,0.999370
0,0.001073
0,0.032206
0,0.000788
0,0.000268
0,0.149438
0,0.954696
0,0.945469
0,0.013811
0,0.009111
0,0.972055
0,0.114831
0,0.000273
0,0.000086
0,0.000918
0,0.000602
0,0.007438
0,0.000235
0,0.912002
0,0.031702
0,0.110429
0,0.176131
0,0.000534
0,0.002533
0,0.033661
0,0.000025
0,0.000072
0,0.549308
0,0.013835
0,0.043861
0,0.011975
0,0.019968
0,0.244260
0,0.003101
0,0.042194
0,0.008880
0,0.000099
0,0.000349
0,0.005215
0,0.573042
0,0.039308
0,0.000092
0,0.814847
0,0.489837
0,0.000437
0,0.000129
0,0.010388
0,0.027009
0,0.014122
0,0.120275
0,0.000011
0,0.018816
0,0.000005
0,0.000846
0,0.000320
0,0.000353
0,0.014380
0,0.001280
0,0.002894
0,0.747384
0,0.010411
0,0.004840
0,0.067509
0,0.012344
0,0.000053
0,0.001689
0,0.264564
0,0.050043
0,0.000109
0,0.029472
0,0.139236
0,0.012421
0,0.004957
0,0.001219
0,0.131147
0,0.000008
0,0.003729
0,0.100284
0,0.002100
0,0.012924
0,0.007221
0,0.036082
0,0.063953
0,0.004949
0,0.243194
0,0.925457
0,0.010798
0,0.353883
0,0.001471
0,0.003878
0,0.223710
0,0.022530
0,0.001206
1,0.717205
0,0.567858
0,0.001174
0,0.000907
0,0.017380
0,0.834677
0,0.000292
0,0.331040
0,0.000003
0,0.641625
0,0.952819
0,0.000983
0,0.000003
0,0.104688
0,0.116884
0,0.300562
0,0.815484
0,0.000236
0,0.000011
0,0.842754
0,0.000750
0,0.146903
0,0.000006
0,0.001179
0,0.015730
0,0.000049
0,0.000358
0,0.000032
0,0.903418
0,0.001441
0,0.044016
0,0.093699
0,0.003160
0,0.016558
0,0.000065
0,0.408597
0,0.649796
0,0.057879
0,0.236616
0,0.120013
0,0.026679
0,0.001849
0,0.015497
0,0.000720
0,0.024130
0,0.343605
0,0.000176
0,0.000986
0,0.000030
0,0.014634
0,0.000602
0,0.000001
0,0.022378
0,0.000069
0,0.000029
0,0.195160
0,0.060309
0,0.000001
0,0.073851
0,0.029597
0,0.064105
0,0.213955
0,0.073654
0,0.000002
0,0.015142
0,0.000062
0,0.000139
0,0.005947
0,0.117123
0,0.008026
0,0.063228
0,0.810710
0,0.086775
0,0.000414
0,0.992037
0,0.033906
0,0.000500
0,0.071452
0,0.000306
0,0.945429
0,0.552787
0,0.019186
0,0.965030
0,0.000076
0,0.030801
0,0.035257
0,0.761056
0,0.005919
0,0.077300
0,0.004124
0,0.000613
0,0.000556
0,0.000909
0,0.611001
0,0.035068
0,0.023672
0,0.101756
0,0.019562
0,0.000001
0,0.000414
0,0.001490
0,0.022613
0,0.602076
0,0.000403
0,0.002403
0,0.001902
0,0.943502
0,0.004587
0,0.003741
0,0.000212
0,0.243951
0,0.016672
0,0.360941
0,0.061784
0,0.186832
0,0.008405
0,0.028118
0,0.072935
0,0.042841
0,0.063433
0,0.044978
0,0.003709
0,0.000012
0,0.259956
0,0.865008
0,0.000600
0,0.001546
0,0.055209
0,0.006104
0,0.007652
0,0.108138
0,0.667427
0,0.018373
0,0.143497
0,0.999864
0,0.002519
0,0.294708
1,0.999977
0,0.911173
0,0.000367
0,0.000033
0,0.014026
0,0.001130
0,0.015499
0,0.734237
0,0.031932
0,0.000087
0,0.000083
0,0.261780
0,0.005930
0,0.020051
0,0.066393
0,0.000013
0,0.447984
0,0.664141
0,0.183465
0,0.129569
0,0.000012
0,0.496747
0,0.518939
0,0.006642
0,0.011887
0,0.005770
0,0.000174
0,0.005125
0,0.019149
0,0.000352
0,0.128287
0,0.020388
0,0.000066
0,0.089968
0,0.002865
0,0.021354
0,0.238911
0,0.015498
0,0.411583
0,0.000190
0,0.013215
0,0.000239
0,0.000816
0,0.000022
0,0.012702
0,0.001416
0,0.077029
0,0.018149
0,0.000002
0,0.310654
0,0.874268
0,0.009600
0,0.000409
0,0.000200
0,0.000001
0,0.419134
0,0.005489
0,0.011659
0,0.422018
0,0.165877
0,0.090883
0,0.037592
0,0.033079
0,0.023408
0,0.024133
0,0.066033
0,0.000899
0,0.003575
0,0.000045
0,0.984627
0,0.005494
0,0.131955
0,0.004002
0,0.009436
0,0.002452
0,0.985051
0,0.008759
0,0.014161
0,0.000051
0,0.002113
0,0.000450
0,0.000005
0,0.030537
0,0.010174
0,0.000003
0,0.064671
0,0.000022
0,0.042154
0,0.001216
0,0.699469
0,0.966265
0,0.000035
0,0.000013
0,0.801496
0,0.006482
0,0.999421
0,0.018005
0,0.001712
0,0.000072
0,0.073502
0,0.628955
0,0.107133
0,0.046461
0,0.000014
0,0.014612
0,0.007839
0,0.004557
0,0.000594
0,0.000022
0,0.908810
0,0.035302
0,0.229028
0,0.000129
0,0.000899
0,0.004860
0,0.039713
0,0.001096
0,0.010513
0,0.000367
0,0.124676
0,0.000649
0,0.001204
0,0.001508
0,0.004495
0,0.000947
0,0.001755
0,0.550220
0,0.000606
0,0.183894
0,0.000046
0,0.000255
0,0.645343
0,0.000727
0,0.026696
0,0.000096
0,0.000047
0,0.031395
0,0.928444
0,0.091119
0,0.000498
0,0.000010
0,0.511653
0,0.068050
0,0.057767
0,0.047788
0,0.000621
0,0.000885
0,0.004410
0,0.000420
0,0.005005
0,0.000001
0,0.000039
0,0.000251
0,0.000032
0,0.001699
0,0.082000
0,0.008343
0,0.362283
0,0.000785
0,0.000730
0,0.007061
0,0.002030
0,0.000022
0,0.002106
0,0.218366
0,0.031391
0,0.003610
0,0.000245
0,0.171870
0,0.320339
0,0.060837
0,0.240879
0,0.093274
0,0.012240
0,0.000001
0,0.012807
0,0.001587
0,0.000721
0,0.018217
0,0.000110
0,0.000968
0,0.000219
0,0.491496
0,0.008084
0,0.988764
0,0.076208
0,0.000235
0,0.043416
0,0.043777
0,0.002603
0,0.003201
1,0.500534
1,0.999480
0,0.027944
0,0.000019
0,0.131008
0,0.716763
0,0.000254
0,0.407793
0,0.000270
0,0.010278
0,0.000976
0,0.006749
0,0.003063
0,0.552348
0,0.000146
0,0.050093
0,0.352247
0,0.001335
0,0.001246
0,0.000455
0,0.009465
0,0.012049
0,0.000003
0,0.016060
0,0.161329
0,0.142541
0,0.000536
0,0.001605
0,0.022062
0,0.030466
0,0.013934
0,0.003850
0,0.194663
0,0.011133
0,0.000632
0,0.010530
0,0.000584
0,0.389917
0,0.001331
1,0.371130
0,0.125755
0,0.004183
0,0.552218
0,0.000538
0,0.925132
0,0.001760
0,0.010692
0,0.049505
1,0.530437
0,0.405736
0,0.002245
0,0.469737
0,0.000701
0,0.000055
0,0.000148
0,0.000006
0,0.812295
0,0.279770
0,0.679304
0,0.020160
0,0.001438
0,0.000566
0,0.017701
0,0.000794
0,0.000014
0,0.569692
0,0.695846
0,0.000737
0,0.006238
0,0.002425
0,0.000006
0,0.001019
0,0.003703
0,0.091982
0,0.021515
0,0.000207
0,0.003502
0,0.000794
0,0.000696
0,0.104346
0,0.000266
0,0.001832
0,0.031431
0,0.000032
0,0.296512
0,0.000301
0,0.498913
0,0.001348
0,0.926483
0,0.134592
0,0.005889
0,0.169123
0,0.461513
0,0.000001
0,0.062676
0,0.008419
0,0.116222
0,0.053639
0,0.020500
0,0.000124
0,0.348267
0,0.089533
0,0.921838
0,0.010240
0,0.000058
0,0.000402
0,0.687307
0,0.466912
0,0.000098
0,0.014802
0,0.000239
0,0.074629
0,0.000006
0,0.000149
0,0.255809
0,0.000067
0,0.004519
0,0.006619
0,0.421679
0,0.426716
0,0.611269
0,0.029291
0,0.838435
0,0.003979
0,0.882495
0,0.001021
0,0.008078
0,0.004121
0,0.130835
0,0.004924
0,0.007273
0,0.643202
0,0.314790
0,0.001557
0,0.559663
0,0.010919
0,0.020805
0,0.144306
0,0.000196
0,0.000001
0,0.008991
0,0.000010
0,0.351188
0,0.000184
0,0.000019
0,0.000080
0,0.024892
0,0.000499
0,0.038878
0,0.388282
0,0.026397
0,0.011165
0,0.000939
0,0.611393
0,0.223466
0,0.000533
0,0.009656
0,0.000557
0,0.000154
0,0.000020
0,0.000597
0,0.003043
0,0.000042
0,0.031477
0,0.000569
0,0.006785
0,0.002203
0,0.001678
0,0.306990
0,0.064075
0,0.000765
0,0.055736
0,0.000320
0,0.012953
0,0.021095
0,0.011601
0,0.001046
0,0.000055
0,0.000096
0,0.000037
0,0.002054
0,0.001161
0,0.011947
0,0.003072
0,0.002935
0,0.003705
0,0.016247
1,0.999898
0,0.002427
0,0.056575
0,0.002025
0,0.000078
0,0.000014
0,0.049480
0,0.227241
0,0.000306
0,0.050106
0,0.000156
0,0.077209
0,0.967998
0,0.000001
0,0.000208
0,0.019728
0,0.003263
0,0.000117
0,0.000482
0,0.003744
0,0.996268
0,0.000461
0,0.875389
0,0.000150
0,0.000207
0,0.059771
0,0.019874
0,0.001523
0,0.158731
0,0.002952
0,0.001234
0,0.000301
0,0.004607
0,0.211327
0,0.000009
0,0.122205
0,0.000012
0,0.000212
0,0.000518
0,0.017972
0,0.112404
0,0.394867
0,0.004204
0,0.069631
0,0.020968
0,0.000014
0,0.347488
0,0.016679
0,0.002660
0,0.035026
0,0.292671
0,0.000664
0,0.002396
0,0.030623
0,0.245604
0,0.017808
0,0.011033
0,0.046903
0,0.000665
0,0.000169
0,0.367512
0,0.809735
0,0.003152
0,0.022967
0,0.013722
0,0.002553
0,0.014900
0,0.030403
0,0.037915
0,0.174309
0,0.219351
0,0.878170
0,0.002584
0,0.044890
0,0.090225
0,0.000001
0,0.123637
0,0.000304
0,0.058907
0,0.001607
0,0.000035
0,0.056876
0,0.000047
0,0.046583
0,0.000164
0,0.307585
0,0.003483
0,0.001002
0,0.007385
0,0.000035
0,0.000076
0,0.307293
0,0.104083
0,0.009271
0,0.000431
0,0.118505
0,0.068980
0,0.003151
0,0.000973
0,0.000170
0,0.003038
0,0.000030
0,0.029212
0,0.000012
0,0.997550
0,0.011880
0,0.000659
0,0.000164
0,0.672410
0,0.895999
0,0.150590
0,0.780410
0,0.000014
0,0.989208
0,0.001799
0,0.379573
0,0.000233
0,0.005900
0,0.005256
0,0.000223
0,0.900865
0,0.001147
0,0.001354
0,0.000087
0,0.569262
0,0.004007
0,0.004697
0,0.002168
0,0.480128
0,0.005691
0,0.000046
0,0.182164
0,0.949392
0,0.000781
0,0.029682
0,0.000060
0,0.120342
0,0.076780
0,0.102722
0,0.070503
0,0.000009
0,0.011004
0,0.001077
0,0.687924
0,0.043153
0,0.887625
0,0.000020
0,0.088722
0,0.078186
0,0.000354
0,0.175531
0,0.049908
0,0.128889
0,0.002521
0,0.030779
0,0.045095
0,0.001327
0,0.008738
0,0.000846
0,0.525190
0,0.017258
0,0.000163
0,0.069684
0,0.046430
0,0.000588
0,0.001454
0,0.000024
0,0.160004
0,0.001325
0,0.002810
0,0.048331
0,0.000043
0,0.675733
1,0.999995
0,0.188653
0,0.000016
0,0.000005
0,0.431101
0,0.000809
0,0.004221
0,0.996626
0,0.000339
0,0.082170
0,0.732085
0,0.337825
0,0.118879
0,0.011659
0,0.086452
0,0.002308
0,0.997185
0,0.082330
0,0.000138
0,0.001600
0,0.004485
0,0.002172
0,0.003201
0,0.016689
0,0.000284
0,0.044626
0,0.002618
0,0.062072
0,0.007367
0,0.000027
0,0.186708
0,0.030284
0,0.980779
0,0.001758
0,0.000004
0,0.010794
0,0.000455
0,0.002058
0,0.000038
0,0.184842
0,0.068817
0,0.086584
0,0.003504
0,0.001429
0,0.027097
0,0.018300
0,0.450206
0,0.023074
0,0.040351
0,0.000131
0,0.015619
0,0.529353
0,0.941827
1,0.977398
0,0.052383
0,0.000893
0,0.001370
0,0.016714
0,0.003674
0,0.000053
0,0.021686
0,0.613180
0,0.144406
0,0.002037
0,0.001065
0,0.882817
0,0.002855
0,0.000001
0,0.046098
0,0.026306
0,0.006188
0,0.000532
0,0.048318
0,0.000019
0,0.003052
0,0.000015
0,0.000160
0,0.084129
0,0.784837
0,0.050463
0,0.000001
0,0.065677
0,0.010405
0,0.912543
0,0.899818
0,0.013111
0,0.002427
0,0.339918
0,0.179641
0,0.005697
0,0.000192
0,0.000370
0,0.000008
0,0.009064
0,0.008983
0,0.032423
0,0.778505
0,0.090013
0,0.048870
0,0.001177
0,0.033884
0,0.008435
0,0.002574
0,0.013180
0,0.121416
0,0.014370
0,0.000293
0,0.000036
0,0.467382
0,0.026557
0,0.000089
0,0.002331
0,0.001712
0,0.997572
0,0.305406
0,0.639798
0,0.002918
1,0.999329
0,0.391320
0,0.288720
0,0.311355
0,0.100866
0,0.319481
0,0.000072
0,0.037382
0,0.010085
0,0.509446
0,0.029469
1,0.209962
0,0.013302
0,0.003951
0,0.000012
0,0.007385
0,0.000026
0,0.000001
0,0.012081
0,0.658191
0,0.018548
0,0.000246
0,0.012406
0,0.004498
0,0.002037
0,0.003031
0,0.325419
0,0.000017
0,0.000155
0,0.001214
0,0.879042
0,0.000001
0,0.009959
0,0.956611
0,0.000219
0,0.024796
0,0.000022
0,0.203152
0,0.001226
0,0.144090
0,0.000574
0,0.000063
0,0.854489
0,0.000459
0,0.017122
1,0.879807
0,0.007986
0,0.000222
0,0.017352
0,0.123483
0,0.006076
0,0.362654
0,0.140589
0,0.001422
0,0.002395
0,0.008746
0,0.002831
0,0.000081
0,0.000001
0,0.000415
0,0.006628
0,0.000782
0,0.000107
0,0.694417
0,0.616587
0,0.174572
0,0.974933
0,0.038738
0,0.059169
0,0.000212
0,0.000070
0,0.140083
0,0.001093
0,0.005752
0,0.089928
0,0.011667
0,0.000573
0,0.000422
0,0.000044
0,0.001325
0,0.000005
0,0.015291
0,0.100764
0,0.960430
0,0.041629
0,0.012978
0,0.000225
0,0.000013
0,0.009480
0,0.001436
0,0.126344
0,0.050924
0,0.005335
0,0.120708
0,0.026174
0,0.000083
0,0.923614
0,0.168526
0,0.948443
0,0.000021
0,0.033259
0,0.015009
0,0.024467
0,0.000691
0,0.794629
0,0.000159
0,0.051175
0,0.001191
0,0.371679
0,0.003918
0,0.001575
0,0.000358
0,0.000984
0,0.164863
0,0.230489
0,0.007070
0,0.334739
0,0.004628
0,0.000104
0,0.086553
0,0.000877
0,0.664665
0,0.571318
0,0.010264
0,0.161171
0,0.000201
0,0.012572
0,0.624743
0,0.001123
0,0.865989
0,0.029700
0,0.004018
0,0.008887
0,0.000311
0,0.000890
0,0.007846
0,0.018263
0,0.000188
0,0.007059
0,0.000009
0,0.925912
0,0.611011
0,0.009600
0,0.017427
0,0.132443
0,0.099941
0,0.006610
0,0.028687
0,0.787193
0,0.000206
0,0.026273
0,0.000037
0,0.003346
0,0.093499
0,0.002069
0,0.004729
0,0.138701
0,0.028251
0,0.175725
0,0.080493
0,0.003682
0,0.000670
0,0.007576
0,0.003671
0,0.002997
0,0.001046
0,0.393015
0,0.099313
0,0.012865
0,0.005515
0,0.009615
0,0.001973
0,0.002527
0,0.007831
0,0.522234
0,0.426680
1,0.815950
0,0.000102
0,0.000429
0,0.000494
0,0.007287
0,0.013051
0,0.762416
0,0.196682
0,0.000061
0,0.001709
0,0.905173
0,0.686356
0,0.076791
0,0.000110
0,0.005089
0,0.601490
0,0.014535
0,0.029176
0,0.100164
0,0.011453
0,0.652725
0,0.019861
0,0.055391
0,0.750049
0,0.000093
0,0.007410
0,0.001499
0,0.000094
0,0.000959
0,0.000108
0,0.003287
0,0.317646
0,0.957231
0,0.477724
0,0.000003
0,0.003749
0,0.000549
0,0.062529
0,0.000009
0,0.075922
0,0.285453
0,0.009364
0,0.044170
0,0.022561
0,0.002615
0,0.087733
0,0.034359
0,0.016006
0,0.157043
0,0.000012
0,0.276406
0,0.000688
0,0.852962
0,0.003202
0,0.000346
0,0.086140
0,0.000351
0,0.000092
0,0.000103
0,0.532394
0,0.000004
0,0.004633
0,0.252546
0,0.000213
0,0.001545
0,0.000144
0,0.000135
0,0.000626
0,0.000065
0,0.000057
0,0.025106
0,0.896331
0,0.000143
0,0.005715
0,0.000072
0,0.024133
0,0.193119
0,0.941090
0,0.247401
0,0.046977
0,0.831960
0,0.000026
0,0.262554
0,0.016402
0,0.028929
0,0.000088
0,0.002060
0,0.027972
0,0.000012
0,0.067555
0,0.231232
0,0.072798
0,0.006542
0,0.140349
0,0.045417
0,0.389758
0,0.000262
0,0.165984
0,0.000146
0,0.652920
0,0.081988
0,0.001956
0,0.040269
0,0.004723
0,0.201051
0,0.191148
0,0.013746
0,0.046616
0,0.034245
0,0.620749
0,0.001945
0,0.000098
0,0.000280
0,0.802415
0,0.156613
0,0.480321
0,0.898816
0,0.461857
0,0.000031
0,0.396911
0,0.357543
0,0.078873
0,0.794477
0,0.000409
0,0.000052
0,0.000022
0,0.000879
0,0.001040
0,0.036693
0,0.013242
0,0.039981
0,0.008469
0,0.896869
0,0.000845
0,0.035675
0,0.026569
0,0.002195
0,0.835242
0,0.000011
0,0.516243
0,0.003896
0,0.127552
0,0.004643
0,0.000175
0,0.000007
0,0.002060
0,0.000629
0,0.000284
0,0.001274
0,0.000166
0,0.258737
0,0.699108
0,0.000131
0,0.002168
0,0.000605
0,0.005355
0,0.000022
0,0.000087
0,0.000540
0,0.266050
0,0.056109
0,0.807175
0,0.023770
0,0.008351
0,0.000870
0,0.002190
0,0.273064
0,0.047660
0,0.044756
0,0.010673
0,0.001762
0,0.091869
0,0.000001
0,0.001830
0,0.000010
0,0.000004
0,0.000125
0,0.073167
0,0.003339
0,0.023947
0,0.000033
0,0.150016
0,0.037705
0,0.004351
0,0.007855
0,0.004000
0,0.956123
0,0.846084
0,0.000291
0,0.022322
0,0.000001
0,0.367066
0,0.000357
0,0.025367
0,0.004489
0,0.457233
0,0.466695
0,0.000117
0,0.044040
0,0.000121
0,0.028432
0,0.013895
0,0.465938
0,0.213444
0,0.010768
0,0.002531
0,0.000567
0,0.000003
0,0.026340
0,0.000143
0,0.932143
0,0.000656
0,0.027479
0,0.000158
0,0.080852
0,0.000024
0,0.003502
0,0.022899
0,0.000437
0,0.000001
0,0.932469
0,0.056860
0,0.000004
0,0.000336
0,0.006092
0,0.000224
0,0.253268
0,0.006982
0,0.004602
0,0.004612
0,0.000066
0,0.001924
0,0.003462
0,0.000997
0,0.015200
0,0.000624
0,0.990906
0,0.000548
0,0.000322
0,0.803839
0,0.000516
0,0.068754
0,0.003332
0,0.000483
0,0.000067
0,0.008728
0,0.000088
0,0.003646
0,0.013731
0,0.000283
0,0.000174
0,0.943782
0,0.999229
0,0.871449
0,0.006601
0,0.119210
0,0.000123
0,0.002735
0,0.000215
0,0.967193
0,0.002083
0,0.000116
0,0.003021
0,0.406519
0,0.144177
0,0.000009
0,0.002444
0,0.000108
0,0.000769
0,0.998656
0,0.001165
0,0.001057
0,0.000027
0,0.005709
0,0.029567
0,0.000140
0,0.012604
0,0.745123
0,0.000446
0,0.001342
0,0.012190
0,0.046966
0,0.036183
0,0.009686
0,0.005598
0,0.007756
0,0.027287
0,0.974646
0,0.000992
0,0.130299
0,0.152323
0,0.015409
0,0.000031
0,0.007940
0,0.015712
0,0.000002
0,0.260093
0,0.017398
0,0.748552
0,0.317593
0,0.000072
0,0.001421
0,0.007871
0,0.000043
0,0.072360
0,0.000542
0,0.000331
0,0.000753
0,0.250494
0,0.000884
0,0.356473
0,0.004578
0,0.003776
0,0.064199
0,0.000266
0,0.005184
0,0.025207
0,0.135879
0,0.825596
0,0.032977
0,0.000515
0,0.018931
0,0.076406
0,0.831064
0,0.003062
0,0.281070
0,0.005372
0,0.000163
0,0.023555
0,0.148083
0,0.126551
0,0.004056
0,0.038687
0,0.116344
0,0.004216
0,0.007497
0,0.004541
0,0.000177
0,0.001226
0,0.006838
0,0.074267
0,0.074805
0,0.590514
0,0.038683
0,0.001128
0,0.122592
0,0.000005
0,0.000007
0,0.000003
0,0.007565
0,0.497457
0,0.155177
0,0.018704
1,0.000770
0,0.398454
0,0.104992
0,0.000103
0,0.001081
0,0.000002
0,0.000009
0,0.248621
0,0.984512
0,0.836275
0,0.012731
0,0.000003
0,0.000068
0,0.609130
0,0.186235
0,0.161785
0,0.665185
0,0.042900
0,0.001436
0,0.077856
0,0.000007
0,0.198206
0,0.004837
0,0.003949
0,0.000318
0,0.017109
0,0.008438
0,0.007643
0,0.000010
0,0.169264
0,0.000020
0,0.000599
0,0.000849
0,0.000804
0,0.000293
0,0.058850
0,0.000115
0,0.000193
0,0.000446
0,0.000815
0,0.044796
0,0.013090
0,0.643010
0,0.000162
0,0.047487
0,0.032563
0,0.306933
1,0.996389
0,0.067675
0,0.256349
0,0.003110
0,0.015666
0,0.092298
0,0.000023
0,0.000145
0,0.024037
0,0.006742
0,0.002615
0,0.132028
0,0.000168
0,0.000103
0,0.000062
0,0.009603
0,0.014329
0,0.035420
0,0.000052
0,0.000088
0,0.000127
0,0.085525
0,0.140835
0,0.362644
0,0.000057
0,0.920732
0,0.000238
0,0.025872
0,0.057402
0,0.055515
0,0.000096
0,0.826899
0,0.002138
0,0.116700
0,0.302545
0,0.000430
0,0.000036
0,0.899548
0,0.008522
0,0.002096
0,0.000261
0,0.373227
0,0.040681
0,0.001520
0,0.002465
0,0.000011
0,0.000280
0,0.005799
0,0.002982
0,0.054226
0,0.000558
0,0.091342
0,0.000831
0,0.011299
0,0.077468
0,0.784537
0,0.004140
0,0.074016
0,0.011575
0,0.023524
0,0.000046
0,0.001523
0,0.000755
0,0.001142
0,0.005987
0,0.003346
0,0.208172
0,0.000072
0,0.001784
0,0.514031
0,0.038582
0,0.587012
0,0.205259
0,0.997798
0,0.986054
0,0.000039
0,0.143810
0,0.259684
0,0.695803
0,0.023813
1,0.076744
0,0.013907
0,0.298846
0,0.003660
0,0.044987
0,0.443671
0,0.000019
0,0.000886
0,0.000048
0,0.000268
0,0.055478
0,0.004077
0,0.690830
0,0.870443
0,0.008699
0,0.002750
0,0.838555
0,0.004480
0,0.455571
0,0.003701
0,0.041548
0,0.000066
0,0.000071
0,0.203873
0,0.046304
0,0.000020
0,0.003028
0,0.914251
0,0.579510
0,0.000386
0,0.457465
0,0.000023
0,0.823542
0,0.000181
0,0.000192
0,0.004273
0,0.154027
0,0.004530
0,0.001220
0,0.000005
0,0.095827
0,0.000048
0,0.659356
0,0.653926
0,0.258184
0,0.000075
0,0.991706
0,0.002632
0,0.000498
0,0.000132
0,0.393033
0,0.000487
1,0.991020
0,0.003735
0,0.000095
0,0.000653
0,0.039126
0,0.001381
0,0.017124
0,0.021930
0,0.000001
0,0.039275
0,0.000578
0,0.051847
0,0.000021
0,0.002132
0,0.078673
0,0.772176
0,0.172595
0,0.001744
0,0.173739
0,0.007840
0,0.000052
0,0.326989
0,0.003729
0,0.000571
0,0.343665
0,0.137226
0,0.112908
0,0.000471
0,0.044298
0,0.005977
0,0.479658
0,0.000430
0,0.000982
0,0.217056
0,0.000059
0,0.085257
0,0.690353
0,0.002476
0,0.000557
0,0.000009
0,0.427046
0,0.009558
0,0.000481
0,0.320975
0,0.010084
0,0.000426
0,0.042912
0,0.000010
0,0.000045
0,0.002646
0,0.000004
0,0.000055
0,0.137157
0,0.000015
0,0.251023
0,0.000019
0,0.000104
0,0.000001
0,0.000770
0,0.000002
0,0.000473
0,0.000008
0,0.011187
0,0.000224
0,0.000018
0,0.001240
0,0.000392
0,0.002873
0,0.001319
0,0.005590
0,0.001202
0,0.071268
1,0.999542
0,0.045154
0,0.000189
0,0.000082
0,0.000084
0,0.004075
0,0.000009
0,0.000020
0,0.000006
0,0.000065
0,0.002234
0,0.072803
0,0.000214
0,0.002437
0,0.000011
0,0.138068
0,0.019085
0,0.000002
0,0.002910
0,0.000216
0,0.002293
0,0.013349
0,0.000216
0,0.004835
0,0.012200
0,0.250278
0,0.012777
0,0.364961
0,0.000074
0,0.872130
0,0.208055
0,0.112396
0,0.000926
0,0.076720
0,0.000542
0,0.007907
0,0.543694
0,0.000131
0,0.027417
0,0.070482
0,0.000499
0,0.022350
0,0.016591
0,0.002185
0,0.000714
0,0.000701
0,0.334145
0,0.004443
0,0.004250
0,0.034656
0,0.103334
0,0.004641
0,0.004422
0,0.038484
0,0.017476
0,0.047380
0,0.002405
0,0.001391
0,0.004842
0,0.115773
0,0.002701
0,0.000626
0,0.005488
0,0.011949
0,0.002019
0,0.009214
0,0.023209
0,0.000040
0,0.002051
0,0.076137
0,0.032555
0,0.101505
0,0.000013
0,0.027413
0,0.000620
0,0.062923
0,0.000300
0,0.001415
0,0.000001
1,0.969637
0,0.009405
0,0.005863
0,0.000100
0,0.001887
0,0.066549
0,0.672086
0,0.003560
0,0.005539
0,0.002138
0,0.364046
0,0.000658
0,0.231008
0,0.004413
0,0.000015
0,0.115799
0,0.752921
0,0.031612
0,0.017122
0,0.119758
0,0.000816
0,0.261280
0,0.000008
0,0.000532
0,0.004540
0,0.000468
0,0.003203
0,0.000023
0,0.002543
0,0.175998
0,0.000014
0,0.000010
0,0.042318
0,0.454297
0,0.001068
0,0.936918
0,0.152967
0,0.008093
0,0.000001
0,0.704156
0,0.000097
0,0.632596
0,0.303322
0,0.002389
0,0.000002
0,0.001414
0,0.000050
0,0.095510
0,0.005220
0,0.000391
0,0.003843
0,0.002875
0,0.013286
0,0.007203
0,0.059285
0,0.015468
0,0.001966
0,0.002170
0,0.008955
0,0.000071
0,0.001142
0,0.000502
0,0.000018
0,0.024460
0,0.003990
0,0.271060
0,0.000665
0,0.058725
0,0.000738
0,0.000058
0,0.049644
0,0.223998
0,0.001267
0,0.000007
0,0.211167
0,0.196373
0,0.641544
0,0.003658
0,0.037792
0,0.000001
0,0.941211
0,0.000436
0,0.009066
0,0.001631
0,0.000905
0,0.002917
0,0.269677
0,0.001625
0,0.000001
0,0.988179
0,0.000514
0,0.001626
0,0.651788
0,0.008209
0,0.000148
0,0.000018
0,0.002003
0,0.283437
0,0.010247
0,0.000034
0,0.002088
0,0.004667
0,0.799974
0,0.109607
0,0.000050
0,0.004642
0,0.000215
0,0.010856
0,0.000455
0,0.000252
0,0.354675
0,0.001115
0,0.003804
0,0.074796
0,0.008256
0,0.986027
0,0.008847
0,0.000192
0,0.117871
0,0.000001
0,0.000029
0,0.016457
0,0.059557
0,0.833987
0,0.904104
0,0.000063
0,0.001182
0,0.001853
0,0.028973
0,0.005623
0,0.000109
0,0.000695
0,0.011296
0,0.013316
0,0.012274
0,0.087591
0,0.000797
0,0.000005
0,0.330934
0,0.000129
0,0.000721
0,0.365402
0,0.000242
0,0.000001
0,0.003132
0,0.014058
0,0.013755
0,0.076493
0,0.000123
0,0.000004
0,0.621520
0,0.977955
0,0.222245
0,0.258587
0,0.000006
0,0.000028
0,0.002513
0,0.112816
0,0.002032
0,0.061406
0,0.000071
0,0.018459
0,0.740117
0,0.019089
0,0.007776
0,0.006305
0,0.903012
0,0.020672
0,0.000154
0,0.002063
0,0.000229
0,0.948020
0,0.000347
0,0.229520
0,0.001194
0,0.495981
0,0.001093
0,0.018397
0,0.000021
0,0.977576
0,0.007065
0,0.000051
0,0.001290
0,0.016429
0,0.425546
0,0.000010
0,0.000013
0,0.000699
0,0.001875
0,0.000039
0,0.994159
0,0.347847
0,0.549525
0,0.005242
0,0.000001
0,0.000024
0,0.389280
0,0.482556
0,0.052389
0,0.214475
0,0.113667
0,0.000309
0,0.000613
0,0.001042
0,0.000525
0,0.712560
0,0.002435
0,0.024014
0,0.004976
0,0.004218
0,0.000038
0,0.018606
0,0.055333
0,0.001084
0,0.000109
0,0.001349
0,0.000086
0,0.075494
0,0.043034
0,0.000012
0,0.000153
0,0.000823
0,0.071929
0,0.000306
0,0.835198
0,0.114878
0,0.724606
0,0.030258
0,0.000008
0,0.000330
0,0.987506
0,0.004394
0,0.179587
0,0.380990
0,0.000081
0,0.098865
0,0.007282
0,0.006085
0,0.002629
0,0.037719
0,0.006131
0,0.002672
0,0.020717
0,0.000025
0,0.002640
0,0.000806
0,0.983639
0,0.000194
0,0.059466
0,0.000374
0,0.002044
0,0.000183
0,0.182658
0,0.008079
0,0.051420
0,0.005793
0,0.000778
0,0.171307
0,0.136178
0,0.084516
0,0.042488
0,0.001031
0,0.000171
0,0.385029
0,0.214767
0,0.028661
0,0.007635
0,0.003319
0,0.000532
0,0.000014
0,0.000531
0,0.000137
0,0.000271
0,0.001912
0,0.000375
0,0.000038
0,0.000083
0,0.131733
0,0.000569
0,0.109869
0,0.002047
0,0.000047
0,0.002551
0,0.002294
0,0.181162
0,0.590508
0,0.350050
0,0.566367
0,0.766011
0,0.001638
0,0.000271
0,0.002751
0,0.103503
0,0.002576
0,0.006586
0,0.000034
0,0.892623
0,0.033234
0,0.001417
0,0.064843
0,0.010367
0,0.000035
0,0.000542
0,0.003847
0,0.000187
0,0.115199
0,0.016452
0,0.005764
0,0.000765
0,0.000028
0,0.004105
0,0.011976
0,0.512134
0,0.092052
0,0.000121
0,0.002573
0,0.000479
0,0.000122
0,0.002502
0,0.355343
0,0.077882
0,0.001638
0,0.099285
0,0.019700
0,0.000295
0,0.617987
0,0.000414
0,0.073969
0,0.027951
0,0.004551
0,0.867280
0,0.010851
0,0.000049
0,0.000004
0,0.001586
0,0.352278
0,0.011247
0,0.000009
0,0.000055
0,0.151208
0,0.650866
0,0.000164
0,0.000027
0,0.118156
0,0.000069
0,0.449079
0,0.071318
0,0.975367
0,0.937271
0,0.000030
0,0.720359
0,0.119300
0,0.317000
0,0.000005
0,0.025249
0,0.955279
0,0.000041
0,0.168594
0,0.004125
0,0.000083
0,0.001878
0,0.011038
0,0.329796
0,0.006323
0,0.003444
0,0.001462
0,0.017510
0,0.136359
0,0.005309
0,0.000057
0,0.400662
0,0.000046
0,0.000168
0,0.729132
0,0.000445
0,0.051923
0,0.015573
0,0.155678
0,0.000079
0,0.000748
0,0.047166
0,0.479001
0,0.033646
0,0.036168
0,0.995537
0,0.000029
0,0.030931
0,0.000869
0,0.000004
0,0.011830
0,0.006001
0,0.129930
0,0.995964
0,0.000259
0,0.011066
0,0.023722
0,0.010068
0,0.340973
0,0.000146
0,0.000001
0,0.000025
0,0.113150
0,0.000404
0,0.000010
0,0.046410
0,0.298364
0,0.000072
0,0.000620
0,0.063020
0,0.147940
0,0.000001
0,0.222412
0,0.008654
0,0.009360
0,0.121359
0,0.000202
0,0.110927
0,0.001971
0,0.011952
0,0.077950
0,0.000176
0,0.000155
0,0.004956
0,0.000502
0,0.156856
0,0.001635
0,0.000135
0,0.023062
0,0.011451
0,0.000710
0,0.000566
0,0.003281
0,0.000055
0,0.000003
0,0.020427
0,0.050090
0,0.000009
0,0.001306
0,0.010443
0,0.002794
0,0.065829
0,0.003397
0,0.000627
0,0.015483
0,0.000348
0,0.577098
0,0.000438
0,0.312215
0,0.005128
0,0.466298
0,0.575256
0,0.456244
0,0.000155
0,0.666043
0,0.000025
0,0.075577
0,0.001930
0,0.972159
0,0.000076
0,0.000295
0,0.000040
0,0.040948
0,0.784422
0,0.005862
0,0.004213
0,0.013467
0,0.002897
0,0.162136
0,0.000168
0,0.306492
0,0.000339
0,0.000085
0,0.000769
0,0.026518
0,0.950819
0,0.000043
0,0.001043
0,0.056133
0,0.084662
0,0.046022
0,0.000076
0,0.033646
0,0.000041
0,0.005404
0,0.141450
0,0.616163
0,0.325575
0,0.073131
0,0.000812
0,0.817586
0,0.001995
0,0.001154
0,0.059796
0,0.361415
0,0.028740
0,0.020270
0,0.001349
0,0.017901
0,0.737903
0,0.769492
0,0.600248
0,0.244013
0,0.017733
0,0.042394
0,0.015352
0,0.003279
0,0.010884
0,0.314167
0,0.972730
0,0.245769
0,0.013440
0,0.909683
0,0.000003
0,0.400480
0,0.025728
0,0.003294
0,0.000930
0,0.004549
0,0.000013
0,0.030596
0,0.108733
0,0.006212
0,0.000043
0,0.038626
0,0.000001
0,0.000920
0,0.089206
0,0.000025
0,0.000595
0,0.074856
0,0.000003
0,0.024462
0,0.173155
0,0.001469
0,0.000001
0,0.000055
0,0.003352
0,0.011613
0,0.001981
0,0.060553
0,0.610727
0,0.002186
0,0.000657
0,0.002031
0,0.273469
0,0.000730
0,0.036088
0,0.013507
0,0.000138
0,0.000001
0,0.001342
0,0.767527
0,0.007440
0,0.002300
0,0.000221
0,0.000001
0,0.010369
0,0.023835
0,0.006481
0,0.016230
0,0.086876
0,0.000254
0,0.005380
0,0.038608
0,0.481752
0,0.133174
0,0.000236
0,0.479981
0,0.000019
0,0.000187
0,0.003990
0,0.001327
0,0.000260
0,0.012233
0,0.000087
1,0.999888
0,0.252928
0,0.006642
1,0.363127
0,0.005809
0,0.041125
0,0.000100
0,0.003757
0,0.587053
0,0.001090
0,0.005100
0,0.000138
0,0.000120
0,0.000137
0,0.001039
0,0.003326
0,0.001343
0,0.000001
0,0.001662
0,0.000039
0,0.013993
0,0.000272
0,0.118771
0,0.000075
0,0.002414
0,0.003665
0,0.000088
0,0.014195
0,0.001341
0,0.000020
0,0.001036
0,0.000005
0,0.009372
0,0.001725
0,0.007097
0,0.006012
0,0.516721
0,0.000398
0,0.012628
0,0.000018
0,0.040899
0,0.977980
0,0.194960
0,0.002010
0,0.293751
0,0.087966
0,0.029573
0,0.055422
0,0.938974
0,0.000170
0,0.006142
0,0.003314
0,0.000518
0,0.110627
0,0.000042
0,0.000049
0,0.002292
0,0.968785
0,0.004829
0,0.001929
0,0.023798
0,0.004121
0,0.004384
0,0.003398
0,0.394292
0,0.059278
0,0.003654
0,0.009189
0,0.000330
0,0.130542
0,0.189680
0,0.896402
0,0.000001
0,0.005735
0,0.240630
0,0.625220
0,0.000017
0,0.000117
0,0.001581
0,0.000410
0,0.013115
0,0.000017
0,0.000225
0,0.021785
0,0.003176
0,0.001772
0,0.003839
0,0.380877
0,0.150012
0,0.044059
0,0.019709
0,0.941372
0,0.047914
0,0.503261
0,0.000267
0,0.027404
0,0.000289
0,0.089930
0,0.000192
0,0.000114
0,0.000027
0,0.006771
0,0.000054
0,0.002194
0,0.000521
0,0.048936
0,0.000017
0,0.613167
0,0.000057
0,0.042038
0,0.000609
0,0.041783
0,0.005352
0,0.499327
0,0.113284
0,0.907317
0,0.000421
0,0.003470
0,0.725850
0,0.000198
0,0.000305
0,0.000170
0,0.000059
0,0.000009
0,0.000076
0,0.068630
0,0.551064
0,0.022314
0,0.164693
0,0.000072
0,0.535963
0,0.793643
0,0.803341
0,0.027032
0,0.000032
0,0.660576
0,0.000243
0,0.281010
0,0.000039
0,0.044504
0,0.000273
0,0.005367
0,0.000219
0,0.000105
0,0.000188
0,0.040290
0,0.653186
0,0.000160
0,0.001079
0,0.004963
0,0.279572
0,0.529192
0,0.000001
0,0.000604
0,0.015249
0,0.936667
0,0.034552
0,0.996238
0,0.434427
0,0.013477
0,0.048041
0,0.044539
0,0.000754
0,0.162861
0,0.000056
0,0.009585
0,0.000073
0,0.015676
0,0.000111
0,0.078340
0,0.000316
0,0.141160
0,0.000253
0,0.000020
0,0.003883
0,0.000001
0,0.000019
0,0.000001
0,0.000201
0,0.028251
0,0.660031
0,0.044467
0,0.015558
0,0.000035
0,0.000654
0,0.944979
0,0.117250
0,0.273291
0,0.000927
0,0.000001
0,0.016259
0,0.947637
0,0.001053
0,0.984220
0,0.012955
0,0.000205
0,0.000091
0,0.011213
0,0.000075
0,0.078412
0,0.015293
0,0.002062
0,0.037826
0,0.000001
0,0.000123
0,0.006836
0,0.003075
0,0.004877
0,0.966319
0,0.000001
0,0.000046
0,0.559540
0,0.006616
0,0.047365
0,0.001667
0,0.504113
0,0.003696
0,0.850378
0,0.234532
0,0.002099
0,0.000077
0,0.002217
0,0.000156
0,0.856197
0,0.000001
0,0.000021
0,0.000557
0,0.050841
0,0.008722
0,0.517343
0,0.029148
0,0.000059
0,0.761594
0,0.012829
0,0.001502
0,0.036533
0,0.005731
0,0.000308
0,0.303107
0,0.000018
0,0.048966
0,0.120056
0,0.996291
0,0.000006
0,0.001564
0,0.019237
0,0.055645
0,0.161621
0,0.000176
0,0.003319
0,0.000023
0,0.033540
0,0.000117
0,0.970481
0,0.000685
0,0.088915
0,0.073225
0,0.044516
0,0.000115
0,0.085667
0,0.092196
0,0.001672
0,0.000020
0,0.000530
0,0.000881
0,0.968814
0,0.000165
0,0.000010
0,0.000003
0,0.271992
0,0.008053
0,0.000080
0,0.000042
0,0.197080
1,0.998306
0,0.000956
0,0.000016
0,0.000986
0,0.000770
0,0.000001
0,0.062707
0,0.000100
0,0.000055
0,0.000001
0,0.010813
0,0.549555
0,0.000001
0,0.232133
0,0.014913
0,0.707789
1,0.988373
0,0.000058
0,0.764001
0,0.005284
0,0.001714
0,0.000052
0,0.691433
0,0.000754
0,0.701229
0,0.000575
0,0.000023
0,0.001944
0,0.008854
0,0.000015
0,0.041002
0,0.002843
0,0.046893
0,0.641889
0,0.001236
0,0.123727
0,0.000133
0,0.015898
0,0.013194
0,0.000430
0,0.029999
0,0.003445
0,0.413689
0,0.022585
0,0.009899
0,0.000191
0,0.000001
0,0.039040
0,0.021497
0,0.008174
0,0.006794
0,0.000268
0,0.001953
0,0.083211
0,0.002556
0,0.002382
0,0.248745
0,0.000052
0,0.266831
0,0.132033
0,0.013607
0,0.000379
0,0.002093
0,0.000179
0,0.012554
0,0.255521
0,0.476851
0,0.000024
0,0.000031
0,0.000805
0,0.007082
0,0.005285
0,0.000303
0,0.000785
1,0.997571
0,0.003131
0,0.087099
0,0.000268
0,0.000661
0,0.002699
0,0.000160
0,0.059829
0,0.316969
0,0.000078
0,0.007890
0,0.088379
0,0.106949
0,0.788165
0,0.004340
0,0.776326
0,0.001288
0,0.000076
0,0.006815
0,0.000812
0,0.001270
0,0.778228
0,0.056572
0,0.002944
0,0.000002
0,0.000601
0,0.575072
0,0.017802
0,0.004171
0,0.004676
0,0.001334
0,0.434944
0,0.049312
0,0.001682
0,0.551195
0,0.000939
0,0.002212
0,0.000131
0,0.070070
0,0.004110
0,0.000077
0,0.000434
0,0.000374
0,0.018078
0,0.029387
0,0.000014
0,0.003620
0,0.007013
0,0.000029
0,0.002357
0,0.163512
0,0.000260
0,0.002802
0,0.010133
0,0.150716
0,0.001436
0,0.000047
0,0.559924
0,0.694982
0,0.201592
0,0.180473
0,0.739397
0,0.059070
0,0.000036
0,0.004891
0,0.000161
0,0.000011
0,0.005934
0,0.134919
0,0.000170
0,0.662201
0,0.000855
0,0.005742
0,0.046732
0,0.000234
0,0.927189
0,0.000016
0,0.000062
0,0.022120
0,0.492377
0,0.001547
0,0.001225
0,0.000244
0,0.002261
0,0.000097
0,0.412042
0,0.169504
0,0.000230
0,0.008847
0,0.001645
0,0.021131
0,0.001128
0,0.001761
0,0.048393
0,0.207371
0,0.001532
0,0.000485
0,0.008012
0,0.000030
0,0.705024
0,0.027277
0,0.000001
0,0.761537
0,0.827162
0,0.000410
0,0.000005
0,0.003083
0,0.062323
0,0.000290
0,0.000285
0,0.000165
0,0.007469
0,0.000973
0,0.008190
0,0.000199
0,0.058641
0,0.004447
0,0.002354
0,0.845203
0,0.002592
0,0.073155
0,0.046739
0,0.043996
0,0.000121
0,0.000598
0,0.215837
0,0.001099
0,0.000598
0,0.039150
0,0.000103
0,0.000287
0,0.001137
0,0.000060
0,0.000077
0,0.000116
0,0.059252
0,0.000493
0,0.666248
0,0.037394
0,0.696260
0,0.008669
0,0.000140
0,0.000738
0,0.000097
0,0.203045
0,0.003264
0,0.000997
0,0.006914
0,0.000075
0,0.653545
0,0.004477
0,0.001483
0,0.167524
0,0.006465
0,0.000363
0,0.027175
0,0.102905
0,0.521448
0,0.001146
0,0.000287
0,0.000319
0,0.000180
0,0.000178
0,0.015746
0,0.003677
0,0.020158
0,0.001506
0,0.008237
0,0.792206
0,0.010705
0,0.000300
0,0.013339
0,0.190704
0,0.336745
0,0.003516
0,0.014535
0,0.000137
0,0.067713
0,0.163466
0,0.000096
0,0.000754
0,0.000004
0,0.238226
0,0.000231
0,0.031754
0,0.129725
0,0.000578
0,0.899947
0,0.004857
0,0.080188
0,0.007376
1,0.999776
0,0.295723
0,0.076939
0,0.001789
0,0.384132
0,0.000004
0,0.002218
0,0.169107
0,0.001698
0,0.607896
0,0.000019
0,0.001061
0,0.262997
0,0.011417
0,0.930941
0,0.095689
0,0.000105
0,0.000001
0,0.006267
0,0.275600
0,0.068367
0,0.994842
0,0.028422
0,0.000319
0,0.000078
0,0.039069
0,0.003605
0,0.000670
0,0.000205
0,0.997242
0,0.002783
0,0.374955
0,0.087987
0,0.858071
0,0.019975
0,0.000001
0,0.001401
0,0.532331
0,0.137768
0,0.012444
0,0.103474
0,0.000005
0,0.019693
0,0.232090
0,0.001480
0,0.450841
0,0.000084
0,0.106941
0,0.000340
0,0.004399
0,0.000406
0,0.000003
0,0.009246
0,0.000295
0,0.746993
0,0.041929
0,0.000001
0,0.000318
0,0.088713
0,0.000264
0,0.000018
0,0.000008
0,0.986094
0,0.014981
0,0.000597
0,0.000063
0,0.102388
0,0.099635
0,0.000478
0,0.000002
0,0.086599
0,0.003880
0,0.025423
0,0.013777
0,0.725613
0,0.031785
0,0.003800
0,0.207765
0,0.168317
0,0.214962
0,0.000061
0,0.000313
0,0.000001
0,0.980986
0,0.379375
0,0.988922
0,0.001075
0,0.050215
0,0.734057
0,0.477833
0,0.298400
0,0.000592
0,0.006099
0,0.002808
0,0.035611
0,0.042369
0,0.010798
0,0.007162
0,0.000388
0,0.050007
0,0.591681
0,0.008937
0,0.030634
0,0.002418
0,0.344852
0,0.010116
0,0.014325
0,0.012736
0,0.248414
0,0.709024
0,0.023254
0,0.000524
0,0.483511
0,0.973418
0,0.194939
0,0.007827
0,0.000816
0,0.006165
0,0.516279
0,0.000077
0,0.001055
0,0.002669
0,0.000173
0,0.000464
0,0.032456
0,0.284864
0,0.000145
0,0.015230
0,0.000295
0,0.283341
0,0.950112
0,0.150753
0,0.999619
0,0.000487
0,0.075726
0,0.006290
0,0.494442
0,0.000809
0,0.850829
0,0.017688
0,0.001370
0,0.003882
0,0.001799
0,0.012158
0,0.000095
0,0.002130
0,0.005254
0,0.000001
0,0.020899
0,0.002424
0,0.000143
0,0.000297
0,0.011975
0,0.094222
0,0.008786
0,0.026426
0,0.213890
0,0.698580
0,0.233053
0,0.029227
0,0.002943
0,0.950894
0,0.000045
0,0.000605
0,0.011418
0,0.000144
0,0.002072
0,0.056803
0,0.717553
0,0.009664
0,0.201686
0,0.000113
0,0.000041
0,0.000022
0,0.040904
0,0.033060
0,0.000103
0,0.000575
0,0.016384
0,0.003381
0,0.028500
0,0.168405
0,0.016283
0,0.001743
0,0.958715
0,0.000682
0,0.018326
0,0.005733
0,0.001724
0,0.125501
0,0.246596
0,0.939303
0,0.035010
0,0.001316
0,0.437703
0,0.927032
0,0.002526
0,0.568788
0,0.013999
0,0.939545
1,0.999851
0,0.000001
0,0.295522
0,0.000258
0,0.000026
0,0.197828
0,0.001998
0,0.002575
0,0.000136
0,0.644512
0,0.416422
0,0.009116
0,0.516720
0,0.109999
0,0.408493
0,0.131985
0,0.082161
0,0.001471
0,0.718862
0,0.000140
0,0.001786
0,0.000323
0,0.000001
0,0.062488
0,0.273409
0,0.980496
0,0.007706
0,0.045628
0,0.000164
0,0.000122
0,0.000008
0,0.023071
0,0.004321
0,0.002073
0,0.000127
0,0.003152
0,0.000001
0,0.002382
0,0.002021
0,0.000021
0,0.002123
0,0.001709
0,0.000002
0,0.000016
0,0.105573
0,0.009002
0,0.108186
0,0.548468
0,0.000069
0,0.000427
0,0.039267
0,0.027421
0,0.016126
0,0.000079
0,0.000201
0,0.001715
0,0.028032
0,0.002584
0,0.000624
0,0.001491
0,0.019295
0,0.004201
0,0.372132
0,0.004533
0,0.000004
0,0.000001
0,0.000518
0,0.000034
0,0.261419
0,0.000046
0,0.000175
0,0.790347
0,0.232592
1,0.721463
0,0.064223
0,0.026962
0,0.004045
0,0.025195
0,0.000011
0,0.007308
0,0.000170
0,0.203824
0,0.782182
0,0.003969
0,0.001338
0,0.019482
0,0.023857
0,0.000009
0,0.004990
0,0.052954
0,0.000378
0,0.087736
0,0.982352
0,0.014203
0,0.020688
0,0.000197
0,0.000038
0,0.000456
0,0.531381
0,0.000529
0,0.190065
0,0.103038
0,0.000005
0,0.000421
0,0.256613
0,0.161418
0,0.334801
0,0.000126
0,0.005232
0,0.305595
0,0.000224
0,0.004391
0,0.933361
0,0.017931
0,0.028212
0,0.000227
0,0.017731
0,0.014999
0,0.212598
0,0.000201
0,0.000026
0,0.052521
0,0.637387
0,0.002965
0,0.463551
0,0.000012
0,0.000185
0,0.211674
0,0.000985
0,0.003337
0,0.023520
0,0.009286
0,0.000276
0,0.006408
0,0.004310
0,0.006942
0,0.014969
0,0.150872
0,0.000603
0,0.002175
0,0.002365
0,0.058391
0,0.896593
0,0.000162
0,0.008706
0,0.000002
0,0.006723
0,0.000128
0,0.370708
0,0.773442
0,0.000070
0,0.001314
0,0.001700
0,0.000257
0,0.052466
0,0.006293
0,0.000062
0,0.246290
0,0.000963
0,0.349095
0,0.166692
0,0.215335
0,0.000158
0,0.004191
0,0.112458
0,0.873902
0,0.147634
0,0.020668
0,0.007126
0,0.000958
0,0.604387
0,0.015066
0,0.156823
0,0.386209
0,0.000005
0,0.000243
0,0.000640
0,0.000580
0,0.111320
0,0.000530
0,0.005030
0,0.101509
0,0.004361
0,0.998266
0,0.000167
0,0.006168
0,0.000002
0,0.856931
0,0.947713
0,0.968930
0,0.001605
0,0.012188
0,0.000637
0,0.840541
0,0.002136
0,0.048013
0,0.001169
0,0.005810
0,0.099315
0,0.175040
0,0.000062
0,0.000013
0,0.003209
0,0.000131
0,0.000899
0,0.000041
0,0.502356
0,0.003482
0,0.021212
0,0.014968
0,0.002253
0,0.000217
0,0.013798
0,0.139345
0,0.009046
0,0.000012
0,0.000036
0,0.011662
0,0.000425
0,0.001774
0,0.008418
0,0.040063
0,0.000038
0,0.000353
0,0.000112
0,0.005039
0,0.047753
1,0.984627
0,0.000361
0,0.011700
0,0.001022
0,0.071210
0,0.703110
0,0.000001
0,0.000886
0,0.023287
0,0.007060
0,0.005765
0,0.000731
0,0.238700
0,0.040328
0,0.000854
0,0.764546
0,0.008876
0,0.942838
0,0.001064
0,0.000051
0,0.034851
0,0.000296
0,0.043829
0,0.052252
0,0.877946
0,0.003287
0,0.032344
0,0.018738
0,0.628788
0,0.368658
0,0.319515
0,0.954817
0,0.010025
0,0.009941
0,0.000117
0,0.050038
0,0.613269
0,0.000106
0,0.000005
0,0.013348
0,0.003721
0,0.154235
0,0.000473
0,0.000837
0,0.000012
0,0.960210
0,0.171016
0,0.004497
0,0.000003
0,0.537997
0,0.000862
0,0.540161
0,0.005235
0,0.224052
0,0.001677
0,0.000705
0,0.000291
0,0.000096
0,0.010544
0,0.040612
0,0.481930
0,0.096458
0,0.000329
0,0.800079
0,0.931068
0,0.055887
0,0.094949
0,0.012190
0,0.153198
0,0.030497
0,0.014550
0,0.533703
0,0.001974
0,0.000076
0,0.814750
0,0.005652
0,0.017846
0,0.000240
0,0.013183
0,0.002064
0,0.002170
0,0.235702
0,0.156911
0,0.012676
0,0.024072
0,0.011661
0,0.023120
0,0.701057
0,0.438840
0,0.178053
0,0.000877
0,0.000011
0,0.070732
0,0.015160
0,0.003698
0,0.000479
0,0.005575
0,0.001138
0,0.275592
0,0.000017
0,0.000016
0,0.012544
0,0.000876
0,0.024430
0,0.000160
0,0.000271
0,0.003576
0,0.081197
0,0.197171
0,0.000205
0,0.001586
0,0.774669
0,0.000052
0,0.437868
0,0.028189
0,0.025611
0,0.843857
0,0.049739
0,0.000163
0,0.729884
0,0.000363
0,0.002079
0,0.000637
0,0.000301
0,0.013733
0,0.000731
0,0.002941
0,0.000068
0,0.000016
0,0.001834
0,0.131410
0,0.002227
0,0.000961
0,0.000123
0,0.013211
0,0.000006
0,0.220084
0,0.001272
0,0.000761
0,0.003248
0,0.000113
0,0.000001
0,0.002761
0,0.143843
0,0.000124
0,0.103894
0,0.000196
0,0.087432
0,0.077916
0,0.911176
0,0.171032
0,0.647232
0,0.603443
0,0.000007
0,0.065746
0,0.006590
0,0.000626
0,0.000666
0,0.052277
0,0.348469
0,0.670501
0,0.000115
0,0.000022
0,0.003020
0,0.033072
0,0.223536
0,0.000121
0,0.000185
0,0.192752
0,0.003125
0,0.003109
0,0.000459
0,0.878504
0,0.021875
0,0.801091
0,0.070054
0,0.000284
0,0.820284
0,0.029971
0,0.000887
0,0.045949
0,0.000680
0,0.421934
0,0.002491
0,0.004402
0,0.004140
0,0.000010
0,0.085324
0,0.154563
0,0.001462
0,0.285427
0,0.988318
0,0.196366
0,0.000398
0,0.013663
0,0.094291
0,0.001023
0,0.000018
0,0.036926
0,0.022410
0,0.173820
0,0.000028
0,0.000133
0,0.614289
0,0.007661
0,0.000541
0,0.648908
0,0.013253
0,0.981900
0,0.003925
0,0.021749
0,0.284791
0,0.352814
0,0.000629
0,0.011927
0,0.116968
0,0.018597
0,0.000453
0,0.077725
0,0.000053
0,0.000006
0,0.385177
0,0.080726
1,0.998190
0,0.096699
0,0.000500
0,0.032887
0,0.655550
0,0.013624
0,0.001571
0,0.013104
0,0.037409
0,0.000539
0,0.020347
0,0.000290
0,0.348387
0,0.001196
0,0.000016
0,0.015251
0,0.000260
0,0.000111
0,0.008624
0,0.013461
0,0.210794
0,0.000057
0,0.486195
0,0.156155
0,0.000001
0,0.018599
0,0.002248
0,0.002180
0,0.001279
0,0.378205
0,0.033297
0,0.449276
0,0.036283
0,0.169177
0,0.000200
0,0.004646
0,0.141037
0,0.001604
0,0.000158
0,0.003658
0,0.000971
0,0.003744
0,0.000657
0,0.001178
0,0.013291
0,0.000979
0,0.851604
0,0.010174
0,0.002661
0,0.003707
0,0.012527
0,0.003482
0,0.000167
0,0.000117
0,0.249807
0,0.008574
0,0.008410
0,0.000669
0,0.374676
0,0.931135
0,0.013313
0,0.124853
0,0.001720
0,0.163372
0,0.001972
0,0.677460
0,0.165495
0,0.056789
0,0.002215
0,0.000352
0,0.000594
0,0.011904
0,0.104568
0,0.000213
0,0.002749
0,0.004499
0,0.987742
0,0.014709
0,0.028100
0,0.474901
0,0.009886
0,0.198636
0,0.000769
0,0.025166
0,0.000061
0,0.002138
0,0.229398
0,0.010873
0,0.010636
0,0.000436
0,0.340641
0,0.000084
0,0.121406
0,0.002005
0,0.010926
0,0.035624
0,0.785903
0,0.961083
0,0.000712
0,0.073316
0,0.003669
0,0.846502
0,0.000058
0,0.506989
0,0.002163
0,0.990765
0,0.003832
0,0.005797
0,0.937901
0,0.004648
0,0.373076
0,0.000740
0,0.004399
0,0.966669
0,0.054977
0,0.041853
0,0.311326
0,0.000440
0,0.000148
0,0.918132
0,0.000363
0,0.000080
0,0.916100
0,0.035426
0,0.037112
0,0.165767
1,0.999999
0,0.050121
0,0.000026
0,0.000005
0,0.001479
0,0.897020
1,0.942172
0,0.001927
0,0.006623
0,0.000016
0,0.063069
0,0.394244
0,0.005237
0,0.468889
0,0.001019
0,0.011183
0,0.010859
0,0.000017
0,0.000003
0,0.013951
0,0.000905
0,0.037659
0,0.942621
0,0.003743
0,0.397091
0,0.025336
0,0.069024
0,0.001098
0,0.172325
0,0.000756
0,0.000033
0,0.123533
0,0.000067
0,0.000290
0,0.070923
0,0.000105
0,0.000606
0,0.005020
0,0.000437
0,0.260663
0,0.000017
0,0.000132
0,0.008940
0,0.003643
0,0.028087
0,0.059623
0,0.007616
0,0.000186
0,0.051414
0,0.834982
0,0.096126
0,0.000061
0,0.363379
0,0.015531
0,0.029143
0,0.443304
0,0.236644
0,0.000128
0,0.000153
0,0.011657
0,0.029073
0,0.813473
0,0.080637
0,0.815254
0,0.005151
0,0.259032
0,0.000505
0,0.001467
0,0.999756
0,0.008989
0,0.000227
0,0.003612
0,0.674954
0,0.006245
0,0.026524
0,0.060767
0,0.009851
0,0.001732
0,0.862732
0,0.045009
0,0.098542
0,0.005300
0,0.897671
0,0.062603
0,0.287390
0,0.001029
0,0.000033
0,0.084938
0,0.069038
0,0.069181
0,0.001458
0,0.003906
0,0.013578
0,0.000405
0,0.025210
0,0.000175
0,0.000536
0,0.001688
0,0.062799
0,0.005651
0,0.000001
0,0.002627
0,0.012081
0,0.958880
0,0.694375
0,0.988484
0,0.997150
0,0.825608
0,0.010703
0,0.006553
0,0.000057
0,0.000835
0,0.950325
1,0.998781
0,0.000043
0,0.787520
0,0.001131
0,0.010659
0,0.987072
0,0.002193
0,0.991216
0,0.131197
0,0.166913
0,0.000063
0,0.176777
0,0.053981
0,0.000574
0,0.003152
0,0.010664
0,0.589074
0,0.000271
0,0.006503
0,0.019245
0,0.005493
0,0.042045
0,0.010082
0,0.000123
0,0.000001
0,0.020400
0,0.000081
0,0.000014
0,0.538698
0,0.000434
0,0.000056
0,0.285122
0,0.209137
0,0.047519
0,0.000035
0,0.509224
0,0.560909
0,0.007269
0,0.001659
0,0.693124
0,0.257187
0,0.021557
0,0.029467
0,0.000641
0,0.003763
0,0.000518
0,0.001161
0,0.103543
0,0.000731
0,0.558798
0,0.000033
0,0.000071
0,0.014259
0,0.000022
0,0.027130
0,0.000139
0,0.009688
0,0.006262
0,0.078340
0,0.020636
0,0.000749
0,0.018697
0,0.038739
0,0.030053
0,0.000586
0,0.075746
0,0.008278
0,0.003034
0,0.003920
0,0.037628
0,0.028544
0,0.000196
0,0.008791
0,0.007788
0,0.002732
0,0.000394
0,0.398651
0,0.011095
0,0.110613
0,0.793176
0,0.032302
0,0.031642
0,0.000287
0,0.967005
0,0.001367
0,0.162914
0,0.000360
0,0.001154
0,0.000001
0,0.000007
0,0.003073
0,0.019548
0,0.000001
0,0.044063
0,0.357264
0,0.034729
0,0.000001
0,0.002126
0,0.002647
0,0.000021
0,0.763176
0,0.006706
0,0.001105
0,0.004577
0,0.000011
1,0.826953
0,0.909272
0,0.318393
0,0.367709
0,0.000061
0,0.003775
0,0.000019
0,0.000076
0,0.004450
0,0.008110
0,0.997534
0,0.000204
0,0.000857
0,0.001683
0,0.039677
0,0.001156
0,0.000015
0,0.000254
0,0.832689
0,0.788956
0,0.577187
0,0.010489
0,0.033333
0,0.050569
0,0.234075
0,0.782402
0,0.000557
0,0.076614
0,0.967112
0,0.002623
0,0.001799
0,0.000244
0,0.441240
0,0.625236
0,0.012169
0,0.007476
0,0.973224
0,0.003390
0,0.028424
0,0.001153
0,0.007408
0,0.000128
0,0.280613
0,0.000002
0,0.060055
0,0.000116
0,0.105617
0,0.002266
0,0.014111
0,0.625397
0,0.554759
0,0.000350
0,0.077350
0,0.006789
0,0.369833
0,0.036337
0,0.000001
0,0.000283
0,0.056970
0,0.245187
0,0.004408
0,0.796221
0,0.135200
0,0.000233
0,0.002173
0,0.030186
0,0.025150
0,0.000297
0,0.000988
0,0.000062
0,0.000276
0,0.000391
0,0.621533
0,0.469243
0,0.002825
0,0.000094
0,0.002070
0,0.060009
0,0.000096
0,0.006550
0,0.000003
0,0.837503
0,0.088240
0,0.283524
0,0.121815
0,0.351492
0,0.440469
0,0.000048
0,0.000765
0,0.233511
0,0.010549
0,0.615053
0,0.723083
0,0.015589
0,0.100796
0,0.006425
0,0.291316
0,0.960004
0,0.523674
0,0.001117
0,0.001395
0,0.000027
0,0.000018
0,0.011154
0,0.000002
0,0.000027
0,0.023244
0,0.004656
0,0.125245
0,0.531624
0,0.000041
0,0.000476
0,0.003146
0,0.046211
0,0.007316
0,0.015273
0,0.000079
0,0.002028
0,0.003898
0,0.000032
0,0.014784
0,0.005560
1,0.989394
0,0.008636
0,0.424541
0,0.121852
0,0.005855
0,0.002780
0,0.055511
0,0.069296
0,0.019978
0,0.719217
0,0.019200
0,0.000104
0,0.000056
0,0.093885
0,0.129840
0,0.000004
0,0.310347
0,0.000092
0,0.279952
0,0.077973
0,0.024926
0,0.005264
0,0.184542
0,0.000085
0,0.000040
0,0.000172
0,0.030220
0,0.045831
0,0.000106
0,0.009970
0,0.000405
0,0.905395
0,0.012110
0,0.000289
0,0.002367
0,0.087006
0,0.894144
0,0.016126
0,0.918737
0,0.921230
0,0.000073
0,0.037896
0,0.000251
0,0.000077
0,0.000383
0,0.000061
0,0.000436
0,0.018208
0,0.000029
0,0.004151
0,0.992208
0,0.000150
0,0.000070
0,0.147331
0,0.000083
0,0.635433
0,0.088098
0,0.064055
0,0.002652
0,0.336810
0,0.022461
0,0.232164
0,0.000004
0,0.000048
0,0.265030
0,0.006551
0,0.000148
0,0.688525
0,0.123417
0,0.496616
0,0.000007
0,0.000012
0,0.072676
0,0.006116
0,0.000101
0,0.000360
0,0.010864
0,0.001572
0,0.000001
0,0.000177
0,0.014171
0,0.117209
0,0.013979
0,0.000018
0,0.032834
0,0.000316
0,0.000002
0,0.000476
0,0.000796
0,0.000039
0,0.000192
0,0.000037
0,0.000037
0,0.028500
0,0.007097
0,0.000069
0,0.005535
0,0.001535
0,0.063732
0,0.000336
0,0.040575
0,0.003291
0,0.000323
0,0.012398
0,0.975979
0,0.025823
0,0.170337
0,0.006210
0,0.184967
0,0.000155
0,0.000706
0,0.000105
0,0.001920
0,0.012313
0,0.000004
0,0.000228
0,0.000028
0,0.000661
0,0.023894
0,0.023282
0,0.176384
0,0.000059
0,0.002610
0,0.014887
0,0.173897
0,0.058410
0,0.010880
0,0.004724
0,0.001527
0,0.014128
0,0.053942
0,0.000069
0,0.000011
0,0.139243
0,0.065752
0,0.005529
0,0.000206
0,0.000126
0,0.045549
0,0.092213
0,0.041706
0,0.002330
0,0.008780
0,0.000396
0,0.002437
0,0.594781
0,0.002069
0,0.000254
0,0.000177
0,0.125673
0,0.031237
0,0.231091
0,0.025084
0,0.367260
0,0.003019
0,0.001341
0,0.653235
0,0.000038
0,0.000227
0,0.361165
0,0.133208
0,0.848224
0,0.195145
0,0.157893
0,0.069246
0,0.000491
0,0.000871
0,0.000670
0,0.000140
0,0.000001
0,0.051064
0,0.002181
0,0.000007
0,0.268271
0,0.603939
0,0.000007
0,0.000007
0,0.000003
0,0.000092
0,0.002030
0,0.001683
0,0.316504
0,0.007229
0,0.004765
0,0.094486
0,0.000304
0,0.000089
0,0.004856
0,0.934713
0,0.000004
0,0.448414
0,0.017175
0,0.000265
0,0.000383
0,0.777003
0,0.256392
0,0.000479
0,0.008961
0,0.024238
0,0.073600
0,0.000010
0,0.048335
0,0.251024
0,0.025037
0,0.001098
0,0.001905
0,0.012248
0,0.001537
0,0.022528
0,0.440471
0,0.010815
0,0.010411
0,0.000204
0,0.006052
0,0.276287
0,0.022216
0,0.001265
0,0.891219
0,0.004479
0,0.015408
0,0.003582
0,0.000209
0,0.000001
0,0.044254
0,0.005684
0,0.000113
0,0.002468
0,0.000069
0,0.000083
0,0.000624
0,0.089048
0,0.021911
0,0.058560
0,0.000167
0,0.000044
0,0.977609
0,0.011728
0,0.000098
0,0.003702
0,0.002640
0,0.010875
0,0.212672
0,0.021676
0,0.000245
0,0.940893
0,0.000046
0,0.001528
0,0.000249
0,0.080101
0,0.000038
0,0.004297
0,0.000439
0,0.000567
0,0.001926
0,0.073782
0,0.000005
0,0.046599
0,0.005007
0,0.001371
0,0.628660
0,0.003350
0,0.022546
0,0.012157
0,0.000234
0,0.078434
0,0.032944
0,0.011771
0,0.020568
0,0.000034
0,0.005970
0,0.021389
0,0.008713
0,0.060347
0,0.094666
0,0.003340
0,0.044320
0,0.421107
0,0.000059
0,0.005116
0,0.000042
0,0.021262
0,0.943926
0,0.000001
0,0.000605
0,0.486716
0,0.019851
0,0.007179
0,0.013567
0,0.001971
0,0.000091
1,0.922853
0,0.027469
0,0.000004
0,0.935643
0,0.000090
0,0.000371
0,0.054488
0,0.009972
0,0.002505
0,0.023653
0,0.978445
0,0.000440
0,0.000066
0,0.015355
1,0.715484
0,0.150728
0,0.006500
0,0.000070
0,0.593113
0,0.001478
0,0.001795
0,0.036552
0,0.001127
0,0.007210
0,0.043359
0,0.000306
0,0.446203
0,0.002869
1,0.986440
0,0.903745
1,0.311227
0,0.000054
0,0.635757
0,0.000715
0,0.000564
0,0.000063
0,0.001315
0,0.000402
0,0.960515
0,0.000236
0,0.002177
0,0.123055
0,0.000021
0,0.224051
0,0.028787
0,0.390066
0,0.003111
0,0.000115
0,0.150483
0,0.038625
0,0.005670
0,0.197058
0,0.000409
0,0.002469
0,0.033887
0,0.654548
0,0.000753
0,0.002559
0,0.122722
0,0.001193
0,0.000817
0,0.205659
0,0.546278
0,0.112723
0,0.001996
0,0.298753
0,0.001461
0,0.001337
0,0.016834
0,0.000069
0,0.000679
0,0.982851
0,0.001705
0,0.055074
0,0.004842
0,0.437647
0,0.006750
0,0.035340
0,0.941042
0,0.001922
0,0.003420
0,0.059373
0,0.453696
0,0.000966
0,0.756057
0,0.000837
0,0.000011
0,0.000006
0,0.002244
0,0.000050
0,0.001267
0,0.020210
0,0.000001
0,0.000808
0,0.024096
0,0.000032
0,0.000021
0,0.155298
0,0.000625
0,0.035588
0,0.560156
0,0.000080
0,0.001240
0,0.004289
0,0.010944
0,0.087383
0,0.000019
0,0.296700
0,0.004220
0,0.866575
0,0.027552
0,0.000057
0,0.025603
0,0.033510
0,0.979210
0,0.001910
0,0.944991
0,0.000029
0,0.001804
0,0.266108
0,0.993840
0,0.005866
0,0.333563
0,0.000068
0,0.205008
0,0.016812
0,0.000200
0,0.002631
0,0.026741
0,0.000185
0,0.020724
0,0.002527
0,0.009973
0,0.002122
0,0.004534
0,0.012001
0,0.000016
0,0.291558
0,0.024976
0,0.000001
0,0.000006
0,0.002612
0,0.000804
0,0.013583
0,0.453549
0,0.836555
0,0.001282
0,0.000996
0,0.011149
0,0.018220
0,0.031572
0,0.221855
0,0.201067
0,0.000455
0,0.003224
0,0.952392
0,0.161881
0,0.027650
0,0.519458
0,0.053800
0,0.000004
0,0.058564
0,0.001480
0,0.000260
0,0.000016
0,0.025022
0,0.089247
0,0.002385
0,0.000001
0,0.133911
0,0.009816
0,0.001514
0,0.363625
0,0.340574
0,0.010544
0,0.071987
0,0.010362
0,0.028875
0,0.000187
0,0.000025
0,0.135500
0,0.062797
0,0.003890
0,0.427104
0,0.001253
0,0.000003
0,0.061529
0,0.032214
0,0.088876
0,0.014674
0,0.000828
0,0.000001
0,0.209621
0,0.000189
0,0.010690
0,0.000005
0,0.110058
0,0.064101
0,0.006253
0,0.001398
0,0.000089
0,0.010959
0,0.004587
0,0.650321
0,0.016082
0,0.000150
0,0.000197
0,0.119996
0,0.000828
0,0.262208
0,0.129679
0,0.802831
0,0.746278
0,0.000007
0,0.000338
0,0.033002
0,0.475796
0,0.000426
0,0.011902
0,0.000050
0,0.000139
0,0.000650
0,0.059234
0,0.003132
0,0.000443
0,0.129437
0,0.000534
0,0.014322
0,0.000078
0,0.271642
0,0.973650
0,0.082916
0,0.022763
0,0.000032
0,0.005818
0,0.000125
0,0.646977
0,0.258537
0,0.007019
0,0.024489
0,0.077009
0,0.000011
0,0.000181
0,0.076247
0,0.024307
0,0.022152
0,0.000288
0,0.200842
0,0.000666
0,0.000011
0,0.000003
0,0.470483
0,0.022802
0,0.111967
0,0.000067
0,0.706326
0,0.030543
0,0.582768
0,0.265021
0,0.001236
0,0.009034
0,0.043912
0,0.094897
0,0.003323
0,0.040738
0,0.113767
0,0.000008
0,0.012207
0,0.039421
0,0.000021
0,0.000118
0,0.005526
0,0.812240
0,0.800143
0,0.020613
0,0.000920
0,0.925342
0,0.000012
0,0.983089
0,0.115005
0,0.000064
0,0.067228
0,0.113803
0,0.007938
0,0.007976
0,0.000210
0,0.496145
0,0.000908
0,0.446988
0,0.003861
0,0.000478
0,0.029352
0,0.002509
0,0.798810
0,0.019594
0,0.381423
0,0.009356
0,0.100902
0,0.172327
0,0.052091
0,0.003537
0,0.105088
0,0.000001
0,0.189061
0,0.068474
0,0.017108
0,0.000695
0,0.468729
0,0.008440
0,0.643174
0,0.006576
0,0.004461
0,0.000048
0,0.114555
0,0.031602
0,0.088563
0,0.000243
0,0.933983
0,0.000396
0,0.001922
0,0.001210
0,0.043340
0,0.000005
0,0.000848
0,0.000261
0,0.694858
0,0.000011
0,0.000801
0,0.095455
0,0.000260
0,0.056179
0,0.006574
0,0.015576
0,0.218883
0,0.015780
0,0.000217
0,0.000007
0,0.028968
0,0.003341
0,0.009695
0,0.015049
0,0.042251
0,0.056683
0,0.002009
0,0.007889
0,0.000677
0,0.989475
0,0.361895
0,0.147334
0,0.014528
0,0.004558
0,0.518172
0,0.105534
0,0.032027
0,0.004597
0,0.000108
0,0.000606
0,0.000734
0,0.523634
0,0.000832
0,0.861636
0,0.071479
0,0.040521
0,0.006810
0,0.000009
0,0.000011
0,0.070367
0,0.148567
0,0.000386
0,0.000002
0,0.005084
0,0.000041
0,0.393937
0,0.012642
0,0.686162
0,0.010799
0,0.023260
0,0.006418
0,0.002471
0,0.002830
0,0.682267
0,0.127168
0,0.156456
0,0.006231
0,0.009284
0,0.000010
0,0.003107
0,0.199499
0,0.456681
0,0.892255
0,0.402285
0,0.039176
0,0.001218
0,0.000062
0,0.020737
0,0.179572
0,0.135518
0,0.000126
0,0.000003
0,0.010042
0,0.120257
0,0.600166
1,0.999994
0,0.000004
0,0.012839
0,0.003091
0,0.000326
0,0.020999
0,0.000002
0,0.956553
0,0.025689
0,0.000829
0,0.001332
0,0.000030
0,0.924427
0,0.215336
0,0.736856
0,0.187467
0,0.058165
0,0.033848
0,0.000020
0,0.019381
0,0.259397
0,0.000007
0,0.000434
0,0.051033
0,0.000081
0,0.064091
0,0.799655
0,0.020843
0,0.231173
0,0.033445
0,0.008395
0,0.135085
0,0.000099
0,0.000113
0,0.040230
0,0.962333
0,0.034568
0,0.011580
0,0.001483
0,0.043201
0,0.000014
0,0.702130
0,0.324641
0,0.000001
0,0.005110
0,0.000493
0,0.010706
0,0.000783
0,0.660357
0,0.000811
0,0.000001
0,0.016717
0,0.080150
0,0.149081
0,0.008289
0,0.999211
0,0.393679
0,0.077740
0,0.026999
0,0.000013
0,0.021776
0,0.000062
0,0.045038
0,0.001654
0,0.000032
0,0.003710
0,0.000262
0,0.011576
0,0.000253
0,0.192480
0,0.013938
0,0.081282
0,0.463877
0,0.018344
0,0.014182
0,0.000176
0,0.933656
0,0.200146
0,0.951492
0,0.000550
0,0.199481
0,0.181565
0,0.992156
0,0.050894
0,0.084357
0,0.756001
0,0.001716
0,0.008357
0,0.000034
0,0.306531
0,0.042941
0,0.046117
0,0.000011
0,0.035716
0,0.000416
0,0.011402
0,0.036832
0,0.016745
0,0.000102
0,0.000297
0,0.000117
0,0.113294
0,0.000887
0,0.000019
0,0.002791
0,0.000048
0,0.000471
0,0.787770
0,0.000254
0,0.000158
0,0.032867
0,0.001370
0,0.007693
0,0.717603
0,0.162671
0,0.000951
0,0.196750
0,0.988809
0,0.001538
0,0.000407
0,0.010191
0,0.003282
0,0.978212
0,0.054046
0,0.068792
0,0.001145
0,0.000403
0,0.110352
0,0.001304
0,0.022803
0,0.000028
0,0.469726
0,0.561024
0,0.054588
0,0.383235
0,0.002041
0,0.000768
0,0.000761
0,0.015065
0,0.016873
0,0.000147
0,0.983434
0,0.241556
0,0.001080
0,0.000652
0,0.000027
0,0.013916
0,0.001184
0,0.041069
0,0.000155
0,0.085746
0,0.412599
0,0.018677
0,0.001103
0,0.083598
0,0.671393
0,0.304378
0,0.076492
0,0.141981
1,0.999902
0,0.982045
0,0.831180
0,0.067409
0,0.602447
0,0.008084
0,0.006392
0,0.221689
0,0.582227
0,0.014312
0,0.813251
0,0.000495
0,0.016821
0,0.000005
0,0.002977
1,0.999987
0,0.117975
0,0.000150
0,0.000764
0,0.001136
0,0.000152
0,0.000025
0,0.024496
0,0.000047
0,0.003338
0,0.047913
0,0.321623
0,0.000624
0,0.001447
0,0.000550
0,0.128138
0,0.000369
0,0.000149
0,0.000845
0,0.000001
0,0.204192
0,0.037162
0,0.002750
0,0.001163
0,0.001364
0,0.000581
0,0.000004
0,0.000084
0,0.086191
0,0.080925
0,0.000001
0,0.000579
0,0.068219
0,0.282948
0,0.960734
0,0.035057
0,0.001190
0,0.000144
0,0.134699
0,0.006399
0,0.000596
0,0.000192
0,0.002774
0,0.002292
0,0.001337
0,0.448423
0,0.000610
0,0.564898
0,0.000001
0,0.058953
0,0.000241
0,0.104689
0,0.532086
0,0.083520
0,0.000173
0,0.018205
0,0.977513
0,0.490432
0,0.085795
0,0.551140
0,0.311436
0,0.000154
1,0.999658
0,0.025233
0,0.000215
0,0.000174
0,0.000403
0,0.000001
0,0.140367
0,0.000592
0,0.000315
0,0.343513
0,0.000015
0,0.001218
0,0.031722
0,0.000192
0,0.938319
0,0.809751
0,0.034804
0,0.902272
0,0.163138
0,0.000206
0,0.029335
0,0.810249
0,0.008227
0,0.021711
0,0.262195
0,0.355518
0,0.006938
0,0.349792
0,0.000018
0,0.009409
0,0.015709
0,0.439560
0,0.000268
0,0.027264
0,0.001707
0,0.962151
0,0.015362
0,0.244857
0,0.251272
0,0.822722
0,0.003341
0,0.270692
0,0.831687
0,0.005443
0,0.006417
0,0.031287
0,0.485702
0,0.441623
0,0.000012
0,0.000106
0,0.000011
0,0.547174
0,0.960100
0,0.073271
0,0.004071
0,0.000997
0,0.007209
0,0.640429
0,0.941804
0,0.000042
0,0.011226
0,0.015949
0,0.000382
0,0.000748
0,0.000936
0,0.031665
0,0.811247
0,0.001844
0,0.575418
0,0.068806
0,0.027474
0,0.000094
0,0.066773
0,0.492617
0,0.001638
0,0.007384
0,0.000860
0,0.404763
0,0.871409
0,0.000110
0,0.156495
0,0.054757
0,0.001693
0,0.015436
0,0.005534
1,0.997531
0,0.942149
0,0.003875
0,0.001104
0,0.056769
0,0.026042
0,0.998739
0,0.003972
0,0.025746
0,0.007076
0,0.908077
0,0.014324
0,0.202038
0,0.999752
0,0.068260
0,0.000001
0,0.002629
0,0.001807
0,0.001738
0,0.000001
0,0.000436
0,0.000033
0,0.000005
0,0.025216
0,0.000013
0,0.044466
0,0.001302
0,0.087759
0,0.116040
0,0.000027
0,0.000078
0,0.000045
0,0.402065
1,0.999770
0,0.001515
0,0.023991
0,0.193873
0,0.132424
0,0.000007
0,0.939818
0,0.000020
0,0.001160
0,0.790203
0,0.002296
0,0.209948
0,0.038912
0,0.000005
0,0.000501
0,0.639068
0,0.966947
0,0.014279
0,0.075693
0,0.816575
0,0.000722
0,0.045097
0,0.055870
0,0.881445
0,0.957560
0,0.012698
0,0.051121
0,0.034700
0,0.992735
0,0.000677
0,0.015015
0,0.020212
0,0.002081
0,0.000483
0,0.000250
0,0.247832
0,0.000001
0,0.000676
0,0.000010
0,0.000651
0,0.000039
0,0.803419
0,0.001460
0,0.956104
0,0.105950
0,0.000131
0,0.015520
0,0.008442
0,0.000008
0,0.577382
0,0.009860
0,0.155803
0,0.000013
1,0.796083
0,0.000192
0,0.000008
0,0.000137
0,0.002817
0,0.991707
0,0.016613
0,0.048331
0,0.011649
0,0.001237
0,0.447779
0,0.018862
0,0.079527
0,0.470255
0,0.001368
0,0.019694
0,0.000245
0,0.000753
0,0.001533
0,0.065976
0,0.000809
0,0.265093
0,0.001132
0,0.077026
0,0.290831
0,0.004037
0,0.422651
0,0.000067
0,0.000088
0,0.440590
0,0.004818
0,0.718663
0,0.044408
0,0.037899
0,0.000028
0,0.016480
0,0.037397
0,0.002985
0,0.000027
0,0.110128
0,0.000353
0,0.383851
0,0.021826
0,0.000239
0,0.002288
0,0.000001
0,0.126039
0,0.002270
0,0.391116
0,0.027769
0,0.015707
0,0.766116
0,0.024220
0,0.000885
1,0.729131
0,0.003022
0,0.001427
0,0.026029
0,0.028359
0,0.000002
0,0.000024
0,0.377867
0,0.000640
0,0.042628
0,0.082370
0,0.006466
0,0.122394
0,0.000453
0,0.000007
0,0.024384
0,0.004868
0,0.044233
0,0.000917
0,0.017947
0,0.128809
0,0.002544
0,0.000173
0,0.272857
0,0.227216
0,0.000429
0,0.000012
0,0.002108
0,0.112132
0,0.082621
0,0.041627
0,0.733954
0,0.033096
0,0.083406
0,0.124450
0,0.011253
0,0.000005
0,0.000008
0,0.034911
0,0.014665
0,0.999048
0,0.006117
0,0.026764
0,0.458392
0,0.002007
0,0.000395
0,0.001143
0,0.002687
0,0.000038
0,0.000054
0,0.001583
0,0.005842
0,0.000135
0,0.045877
0,0.359117
0,0.036123
0,0.200241
0,0.007941
0,0.060769
0,0.000347
0,0.019218
0,0.004032
0,0.000049
0,0.000001
0,0.993936
0,0.000846
0,0.002920
0,0.012221
0,0.999007
0,0.000002
0,0.009357
0,0.621238
0,0.005109
0,0.093510
0,0.000246
0,0.010600
0,0.012002
0,0.000264
0,0.003518
0,0.000013
0,0.011701
0,0.000011
0,0.026357
0,0.003577
0,0.001848
0,0.053363
0,0.009657
0,0.013915
0,0.001809
0,0.390411
0,0.075700
0,0.212087
0,0.000077
0,0.022404
0,0.123652
0,0.002154
0,0.006992
0,0.131735
0,0.000235
0,0.291858
0,0.068750
0,0.010160
0,0.000034
0,0.030551
0,0.630792
0,0.000022
0,0.169078
0,0.001579
0,0.132690
0,0.000403
0,0.000504
0,0.015072
0,0.002647
0,0.001659
0,0.000902
0,0.000003
0,0.030528
0,0.000016
0,0.007130
0,0.005320
0,0.771512
0,0.065442
0,0.002402
1,0.995782
0,0.014045
0,0.770257
0,0.000785
0,0.049571
0,0.000697
0,0.000001
0,0.011214
0,0.013551
0,0.021299
0,0.045144
0,0.125238
0,0.002141
0,0.000580
0,0.497593
0,0.568583
0,0.006195
0,0.000829
0,0.007353
0,0.030922
0,0.002246
0,0.005662
0,0.000681
0,0.835522
0,0.003455
0,0.391211
0,0.003356
0,0.881753
0,0.001963
0,0.003260
0,0.000293
0,0.014601
0,0.000158
0,0.002406
0,0.000511
0,0.021711
0,0.009441
0,0.031174
0,0.000444
0,0.000342
0,0.020302
0,0.611959
0,0.000064
0,0.586681
0,0.000234
0,0.000031
0,0.000060
0,0.124282
0,0.107379
0,0.060038
0,0.283699
0,0.283255
0,0.007188
0,0.000115
0,0.000001
0,0.000012
0,0.004434
0,0.014244
0,0.001517
0,0.000070
0,0.023686
0,0.006725
0,0.000190
0,0.000223
0,0.000081
0,0.080590
0,0.090855
0,0.008876
0,0.013531
0,0.000112
0,0.615608
0,0.000141
0,0.540635
0,0.000186
0,0.009346
0,0.006052
0,0.010376
0,0.460344
0,0.051714
0,0.000001
0,0.056084
0,0.000758
0,0.000133
0,0.083464
0,0.034527
0,0.000297
0,0.551903
0,0.001919
0,0.005565
0,0.141335
0,0.309020
0,0.002143
0,0.017515
0,0.001062
0,0.000001
0,0.000202
0,0.000090
0,0.000175
0,0.002285
0,0.122235
0,0.121172
0,0.074805
0,0.005024
0,0.000011
0,0.001192
0,0.003347
0,0.000023
0,0.001302
0,0.025479
0,0.021134
0,0.998485
0,0.003585
0,0.000646
0,0.002046
0,0.008791
0,0.001956
0,0.004870
0,0.480491
0,0.004404
0,0.998882
0,0.003172
0,0.000068
0,0.061631
0,0.227408
0,0.011012
0,0.010529
0,0.001945
0,0.278831
0,0.133196
0,0.000967
0,0.101572
0,0.042924
0,0.157811
0,0.999058
0,0.025134
0,0.002959
0,0.000001
0,0.853025
0,0.009649
0,0.000127
0,0.000003
0,0.000261
0,0.012183
0,0.416384
0,0.000014
0,0.001693
0,0.002128
0,0.032158
0,0.286850
0,0.000917
0,0.524690
0,0.012599
0,0.735864
0,0.000001
0,0.972564
0,0.000096
0,0.000809
0,0.000001
0,0.003065
0,0.976524
0,0.511386
0,0.020637
0,0.020192
0,0.504024
0,0.776345
0,0.426004
0,0.000004
0,0.343528
0,0.838544
0,0.026163
0,0.000195
0,0.021818
0,0.413831
0,0.383669
0,0.942750
0,0.400830
0,0.041178
0,0.177108
0,0.189696
0,0.567597
0,0.146504
0,0.000103
0,0.000013
0,0.000006
0,0.207829
0,0.432377
0,0.009405
0,0.001678
0,0.016077
0,0.009017
0,0.001581
0,0.002278
0,0.000020
0,0.000287
0,0.010697
0,0.266246
0,0.020583
0,0.000286
0,0.002424
0,0.003483
0,0.746648
0,0.002687
0,0.179045
0,0.001557
0,0.003907
0,0.001813
0,0.000008
0,0.115201
0,0.001398
0,0.013838
0,0.561550
0,0.080259
0,0.009993
0,0.350905
0,0.333002
0,0.010216
0,0.706223
0,0.001240
0,0.003772
0,0.020968
0,0.004216
0,0.875141
0,0.002323
0,0.022273
0,0.000423
0,0.010392
0,0.009674
0,0.005042
0,0.000330
0,0.000001
0,0.000001
0,0.003717
0,0.000670
0,0.000343
0,0.000007
0,0.000102
0,0.000005
0,0.000116
0,0.023050
0,0.001616
0,0.035840
0,0.142016
0,0.003772
0,0.000024
0,0.996460
0,0.008736
0,0.861272
0,0.001309
0,0.008934
0,0.068876
0,0.280626
0,0.066935
0,0.044736
0,0.000300
0,0.302250
0,0.000029
0,0.000945
0,0.937817
0,0.194785
0,0.001909
0,0.017340
0,0.000089
0,0.062919
0,0.001982
0,0.000001
0,0.000010
0,0.000040
1,0.999893
0,0.008741
0,0.000068
0,0.007189
0,0.022609
0,0.000040
0,0.000111
0,0.000058
0,0.002801
0,0.000663
0,0.088096
0,0.093165
0,0.045563
0,0.000182
0,0.000883
0,0.000189
0,0.008763
0,0.305966
0,0.000015
0,0.187299
0,0.000535
0,0.009093
0,0.025152
0,0.300525
0,0.048707
0,0.009674
0,0.004745
0,0.371598
0,0.993389
0,0.821575
0,0.092215
0,0.041437
0,0.003963
0,0.539036
0,0.011198
0,0.230122
0,0.980672
0,0.000009
0,0.000023
0,0.022132
0,0.003713
0,0.002194
0,0.070656
0,0.030853
0,0.508928
0,0.001722
0,0.000092
0,0.000162
0,0.001277
0,0.000001
0,0.000464
0,0.065870
0,0.218591
0,0.000052
0,0.005324
0,0.009981
0,0.000005
0,0.000423
0,0.000131
0,0.754344
0,0.000061
0,0.146744
0,0.000050
0,0.069748
0,0.751253
0,0.000039
0,0.001822
0,0.010695
0,0.968912
0,0.000741
0,0.000781
0,0.000005
0,0.000788
0,0.027840
0,0.003732
0,0.572398
0,0.000191
0,0.000023
0,0.013773
0,0.623878
0,0.043705
0,0.050287
0,0.000002
0,0.001108
0,0.000599
0,0.001781
0,0.009048
0,0.000087
1,0.149659
0,0.155270
0,0.000200
0,0.037197
0,0.073846
0,0.015715
0,0.000045
0,0.054892
0,0.000085
0,0.000019
0,0.000258
0,0.002531
0,0.423776
0,0.064074
0,0.930500
0,0.003929
0,0.008302
0,0.000012
0,0.066906
0,0.003007
0,0.848540
0,0.000207
0,0.156267
0,0.938224
0,0.000652
0,0.042465
0,0.000003
0,0.020393
0,0.000160
0,0.078792
0,0.018561
0,0.362939
0,0.006678
0,0.213366
0,0.000022
0,0.001428
0,0.000103
0,0.014867
1,0.998760
0,0.175360
0,0.000076
0,0.120230
0,0.045602
0,0.001599
0,0.000010
0,0.011667
0,0.000085
0,0.014476
0,0.001551
0,0.010714
0,0.307861
0,0.001297
0,0.000835
0,0.009950
0,0.000613
0,0.000259
0,0.000078
0,0.006850
0,0.996903
0,0.009405
0,0.000302
0,0.003014
0,0.005497
0,0.053130
0,0.000185
0,0.017186
0,0.000268
0,0.000329
0,0.000031
0,0.000037
0,0.555744
0,0.011482
0,0.000556
0,0.000713
0,0.006681
0,0.018281
0,0.002918
0,0.002601
0,0.309965
0,0.771057
0,0.011794
0,0.008661
0,0.001969
0,0.000551
0,0.003326
0,0.002724
0,0.220456
0,0.382930
0,0.000248
0,0.000376
0,0.004177
0,0.000008
0,0.001260
0,0.016847
0,0.016418
0,0.000593
0,0.025921
0,0.003600
0,0.008989
0,0.000881
0,0.163097
0,0.000187
0,0.000568
0,0.003117
0,0.018301
0,0.000688
0,0.815534
0,0.001529
0,0.143150
0,0.003947
0,0.075846
0,0.000555
0,0.005973
0,0.112469
0,0.000011
0,0.057798
0,0.007446
0,0.025242
0,0.187760
0,0.001125
0,0.055616
0,0.002141
0,0.000157
0,0.000195
0,0.000033
0,0.309307
0,0.000088
0,0.000159
0,0.000892
0,0.001745
0,0.000461
0,0.000397
0,0.532085
0,0.147123
0,0.001535
0,0.757689
0,0.408735
0,0.140852
0,0.530018
0,0.001911
0,0.001679
0,0.002408
0,0.001390
0,0.510165
0,0.000337
0,0.292507
0,0.165434
0,0.000334
0,0.997534
0,0.002098
0,0.000501
0,0.176533
0,0.450053
0,0.037970
0,0.000149
0,0.000002
0,0.058970
0,0.009287
0,0.384751
0,0.003580
0,0.005927
0,0.005251
0,0.404304
0,0.079470
0,0.048632
0,0.000001
0,0.159744
0,0.000038
0,0.000866
0,0.303834
0,0.173868
0,0.000928
0,0.000078
0,0.012076
0,0.000288
0,0.000002
0,0.048789
0,0.029165
0,0.254050
0,0.000006
0,0.000174
0,0.041630
0,0.000740
0,0.000018
0,0.977839
0,0.000035
0,0.068188
0,0.000014
0,0.997479
0,0.052072
0,0.018294
0,0.017975
0,0.050579
0,0.825125
0,0.004487
0,0.105548
0,0.948756
0,0.970783
0,0.020613
0,0.000200
0,0.000020
0,0.001202
0,0.030294
0,0.000030
0,0.002068
0,0.000024
0,0.003959
0,0.016328
0,0.003328
0,0.008317
0,0.001526
0,0.006270
0,0.000132
0,0.832264
0,0.000012
0,0.949751
0,0.022439
0,0.003888
0,0.007112
0,0.408423
0,0.000221
0,0.036380
0,0.000301
0,0.279826
0,0.879565
0,0.000362
0,0.002666
0,0.000048
0,0.092167
0,0.228648
1,0.999580
0,0.962868
0,0.437313
0,0.000058
0,0.000133
0,0.796278
0,0.000064
0,0.005127
0,0.000273
0,0.023356
0,0.000434
0,0.244376
0,0.000050
0,0.000704
0,0.000118
0,0.687082
0,0.138386
0,0.010788
0,0.147916
0,0.005277
0,0.002398
0,0.001204
0,0.002073
0,0.000012
0,0.019666
0,0.002551
0,0.002843
0,0.005997
0,0.126518
0,0.001495
0,0.001324
0,0.000007
0,0.018929
0,0.001920
0,0.000002
0,0.000282
0,0.000001
0,0.007185
0,0.003840
0,0.092626
0,0.001099
0,0.010690
0,0.580424
0,0.768466
0,0.000233
0,0.010865
0,0.000028
0,0.026317
0,0.021642
0,0.074238
0,0.000101
0,0.007818
0,0.284396
0,0.003378
0,0.001933
0,0.002658
0,0.000386
0,0.174809
0,0.133930
0,0.000411
0,0.090186
0,0.013396
0,0.001369
0,0.000059
0,0.015174
0,0.115264
0,0.012078
0,0.000003
0,0.000217
0,0.710302
0,0.000056
0,0.002210
0,0.000023
0,0.001475
0,0.000029
0,0.004458
0,0.001961
0,0.012218
0,0.005051
0,0.001712
0,0.000193
0,0.035043
0,0.608667
0,0.001049
0,0.003705
0,0.473670
0,0.999989
0,0.891217
0,0.002772
0,0.000053
0,0.110989
0,0.014249
0,0.001340
0,0.000692
0,0.001759
0,0.000312
0,0.000004
0,0.001224
0,0.000143
0,0.005144
0,0.000539
0,0.000360
0,0.000234
0,0.000045
0,0.787633
0,0.014771
0,0.116820
0,0.100131
0,0.014521
0,0.611009
0,0.000001
0,0.000506
0,0.001076
0,0.006370
0,0.000491
0,0.000136
0,0.001527
0,0.151276
0,0.114341
0,0.225401
0,0.013888
0,0.057454
0,0.003129
0,0.015759
0,0.053398
0,0.007387
0,0.146442
0,0.117402
0,0.011555
0,0.000753
0,0.000802
0,0.805012
0,0.000028
0,0.000359
0,0.009575
0,0.000138
0,0.000195
0,0.447088
0,0.280134
0,0.046916
0,0.000799
0,0.004071
0,0.037327
0,0.000113
0,0.018012
0,0.000001
0,0.007205
0,0.000353
0,0.025560
0,0.003917
0,0.017045
0,0.918818
0,0.021227
0,0.005342
1,0.998956
0,0.000056
0,0.334807
0,0.015739
0,0.967476
0,0.023624
0,0.001435
0,0.041535
0,0.001651
0,0.000485
0,0.000316
0,0.964195
0,0.254026
0,0.004218
0,0.000152
0,0.002608
0,0.000144
0,0.001906
0,0.015529
0,0.036966
0,0.000078
0,0.000324
0,0.002298
0,0.000035
0,0.028930
0,0.000570
0,0.000651
0,0.059869
0,0.008285
0,0.009278
0,0.178676
0,0.215244
0,0.001364
0,0.024782
0,0.005149
0,0.035426
0,0.006093
0,0.005974
0,0.121883
0,0.002896
0,0.002422
0,0.002410
0,0.002210
0,0.076897
0,0.000539
0,0.003996
0,0.998953
0,0.006945
0,0.014180
0,0.000001
0,0.010736
0,0.006052
0,0.000081
0,0.032330
0,0.001613
0,0.022327
0,0.009781
0,0.002104
0,0.009866
0,0.000014
0,0.159838
0,0.000184
0,0.005398
0,0.006778
0,0.000004
0,0.000720
0,0.000045
0,0.000509
0,0.087767
1,0.973616
0,0.000085
0,0.739728
0,0.000450
0,0.000012
0,0.003935
0,0.000044
0,0.009481
0,0.514828
0,0.956607
0,0.000517
0,0.003212
0,0.000878
0,0.006484
0,0.612648
0,0.084696
0,0.993810
0,0.000278
0,0.000112
0,0.000107
0,0.006766
0,0.044491
0,0.000537
0,0.000008
0,0.894121
0,0.005989
0,0.039903
0,0.005687
0,0.393787
0,0.283218
0,0.000078
0,0.136676
0,0.001406
0,0.005139
0,0.029366
0,0.015934
0,0.874683
0,0.007730
1,0.998214
0,0.001808
0,0.000089
0,0.011581
0,0.000202
0,0.902550
0,0.001802
0,0.000094
0,0.003571
0,0.000244
0,0.059385
0,0.002690
0,0.156010
0,0.002199
0,0.010500
0,0.069672
0,0.922596
0,0.007859
0,0.748057
0,0.000015
0,0.003508
0,0.000140
0,0.452739
0,0.015462
0,0.000156
0,0.016224
0,0.000005
0,0.143923
0,0.013733
0,0.392009
0,0.001703
0,0.078261
0,0.002181
0,0.760544
0,0.007876
0,0.358151
0,0.003245
0,0.986288
0,0.000477
0,0.236274
0,0.600288
0,0.004124
0,0.653890
0,0.794271
0,0.001930
0,0.725395
0,0.000174
0,0.000167
0,0.399228
0,0.337990
0,0.014267
0,0.002646
0,0.015442
0,0.996134
0,0.007685
0,0.315053
0,0.001935
0,0.072083
0,0.542108
0,0.008841
0,0.000006
0,0.001024
0,0.005174
0,0.001046
0,0.002399
0,0.257831
0,0.086795
0,0.003302
0,0.003157
0,0.002208
0,0.010445
0,0.005337
0,0.000138
0,0.005793
0,0.000026
0,0.000060
0,0.035366
0,0.032005
0,0.179298
0,0.137405
0,0.021077
0,0.977262
0,0.000044
0,0.006278
0,0.207565
0,0.215170
0,0.013551
0,0.008826
0,0.001535
0,0.005780
0,0.009130
0,0.001289
0,0.002179
1,0.049454
0,0.000155
0,0.073193
0,0.000006
0,0.023140
0,0.998452
0,0.001295
0,0.001192
0,0.000001
0,0.037867
0,0.035375
0,0.002044
0,0.000871
0,0.902736
0,0.001917
0,0.055679
0,0.001265
0,0.999916
0,0.003212
0,0.048038
0,0.343940
0,0.003193
0,0.014068
0,0.000002
0,0.000037
0,0.000008
0,0.877955
0,0.008981
0,0.253930
0,0.994673
0,0.922980
0,0.113520
0,0.035324
0,0.062579
0,0.000001
0,0.000121
0,0.094161
0,0.000098
0,0.001168
0,0.000002
0,0.030503
0,0.000006
0,0.081708
0,0.052534
0,0.000003
0,0.980741
0,0.000084
0,0.000029
0,0.003570
0,0.006925
0,0.001971
0,0.026046
0,0.054707
0,0.002332
0,0.190771
0,0.016399
0,0.000003
0,0.000839
0,0.000875
0,0.001742
0,0.006345
0,0.580028
0,0.000469
0,0.503893
0,0.026031
0,0.000014
0,0.004018
0,0.011975
0,0.000832
0,0.322122
0,0.104875
0,0.044059
0,0.000001
0,0.000305
0,0.032401
0,0.000034
0,0.031253
0,0.005876
0,0.001975
0,0.000151
0,0.000123
0,0.000005
0,0.000774
0,0.994111
0,0.211753
0,0.011683
0,0.000569
0,0.001959
0,0.003228
0,0.002544
0,0.114887
0,0.000349
0,0.156554
0,0.005249
0,0.915860
0,0.017600
0,0.249661
0,0.251088
0,0.000176
0,0.008597
0,0.979171
0,0.373752
0,0.001008
0,0.923254
0,0.000917
0,0.000048
0,0.214898
0,0.003942
0,0.351586
0,0.019981
0,0.081875
0,0.001541
0,0.005038
0,0.000168
0,0.004507
0,0.000002
0,0.000287
0,0.000513
0,0.002291
0,0.000060
0,0.000076
0,0.001150
0,0.000184
0,0.007099
0,0.000001
0,0.000004
0,0.002546
0,0.000183
0,0.000023
0,0.069248
0,0.503418
0,0.013437
0,0.002996
0,0.000131
0,0.030311
0,0.049084
0,0.009268
0,0.000606
0,0.000011
0,0.000050
0,0.001536
0,0.000692
0,0.000008
0,0.000096
0,0.231995
0,0.055324
0,0.722893
0,0.265557
0,0.000503
0,0.000415
0,0.459719
0,0.000273
0,0.007918
0,0.002927
0,0.997907
0,0.005463
0,0.000238
0,0.000449
0,0.916128
0,0.048942
0,0.083246
0,0.012850
0,0.002382
0,0.001188
0,0.088023
0,0.007116
0,0.003182
0,0.022025
0,0.062892
0,0.307287
0,0.023133
0,0.000200
0,0.037880
0,0.000297
1,0.999577
0,0.003079
0,0.014318
0,0.000002
0,0.003917
0,0.077299
0,0.896425
0,0.569672
0,0.310712
0,0.282494
0,0.013066
0,0.000857
0,0.001423
0,0.970751
0,0.002548
0,0.544763
0,0.111734
0,0.000112
0,0.005848
0,0.019499
0,0.027872
0,0.022245
0,0.000078
0,0.000013
0,0.873242
0,0.000002
0,0.117581
0,0.012873
0,0.023726
0,0.088907
0,0.000527
0,0.706608
0,0.916281
0,0.001002
0,0.000998
0,0.960983
0,0.019980
0,0.003398
0,0.328572
0,0.852044
0,0.002802
0,0.000001
0,0.037207
0,0.996356
0,0.033215
0,0.000001
0,0.033585
0,0.002279
0,0.000247
0,0.047966
0,0.212026
0,0.120654
0,0.895407
0,0.022376
0,0.002242
0,0.000144
0,0.001104
0,0.004412
0,0.010243
0,0.506442
0,0.719941
0,0.160713
0,0.016274
0,0.003546
0,0.001019
0,0.000165
0,0.004384
0,0.000001
0,0.016628
0,0.000238
0,0.251001
0,0.123352
0,0.091785
0,0.007030
0,0.001817
0,0.000178
0,0.002334
0,0.049307
0,0.016060
0,0.000684
0,0.000032
0,0.002144
0,0.002648
0,0.659566
0,0.000272
0,0.000001
0,0.013346
0,0.245223
0,0.003563
0,0.000352
0,0.000877
0,0.399689
0,0.000071
0,0.989030
0,0.354373
0,0.000001
0,0.001280
0,0.001402
0,0.026402
0,0.000527
0,0.427377
0,0.466278
0,0.000839
0,0.000036
0,0.000359
0,0.001889
0,0.903896
1,0.921360
0,0.000001
0,0.000923
0,0.003626
0,0.000327
0,0.006595
0,0.000772
0,0.000073
0,0.032939
0,0.294438
0,0.000037
0,0.000005
1,0.870483
0,0.005638
0,0.000880
0,0.932472
0,0.001086
0,0.000062
0,0.023274
0,0.000328
0,0.000436
0,0.003016
0,0.000167
0,0.000213
0,0.000337
0,0.000058
0,0.769580
0,0.001637
0,0.001979
0,0.010257
0,0.088196
0,0.781278
0,0.000102
0,0.000928
0,0.018913
0,0.001418
0,0.017424
0,0.416811
0,0.015069
0,0.000003
0,0.000071
0,0.001414
0,0.075051
0,0.460096
0,0.000304
0,0.051940
0,0.048155
0,0.642164
0,0.000186
0,0.000369
0,0.000001
0,0.000056
0,0.047609
0,0.008552
0,0.040732
0,0.000564
0,0.930906
0,0.567080
0,0.001334
0,0.342075
0,0.264307
0,0.749160
0,0.012516
0,0.000293
0,0.000463
0,0.512574
0,0.012478
0,0.000001
0,0.004610
0,0.005151
0,0.110277
0,0.011416
0,0.052794
0,0.000022
0,0.000155
0,0.030933
0,0.000108
0,0.000298
0,0.000274
0,0.018936
0,0.007049
0,0.000074
0,0.243259
0,0.000020
0,0.226287
0,0.049116
0,0.000275
0,0.001296
0,0.007240
0,0.170233
1,0.986099
0,0.001364
0,0.002241
0,0.000579
0,0.000040
0,0.861378
0,0.000396
0,0.000034
0,0.057354
0,0.037848
0,0.003399
0,0.090834
0,0.032163
0,0.001133
0,0.015006
0,0.102539
0,0.000069
0,0.003260
0,0.003308
0,0.392054
0,0.160320
0,0.090638
0,0.009235
0,0.002182
0,0.006721
0,0.078812
0,0.033095
0,0.012127
0,0.009041
0,0.000004
0,0.000152
0,0.049834
0,0.000004
0,0.000719
0,0.685020
0,0.002306
0,0.020474
0,0.026445
0,0.016645
0,0.656883
0,0.021326
0,0.046476
0,0.988071
0,0.067730
0,0.028767
0,0.989248
0,0.000055
0,0.000122
0,0.000297
0,0.966102
0,0.020290
1,0.999999
0,0.003666
0,0.000055
0,0.001785
0,0.000076
0,0.000094
0,0.000919
0,0.000012
0,0.000853
0,0.022184
0,0.008479
0,0.000025
0,0.000093
0,0.001302
0,0.000939
0,0.130490
0,0.003630
0,0.384928
0,0.013007
0,0.012081
0,0.000006
0,0.000439
0,0.000201
0,0.000014
0,0.000275
0,0.005369
0,0.000445
0,0.000005
0,0.025679
0,0.000190
0,0.000172
0,0.006716
0,0.005811
0,0.014838
0,0.943652
0,0.126091
0,0.001087
0,0.000543
0,0.017584
0,0.001194
0,0.986794
0,0.632993
0,0.999029
0,0.015133
0,0.001307
0,0.000007
0,0.002746
0,0.378143
0,0.041784
0,0.000908
0,0.228323
0,0.000585
0,0.094049
0,0.000265
0,0.021411
0,0.007170
1,0.999500
0,0.012140
0,0.582216
0,0.001220
0,0.485680
0,0.753327
0,0.257887
0,0.049987
0,0.090145
0,0.726589
0,0.000019
0,0.000477
0,0.409604
0,0.000034
0,0.001093
0,0.741501
0,0.367745
0,0.000098
0,0.066416
0,0.000031
0,0.997328
0,0.000480
0,0.001113
0,0.133535
0,0.000899
0,0.653847
0,0.060558
0,0.009296
0,0.938124
0,0.008085
0,0.000105
0,0.190534
0,0.021115
0,0.000530
0,0.008658
0,0.044138
0,0.232953
0,0.001045
0,0.444921
0,0.000005
0,0.000039
0,0.000006
0,0.426449
0,0.000522
0,0.000182
0,0.004010
0,0.006250
0,0.035876
0,0.019439
0,0.000606
0,0.010935
0,0.238972
0,0.003742
0,0.015633
0,0.000002
1,0.349416
0,0.007601
0,0.003899
0,0.147193
0,0.074435
0,0.019329
0,0.000289
0,0.000093
0,0.958033
0,0.000021
0,0.126101
0,0.025567
0,0.000002
1,0.105996
0,0.000922
0,0.092602
0,0.000183
0,0.264094
0,0.000002
0,0.812403
0,0.240457
0,0.002029
0,0.425701
0,0.504146
0,0.008815
0,0.004154
0,0.011212
0,0.000224
0,0.000017
0,0.416357
0,0.117918
0,0.987282
0,0.000315
0,0.332744
0,0.000940
0,0.002107
0,0.000123
0,0.988664
0,0.000802
0,0.931239
0,0.000204
0,0.009838
0,0.001704
0,0.000019
0,0.093591
0,0.000198
0,0.001678
0,0.292920
0,0.967065
0,0.000342
0,0.095398
0,0.287688
0,0.021967
0,0.203792
0,0.000009
0,0.043872
0,0.005523
0,0.000107
0,0.000043
0,0.002022
0,0.000045
0,0.002339
0,0.116215
0,0.005238
0,0.000828
0,0.169584
0,0.066611
0,0.281466
0,0.106323
0,0.000011
0,0.011937
0,0.726677
0,0.989627
0,0.005757
0,0.981219
0,0.274630
0,0.000155
0,0.924695
0,0.000216
0,0.497169
0,0.010320
0,0.015448
0,0.000150
0,0.000831
0,0.984135
0,0.000564
0,0.001465
0,0.015538
0,0.094123
0,0.000891
0,0.000994
0,0.029902
0,0.002262
0,0.005384
0,0.001456
0,0.000070
0,0.000634
0,0.027541
0,0.267976
0,0.432763
0,0.014660
0,0.003536
0,0.100530
0,0.377563
0,0.051135
0,0.009794
0,0.022689
0,0.053281
0,0.000026
0,0.034168
0,0.000778
0,0.000128
0,0.049446
0,0.001919
0,0.011882
0,0.005346
0,0.000336
0,0.035606
0,0.908505
0,0.000778
0,0.000095
0,0.014560
0,0.000192
0,0.070824
0,0.005864
0,0.492700
0,0.006317
0,0.018351
0,0.038857
0,0.210403
0,0.001499
0,0.000152
0,0.134411
0,0.862427
0,0.129813
0,0.035383
0,0.870121
0,0.032945
0,0.002588
0,0.325491
0,0.001249
0,0.011976
0,0.007951
0,0.372823
0,0.000342
0,0.000007
0,0.053625
0,0.165793
0,0.847213
0,0.000915
0,0.034254
0,0.000135
0,0.333869
0,0.001319
0,0.000001
0,0.000001
0,0.001875
0,0.002593
0,0.008739
0,0.020573
0,0.000136
0,0.000135
0,0.041708
0,0.539978
0,0.000021
0,0.997231
0,0.000436
0,0.000107
0,0.056719
0,0.000044
0,0.005675
0,0.004858
0,0.935869
0,0.000001
0,0.005251
0,0.001849
0,0.043830
0,0.000039
0,0.000426
0,0.217078
0,0.091381
0,0.016814
0,0.436785
0,0.603538
0,0.004758
0,0.025882
0,0.000052
0,0.913676
0,0.706839
0,0.654731
0,0.000632
0,0.083098
0,0.000306
0,0.293091
0,0.001452
0,0.026581
0,0.000782
0,0.042162
0,0.000360
0,0.000636
0,0.004839
0,0.039676
0,0.825967
0,0.004908
0,0.198506
0,0.025143
0,0.000418
0,0.000556
0,0.000357
0,0.022721
0,0.000003
0,0.809254
0,0.038836
0,0.000016
0,0.005533
0,0.015489
0,0.000019
0,0.420269
0,0.001729
0,0.091877
0,0.284614
0,0.946280
0,0.000188
0,0.415559
0,0.148345
0,0.009381
0,0.302301
0,0.029330
0,0.050909
0,0.000061
0,0.245608
0,0.760232
0,0.715256
0,0.088311
0,0.046472
0,0.003223
0,0.020754
0,0.000020
0,0.000001
0,0.000311
0,0.097233
0,0.002076
0,0.004070
0,0.000615
0,0.007634
0,0.259693
0,0.002387
0,0.352700
0,0.006825
0,0.000004
0,0.004848
0,0.000565
0,0.000280
0,0.968383
0,0.000308
0,0.002141
0,0.026152
0,0.001868
1,0.889737
0,0.000103
0,0.643485
0,0.659627
0,0.000500
0,0.000074
0,0.003599
0,0.000007
0,0.000267
0,0.183720
0,0.001823
0,0.878454
0,0.005157
0,0.000033
0,0.000403
0,0.969209
0,0.000079
0,0.001534
0,0.000075
0,0.000949
0,0.246589
0,0.000014
0,0.064144
0,0.000125
0,0.007942
0,0.364991
0,0.038236
0,0.631367
0,0.748429
0,0.000700
0,0.680286
0,0.001785
0,0.267807
0,0.000300
0,0.144416
0,0.950722
0,0.111440
0,0.013789
0,0.005488
0,0.000691
0,0.029816
0,0.551446
0,0.001408
0,0.004507
0,0.068072
0,0.000337
0,0.083705
0,0.007801
0,0.000093
0,0.010215
0,0.011307
0,0.002512
0,0.824116
0,0.044878
0,0.003779
1,0.999856
0,0.027003
0,0.005378
0,0.002787
0,0.000162
0,0.004280
0,0.476952
0,0.000042
0,0.001538
0,0.000948
0,0.270516
0,0.001736
0,0.171428
0,0.003284
0,0.916906
0,0.000811
0,0.000105
0,0.099667
0,0.194415
0,0.908043
0,0.890880
0,0.035683
0,0.029603
0,0.008197
0,0.005357
0,0.349032
0,0.120436
0,0.000007
0,0.000107
0,0.843701
1,0.976595
0,0.997165
1,0.990749
0,0.037959
0,0.000703
0,0.027076
0,0.492542
0,0.622275
0,0.006634
0,0.006151
0,0.042986
0,0.032870
0,0.006735
0,0.000005
0,0.005970
0,0.000225
0,0.000031
0,0.000966
0,0.059312
0,0.166512
0,0.007573
0,0.001147
0,0.719941
0,0.983490
0,0.288040
0,0.006085
0,0.003420
0,0.002328
0,0.000266
0,0.000850
0,0.936749
0,0.098788
0,0.000432
0,0.000533
0,0.000743
0,0.696280
0,0.010302
0,0.006394
0,0.013838
0,0.000530
0,0.018967
0,0.000090
0,0.004484
0,0.004316
0,0.000265
0,0.805883
0,0.000845
0,0.174024
0,0.295705
0,0.024962
0,0.023701
0,0.004069
0,0.004741
0,0.012725
0,0.038829
0,0.000017
0,0.007736
0,0.125305
0,0.003553
0,0.000002
0,0.001574
0,0.020874
0,0.815246
0,0.989131
0,0.000031
0,0.043335
0,0.000230
0,0.000001
0,0.052115
0,0.000446
0,0.001586
0,0.000510
0,0.004268
0,0.147183
0,0.000242
0,0.002215
0,0.000249
0,0.023720
0,0.875152
0,0.642779
0,0.683101
0,0.027042
0,0.000256
0,0.009666
0,0.000057
0,0.020335
0,0.013741
0,0.000009
0,0.002012
0,0.003891
0,0.012508
0,0.022887
0,0.000697
0,0.025396
0,0.000010
0,0.987888
0,0.005957
0,0.000134
1,0.914352
0,0.023598
0,0.489944
0,0.103992
0,0.240026
0,0.000024
0,0.000105
0,0.000001
0,0.078163
0,0.007769
0,0.442811
0,0.061788
0,0.031355
0,0.870911
0,0.075497
0,0.008035
0,0.019713
0,0.976444
0,0.158678
0,0.015197
0,0.035771
0,0.118575
0,0.050033
0,0.003037
0,0.010894
0,0.000454
0,0.029441
0,0.000171
0,0.000026
0,0.000186
0,0.000309
0,0.831479
0,0.050070
0,0.545188
0,0.006308
0,0.000179
0,0.012398
0,0.236148
0,0.000080
0,0.103204
0,0.140524
0,0.050195
0,0.111847
0,0.017235
0,0.049716
0,0.070240
0,0.000089
0,0.000029
0,0.000427
0,0.013029
0,0.001277
0,0.000103
0,0.013931
0,0.000017
0,0.142896
0,0.001038
0,0.006421
0,0.234627
0,0.000295
0,0.000047
0,0.000767
1,0.963597
0,0.001076
0,0.464992
0,0.000327
0,0.506043
0,0.020476
0,0.001927
0,0.000066
0,0.041059
0,0.000834
0,0.288672
0,0.000093
0,0.001333
0,0.000018
0,0.002490
0,0.003582
0,0.000338
0,0.000834
0,0.004739
0,0.000952
0,0.062373
0,0.003267
0,0.000027
0,0.005667
0,0.237362
0,0.023303
0,0.012795
0,0.012876
0,0.000047
0,0.086396
0,0.002122
0,0.000039
0,0.821142
0,0.011182
0,0.000077
0,0.019150
0,0.000001
0,0.065974
0,0.000023
0,0.012524
0,0.026968
0,0.000075
0,0.002473
0,0.003029
0,0.002462
0,0.164765
0,0.000053
0,0.000009
0,0.000809
0,0.000060
0,0.065361
0,0.000112
0,0.002561
0,0.129453
0,0.007030
0,0.501726
0,0.004217
0,0.007969
0,0.657307
0,0.255551
0,0.258031
0,0.623150
0,0.000476
0,0.009890
0,0.000017
0,0.025755
0,0.000006
0,0.504078
0,0.001059
0,0.969093
0,0.814593
0,0.024323
0,0.000002
0,0.074759
0,0.000378
0,0.017094
0,0.006611
0,0.815979
0,0.001253
0,0.000021
0,0.005895
0,0.000005
0,0.025883
0,0.000762
0,0.001196
0,0.166594
0,0.999060
0,0.048247
0,0.000609
0,0.047630
0,0.126381
0,0.000511
0,0.008355
0,0.000061
0,0.118845
0,0.002341
0,0.000028
0,0.001211
0,0.000888
0,0.000061
0,0.356974
0,0.001184
0,0.002795
0,0.000044
0,0.000018
0,0.037587
0,0.111129
0,0.978236
0,0.000765
0,0.001470
0,0.094205
0,0.836017
0,0.007007
0,0.000045
0,0.708422
0,0.000099
0,0.050717
0,0.124845
0,0.000017
0,0.000183
0,0.044794
0,0.288000
0,0.000184
0,0.958035
0,0.086419
0,0.898548
0,0.526261
0,0.000188
0,0.152924
0,0.341970
0,0.050869
0,0.729705
0,0.551835
0,0.823678
0,0.000366
0,0.000108
0,0.039257
0,0.008487
0,0.040972
0,0.631586
0,0.000463
0,0.403078
0,0.000135
0,0.012429
0,0.001985
0,0.003848
0,0.096090
0,0.006183
0,0.018166
0,0.000382
0,0.054613
0,0.002755
0,0.000069
0,0.006800
0,0.000211
0,0.000752
0,0.258214
0,0.039169
0,0.000024
0,0.006770
0,0.073284
0,0.263269
0,0.000148
0,0.481658
0,0.438015
0,0.096628
0,0.003246
0,0.003605
0,0.260113
0,0.000095
0,0.000999
0,0.007612
0,0.008695
0,0.234892
0,0.000420
0,0.005630
0,0.030115
0,0.000385
0,0.000005
0,0.640800
0,0.023563
0,0.000252
0,0.000481
0,0.000675
0,0.000788
0,0.000027
0,0.001507
0,0.000290
0,0.425681
0,0.000702
0,0.258372
0,0.000193
0,0.000164
0,0.378718
0,0.013677
0,0.001161
0,0.045013
0,0.033177
0,0.091441
0,0.000675
0,0.000508
0,0.006281
0,0.004872
0,0.007597
0,0.044733
0,0.001114
0,0.000013
0,0.000759
0,0.017976
0,0.062372
0,0.000055
0,0.035856
0,0.015660
0,0.051666
0,0.002069
0,0.000008
0,0.517639
0,0.004812
0,0.499978
0,0.999245
0,0.069889
0,0.000019
0,0.101544
0,0.001577
0,0.146092
0,0.004368
0,0.000007
0,0.001700
0,0.002049
0,0.000018
0,0.002846
0,0.042953
0,0.529531
0,0.006719
0,0.000002
0,0.001408
0,0.000058
0,0.557491
0,0.469683
0,0.000657
0,0.174232
0,0.055565
0,0.053318
0,0.363767
0,0.018065
0,0.960871
0,0.001964
0,0.255426
0,0.000111
0,0.000003
0,0.003300
0,0.321407
0,0.092740
0,0.614270
0,0.900643
0,0.007153
0,0.098711
0,0.202804
0,0.000245
0,0.141711
0,0.000251
0,0.023778
0,0.007571
0,0.040141
0,0.000151
0,0.000094
0,0.000144
0,0.000153
0,0.000153
0,0.009435
0,0.000296
0,0.000372
0,0.000792
0,0.095408
0,0.954940
0,0.000054
1,0.813267
0,0.065614
0,0.856594
1,0.548523
0,0.003311
0,0.000413
0,0.003776
0,0.047850
0,0.152871
0,0.000025
0,0.040797
0,0.059544
0,0.002577
0,0.000875
0,0.127254
0,0.005430
0,0.500130
0,0.139308
0,0.000380
0,0.005490
0,0.525227
0,0.002992
0,0.009901
0,0.001564
1,0.998611
0,0.020895
0,0.002698
0,0.010957
0,0.001068
0,0.000051
0,0.105121
0,0.010167
0,0.060253
0,0.067684
0,0.042850
0,0.000618
0,0.000500
0,0.000808
0,0.000024
0,0.005068
0,0.000070
0,0.010375
0,0.000006
0,0.000592
0,0.004847
0,0.336693
0,0.050765
0,0.002819
0,0.000187
0,0.000235
0,0.047899
0,0.373165
0,0.000369
0,0.007041
0,0.000041
0,0.000002
0,0.017961
0,0.150909
0,0.615147
0,0.000005
0,0.000093
0,0.016200
0,0.004864
0,0.001385
0,0.305508
0,0.110143
0,0.001418
0,0.000394
0,0.000003
0,0.000004
0,0.406476
0,0.915420
0,0.001621
0,0.001424
0,0.996537
0,0.000001
0,0.121202
0,0.002142
0,0.236019
0,0.565603
0,0.426842
0,0.000098
0,0.070990
0,0.015055
0,0.060010
0,0.001836
0,0.979264
0,0.046028
0,0.001341
0,0.000001
1,0.990476
1,0.999998
0,0.168884
0,0.000914
0,0.001104
0,0.000077
0,0.125182
0,0.000463
0,0.858147
0,0.000849
0,0.000506
0,0.829519
0,0.010636
0,0.000568
1,0.066773
0,0.385956
0,0.013381
0,0.007483
0,0.000065
0,0.062246
0,0.547551
0,0.764937
0,0.000009
0,0.133795
0,0.001312
0,0.070740
0,0.004635
0,0.008878
0,0.055429
0,0.001330
0,0.090961
0,0.001591
0,0.037163
0,0.878500
0,0.000147
0,0.001236
0,0.117403
0,0.002343
0,0.053682
0,0.023693
0,0.000019
0,0.103367
0,0.065202
0,0.117266
0,0.094594
0,0.000512
0,0.003909
0,0.003378
0,0.018720
1,0.983661
0,0.118231
0,0.007547
0,0.549846
0,0.721223
0,0.050991
0,0.000031
0,0.593453
0,0.005640
0,0.003039
0,0.001152
0,0.001492
0,0.000080
0,0.012295
0,0.000048
0,0.000987
0,0.000760
0,0.291299
0,0.000515
0,0.478297
0,0.000002
0,0.001750
0,0.000298
0,0.000571
0,0.000052
0,0.000010
0,0.060886
0,0.001400
0,0.122839
0,0.002823
0,0.358295
0,0.000045
0,0.004853
0,0.000174
0,0.000011
0,0.000114
0,0.000452
0,0.000223
0,0.000001
0,0.251985
0,0.000029
0,0.001501
0,0.011794
0,0.000083
0,0.351363
0,0.000283
0,0.000001
0,0.000772
0,0.000023
0,0.094841
0,0.950989
0,0.432408
0,0.259057
0,0.556498
0,0.076443
0,0.024918
0,0.040328
0,0.005003
0,0.000066
0,0.000141
0,0.274654
0,0.044279
0,0.029106
0,0.043291
0,0.002600
0,0.316770
0,0.188898
0,0.000168
0,0.003485
0,0.000892
0,0.900422
0,0.004570
0,0.093984
0,0.000006
0,0.026578
0,0.000344
0,0.009244
0,0.000673
0,0.006747
0,0.000019
0,0.262385
0,0.880560
0,0.004713
0,0.007042
0,0.471380
0,0.000343
0,0.013252
0,0.000067
0,0.000204
0,0.007454
0,0.013377
0,0.092185
0,0.076184
0,0.000252
0,0.000001
0,0.002128
0,0.000010
0,0.000687
0,0.000173
0,0.005078
0,0.000384
0,0.006221
0,0.351593
0,0.008094
0,0.003508
0,0.000340
0,0.062696
0,0.132727
0,0.017771
0,0.243707
0,0.003931
0,0.973005
0,0.000118
0,0.789616
0,0.002732
0,0.014765
0,0.000005
0,0.000008
0,0.000342
0,0.000182
0,0.027674
0,0.000081
0,0.029898
0,0.014266
0,0.000048
0,0.515293
0,0.300189
0,0.414248
0,0.638665
0,0.065752
0,0.239063
0,0.000001
0,0.000012
0,0.001416
0,0.000901
0,0.186160
0,0.018157
0,0.261515
0,0.002174
0,0.036161
0,0.000934
0,0.000189
0,0.859045
0,0.009306
0,0.000100
0,0.035108
0,0.989616
0,0.236347
0,0.001184
0,0.005016
0,0.009125
0,0.000810
0,0.002576
0,0.018499
0,0.224743
0,0.034726
0,0.019859
0,0.462026
0,0.886923
0,0.000013
0,0.000484
0,0.000023
0,0.047526
0,0.722965
0,0.000604
0,0.471943
0,0.008505
0,0.423375
0,0.969717
0,0.066178
0,0.002258
0,0.069021
0,0.663311
0,0.606437
0,0.009229
0,0.045905
0,0.010198
0,0.000640
0,0.042967
0,0.000001
0,0.000257
0,0.109750
0,0.683868
0,0.041135
0,0.073806
0,0.000075
0,0.000606
0,0.010705
0,0.000317
0,0.031813
0,0.077888
0,0.995837
0,0.000027
0,0.046357
0,0.031944
0,0.001983
0,0.060385
0,0.055107
0,0.019563
0,0.000057
0,0.019558
0,0.003239
0,0.000064
0,0.046838
0,0.000543
0,0.005723
0,0.000230
0,0.022255
0,0.000018
0,0.000041
0,0.669837
0,0.342977
0,0.000053
0,0.000252
0,0.002331
0,0.942357
0,0.001806
0,0.645305
0,0.007018
0,0.008835
0,0.001041
0,0.000045
0,0.000117
0,0.034289
0,0.048342
0,0.016769
0,0.000007
0,0.000075
0,0.000001
0,0.332245
0,0.000795
0,0.000060
0,0.000013
0,0.000087
0,0.010938
0,0.001660
0,0.000471
0,0.041911
0,0.343558
0,0.000042
0,0.001447
0,0.003672
0,0.001214
0,0.008591
0,0.057498
0,0.000394
0,0.000111
0,0.277217
0,0.000110
0,0.000628
0,0.316890
0,0.110914
0,0.179005
0,0.802873
0,0.178502
0,0.000002
0,0.120128
0,0.136222
0,0.000002
0,0.138367
0,0.002379
0,0.000186
0,0.090638
0,0.002237
0,0.000004
0,0.005698
0,0.009593
0,0.000522
0,0.027854
0,0.000004
0,0.077935
0,0.545873
0,0.179504
0,0.012547
0,0.956543
0,0.000025
0,0.002036
0,0.000056
0,0.000211
0,0.000001
0,0.000021
0,0.000006
0,0.000319
0,0.003072
0,0.000269
0,0.004537
0,0.001844
0,0.002004
0,0.298065
0,0.045773
0,0.002671
0,0.327014
0,0.004150
0,0.000326
0,0.001785
0,0.000333
0,0.011050
0,0.000101
0,0.057404
0,0.002364
0,0.000268
0,0.275347
0,0.035291
0,0.000002
0,0.162560
0,0.000049
0,0.000001
0,0.344931
0,0.000299
0,0.141508
0,0.134134
0,0.012221
0,0.000042
0,0.049250
0,0.003357
0,0.000250
0,0.963308
0,0.000119
0,0.980427
0,0.000159
0,0.000287
0,0.139168
0,0.304460
0,0.010420
0,0.116283
1,0.182899
0,0.128927
0,0.118858
0,0.086974
0,0.006474
0,0.316514
0,0.771046
0,0.000606
0,0.000689
0,0.001696
0,0.051846
0,0.617262
0,0.023214
0,0.912897
0,0.399766
0,0.017900
0,0.000031
0,0.271161
0,0.070593
0,0.306010
0,0.005169
0,0.004374
0,0.642980
0,0.000021
0,0.000001
0,0.001210
0,0.234546
0,0.007780
0,0.015027
0,0.002249
0,0.000211
0,0.000044
0,0.007771
0,0.001011
0,0.002122
0,0.182153
0,0.784062
0,0.000932
0,0.000219
0,0.001027
0,0.006715
0,0.021141
0,0.899818
0,0.003322
0,0.248654
0,0.885175
0,0.005597
0,0.102833
0,0.003101
0,0.000057
0,0.003042
0,0.006342
0,0.168165
0,0.000500
0,0.001507
0,0.001047
0,0.000380
0,0.055954
0,0.000784
0,0.011613
0,0.005762
0,0.931692
0,0.000442
0,0.000217
1,0.980096
0,0.992884
0,0.055427
0,0.007800
0,0.000300
0,0.000890
0,0.000017
0,0.426691
0,0.000082
0,0.041713
0,0.032881
0,0.003589
0,0.015475
0,0.283865
0,0.220968
0,0.404089
0,0.007465
0,0.284516
0,0.092637
0,0.199424
0,0.000957
0,0.000123
0,0.063052
0,0.372356
0,0.004714
0,0.000226
0,0.588646
0,0.000061
0,0.000339
0,0.126085
0,0.495740
0,0.000457
0,0.000493
0,0.000038
0,0.019663
0,0.023801
0,0.480248
0,0.238117
0,0.000711
0,0.044175
0,0.000001
0,0.000302
0,0.000139
0,0.969119
0,0.002141
0,0.000411
0,0.001208
0,0.016492
0,0.115033
0,0.000513
0,0.764095
0,0.000050
0,0.001020
0,0.028386
0,0.003883
0,0.000085
0,0.000029
0,0.000569
0,0.000278
0,0.301941
0,0.001685
0,0.000255
0,0.339362
0,0.957790
0,0.399555
0,0.000874
0,0.037229
0,0.857270
0,0.967952
0,0.000179
0,0.638642
0,0.602156
0,0.000264
0,0.000186
0,0.000002
0,0.000926
0,0.013248
0,0.140207
0,0.000050
0,0.948394
0,0.002358
0,0.015674
0,0.003890
0,0.177841
0,0.000015
0,0.000030
0,0.002200
0,0.000495
0,0.003284
0,0.000845
0,0.000033
0,0.561478
0,0.000862
0,0.008937
0,0.058545
0,0.011231
0,0.037821
0,0.594649
0,0.039872
0,0.006607
0,0.000530
0,0.000004
0,0.023464
0,0.001638
0,0.001029
0,0.791534
0,0.015152
0,0.000090
0,0.044095
0,0.273410
0,0.002050
0,0.000852
0,0.015700
0,0.000001
0,0.001037
0,0.012423
0,0.001068
0,0.991777
0,0.000296
0,0.001461
0,0.024831
0,0.084341
0,0.292994
0,0.019376
0,0.007567
0,0.485029
0,0.568586
0,0.024987
0,0.089770
0,0.052472
0,0.179107
0,0.000927
0,0.004153
0,0.002208
0,0.009831
0,0.005367
0,0.000128
0,0.179262
0,0.170294
0,0.000013
0,0.000118
0,0.700646
0,0.187403
0,0.000634
0,0.007281
0,0.028211
0,0.000449
0,0.000001
0,0.006599
0,0.021892
0,0.001228
0,0.000129
0,0.097389
0,0.610899
0,0.005300
0,0.296409
0,0.076390
0,0.053903
0,0.927363
0,0.845464
0,0.003500
0,0.014087
0,0.776304
0,0.866718
0,0.000545
0,0.000882
0,0.032149
0,0.000087
0,0.913436
0,0.072915
0,0.638731
0,0.550286
0,0.132303
0,0.011214
0,0.005140
0,0.343483
0,0.032781
0,0.026196
0,0.045867
0,0.013328
0,0.000048
0,0.192505
0,0.000575
0,0.143858
0,0.157523
0,0.005849
0,0.016355
0,0.069568
0,0.000001
0,0.000069
0,0.850491
0,0.003112
0,0.021678
0,0.002380
0,0.000352
0,0.000287
0,0.009427
0,0.026081
0,0.000187
0,0.076702
0,0.026265
0,0.000036
0,0.000107
0,0.005500
0,0.000216
0,0.014005
0,0.997032
0,0.000003
0,0.135381
0,0.000099
0,0.001089
0,0.000580
0,0.000273
0,0.014555
0,0.001950
0,0.001466
0,0.007729
0,0.007929
0,0.096828
0,0.000002
0,0.867421
0,0.637903
0,0.917539
0,0.116651
0,0.106641
1,0.998975
0,0.781006
0,0.581250
0,0.270569
0,0.028686
0,0.902133
0,0.000032
0,0.000357
0,0.000846
0,0.002718
0,0.200579
0,0.015580
0,0.068674
0,0.000010
0,0.018486
0,0.011303
0,0.181978
0,0.806065
0,0.006034
0,0.000772
0,0.956902
0,0.002981
0,0.005882
0,0.255682
0,0.001000
0,0.070965
0,0.000026
0,0.006916
0,0.378954
0,0.961265
0,0.026548
0,0.000011
0,0.677441
0,0.009914
0,0.000009
0,0.014682
0,0.000592
0,0.903804
0,0.760672
0,0.000522
0,0.001242
0,0.004315
0,0.001359
0,0.000017
0,0.995399
0,0.004051
0,0.083148
0,0.006605
0,0.000181
0,0.000006
0,0.780274
0,0.036257
0,0.005960
0,0.036496
0,0.001314
0,0.000033
0,0.303480
0,0.001251
0,0.000082
0,0.000996
0,0.014352
0,0.000069
0,0.000011
0,0.000391
0,0.002725
0,0.591497
0,0.000131
0,0.318003
0,0.665137
0,0.005004
0,0.000001
0,0.914745
0,0.028523
0,0.533081
0,0.637770
0,0.898212
0,0.072359
0,0.000082
0,0.008395
0,0.000111
0,0.094452
0,0.014918
0,0.000098
0,0.046900
0,0.115971
0,0.238366
0,0.003940
0,0.000091
0,0.000825
0,0.000502
0,0.000007
0,0.022701
0,0.045271
0,0.020237
0,0.210654
0,0.079794
0,0.008483
0,0.001005
0,0.000133
0,0.000027
0,0.002852
0,0.009680
0,0.004991
0,0.000023
0,0.024414
0,0.000004
0,0.757240
0,0.559167
0,0.000602
0,0.201442
0,0.073094
0,0.103441
0,0.009474
0,0.901509
0,0.017292
0,0.000015
0,0.002450
0,0.855413
0,0.003363
0,0.004349
0,0.098764
0,0.000043
0,0.000902
0,0.000401
0,0.058259
0,0.001952
0,0.000021
0,0.021412
0,0.013306
0,0.004155
0,0.016659
0,0.001174
0,0.001198
0,0.003977
0,0.942063
0,0.039649
1,0.998514
0,0.001394
0,0.165285
0,0.007922
0,0.002870
0,0.433676
0,0.000005
0,0.001436
0,0.001509
1,0.854063
0,0.004296
0,0.001446
0,0.007157
0,0.000037
0,0.008925
0,0.758335
0,0.000203
0,0.004681
0,0.114984
0,0.002035
0,0.009290
0,0.001263
0,0.077889
0,0.001488
0,0.077806
0,0.000653
0,0.000001
0,0.005635
0,0.134930
0,0.004629
1,0.999992
0,0.002973
0,0.097148
0,0.000147
0,0.000001
0,0.006303
0,0.015860
0,0.000015
0,0.002423
0,0.001218
0,0.000055
0,0.016810
0,0.060429
0,0.022801
0,0.056421
0,0.001397
0,0.060714
0,0.088925
0,0.000009
0,0.009671
0,0.623854
0,0.000257
0,0.000049
0,0.037664
0,0.000001
0,0.056516
0,0.972230
0,0.004252
0,0.009429
0,0.029036
0,0.001880
0,0.002345
0,0.000444
0,0.002607
0,0.058132
0,0.433949
0,0.003897
0,0.000001
0,0.000425
0,0.000088
0,0.003626
0,0.000067
0,0.000167
0,0.208334
0,0.034864
0,0.093420
0,0.000012
0,0.000142
0,0.000005
1,0.993897
0,0.003308
0,0.000055
0,0.285687
0,0.000185
0,0.000053
0,0.094204
0,0.758127
0,0.000047
0,0.000016
0,0.228295
0,0.000449
0,0.002954
0,0.806178
0,0.000467
0,0.063030
0,0.032432
0,0.024669
0,0.050469
0,0.061831
0,0.075063
0,0.001474
0,0.001738
0,0.000003
0,0.075369
0,0.248010
0,0.002225
0,0.982659
0,0.003986
0,0.003602
0,0.024252
0,0.173118
0,0.000786
0,0.020067
0,0.943592
0,0.000115
0,0.276802
0,0.009871
0,0.027357
0,0.015175
0,0.319469
0,0.000337
0,0.001599
0,0.001514
0,0.589678
0,0.000107
0,0.362049
0,0.131967
0,0.162427
0,0.000185
0,0.189810
0,0.000048
0,0.000009
0,0.047964
0,0.000304
0,0.481099
0,0.000723
0,0.016063
0,0.001015
0,0.214911
0,0.000102
0,0.000011
0,0.010034
0,0.000152
0,0.002345
0,0.007157
0,0.000001
0,0.028144
0,0.062768
0,0.000214
0,0.937607
0,0.000190
0,0.008700
0,0.043457
0,0.020223
0,0.000214
0,0.000627
0,0.749703
0,0.481057
0,0.899067
0,0.252638
0,0.050536
0,0.764099
0,0.000293
0,0.977554
0,0.008140
0,0.039958
1,0.012513
0,0.000908
0,0.000279
0,0.005821
0,0.000062
0,0.002302
0,0.001893
0,0.008874
0,0.000081
0,0.945796
0,0.001081
0,0.104449
0,0.012286
0,0.000525
0,0.001396
0,0.008027
0,0.186170
0,0.015376
0,0.479024
0,0.007504
0,0.000072
0,0.128785
0,0.006118
0,0.000328
0,0.007782
0,0.001087
0,0.008461
0,0.059659
0,0.013032
0,0.000004
0,0.003337
0,0.129477
0,0.000078
0,0.001720
0,0.995836
0,0.342839
0,0.000030
0,0.003266
0,0.042803
0,0.000016
0,0.965177
0,0.097006
0,0.004963
0,0.129216
0,0.008647
0,0.173904
0,0.800413
0,0.000059
0,0.000160
0,0.004348
0,0.224610
0,0.000061
0,0.046899
0,0.006512
0,0.026368
0,0.002605
0,0.247194
0,0.966019
0,0.873210
0,0.000173
0,0.567162
0,0.001261
0,0.005857
0,0.000204
0,0.720044
0,0.000010
0,0.000028
0,0.007330
0,0.947286
0,0.061288
0,0.000366
0,0.001366
0,0.054673
0,0.000213
0,0.219903
0,0.595733
0,0.000017
0,0.004623
0,0.050135
0,0.017398
0,0.000300
0,0.011707
0,0.000031
0,0.002747
0,0.000025
0,0.142096
0,0.079101
0,0.116194
0,0.007039
0,0.032883
0,0.000112
0,0.001196
0,0.339452
0,0.001651
0,0.714295
0,0.000077
0,0.503688
0,0.022160
0,0.019286
0,0.016477
0,0.000752
0,0.005813
0,0.013139
0,0.258119
0,0.012757
0,0.012592
0,0.001418
0,0.000284
0,0.057206
0,0.028017
0,0.042325
0,0.002927
0,0.545253
0,0.009924
0,0.002426
0,0.051058
0,0.019681
0,0.035936
0,0.063680
0,0.000003
0,0.137335
0,0.062332
0,0.000168
0,0.013172
0,0.335546
0,0.066919
0,0.000002
0,0.000002
0,0.001361
0,0.631346
0,0.447608
0,0.109475
0,0.000094
0,0.163583
0,0.000068
0,0.000830
0,0.000081
0,0.825679
0,0.049077
0,0.509716
0,0.021820
0,0.000118
0,0.047695
0,0.461744
0,0.000425
0,0.000100
0,0.002505
0,0.000613
0,0.001560
0,0.021494
0,0.062913
0,0.005502
0,0.001597
0,0.000012
0,0.071512
0,0.026255
0,0.000501
0,0.001273
0,0.004046
0,0.000043
0,0.095172
0,0.000040
0,0.000693
0,0.006781
0,0.086373
0,0.011347
0,0.000015
0,0.030717
0,0.000001
0,0.000677
0,0.442361
0,0.002880
0,0.000001
0,0.111928
0,0.063326
0,0.099238
0,0.000056
0,0.056809
0,0.984303
0,0.109155
0,0.000085
0,0.001821
0,0.000049
0,0.000233
0,0.002604
0,0.439298
0,0.057247
0,0.067643
0,0.008141
0,0.008581
0,0.000003
0,0.013233
0,0.000050
0,0.004679
0,0.256818
0,0.570444
0,0.001421
0,0.010526
0,0.060379
0,0.269484
0,0.000070
0,0.005985
0,0.000050
0,0.003702
0,0.024021
0,0.000015
0,0.000336
0,0.021488
0,0.004488
0,0.116066
0,0.001298
0,0.416392
0,0.916898
0,0.000207
0,0.007064
0,0.003015
0,0.018645
0,0.001482
0,0.001748
0,0.182314
0,0.064473
0,0.013339
0,0.000681
0,0.003072
0,0.004213
0,0.000513
0,0.004222
0,0.035975
0,0.002022
0,0.604461
0,0.038452
0,0.000279
0,0.000059
0,0.003971
0,0.036959
0,0.067002
0,0.017933
0,0.000799
0,0.003177
1,0.461779
0,0.000025
1,0.839844
0,0.121616
0,0.918304
0,0.003544
0,0.750094
0,0.001911
0,0.126130
0,0.000040
0,0.024867
0,0.003639
0,0.003710
0,0.617142
0,0.002527
0,0.000257
0,0.759235
0,0.054058
0,0.000245
0,0.007005
0,0.003147
0,0.004138
0,0.000754
0,0.197699
0,0.371080
0,0.012699
0,0.209222
0,0.021715
0,0.000021
0,0.000816
0,0.000003
0,0.000303
0,0.001495
0,0.000185
0,0.071338
0,0.000516
0,0.000268
0,0.312278
0,0.007996
0,0.000806
0,0.000262
0,0.884138
0,0.025434
0,0.000045
1,0.999389
0,0.007636
0,0.068674
0,0.038175
0,0.010164
0,0.181538
0,0.056522
0,0.767368
0,0.000003
0,0.077145
0,0.968068
0,0.178957
0,0.000241
0,0.000524
0,0.000001
0,0.000336
0,0.000006
0,0.000004
0,0.000030
0,0.829004
0,0.969714
0,0.000108
0,0.003885
0,0.001230
0,0.034081
0,0.012829
0,0.000006
0,0.036095
0,0.000502
0,0.160782
0,0.709000
0,0.248393
0,0.029770
0,0.277089
0,0.203325
0,0.387397
0,0.000073
0,0.000001
0,0.912562
0,0.111626
0,0.038751
0,0.042108
0,0.000114
0,0.216491
0,0.000129
0,0.122333
0,0.003035
0,0.027659
0,0.991091
0,0.012652
0,0.075586
0,0.023827
0,0.000001
0,0.000223
0,0.008784
0,0.246279
0,0.850298
0,0.002948
0,0.001766
0,0.000046
0,0.002847
0,0.025419
0,0.000083
0,0.000453
0,0.229131
0,0.040763
0,0.000429
0,0.026424
0,0.319033
0,0.001503
0,0.001732
0,0.330124
0,0.019695
0,0.131297
0,0.000374
0,0.001260
0,0.000866
0,0.647238
0,0.369890
0,0.000458
0,0.311510
0,0.643579
0,0.002367
0,0.019304
0,0.025103
0,0.985531
0,0.009030
0,0.330993
0,0.000302
0,0.143869
0,0.348138
0,0.003504
1,0.993192
0,0.002830
0,0.025839
0,0.407655
0,0.542325
0,0.128843
0,0.000037
0,0.929886
0,0.000060
0,0.027643
0,0.966982
0,0.005520
0,0.009061
0,0.000115
0,0.013356
0,0.003261
0,0.126483
0,0.002002
0,0.009659
0,0.081085
0,0.132499
0,0.301034
0,0.084416
0,0.013374
0,0.000111
0,0.003090
0,0.000134
0,0.000245
0,0.040348
0,0.001355
0,0.000008
0,0.767538
0,0.000179
0,0.043757
0,0.240488
0,0.000033
0,0.000007
0,0.058668
0,0.000073
0,0.306104
0,0.000256
0,0.047262
0,0.000755
0,0.953238
0,0.400077
0,0.000151
0,0.000418
0,0.031868
0,0.365861
0,0.039082
0,0.000671
0,0.662803
0,0.000182
0,0.000056
0,0.000102
0,0.034713
0,0.000219
0,0.000621
0,0.000024
0,0.009167
0,0.043485
0,0.006520
0,0.178400
0,0.106877
0,0.036392
0,0.897690
0,0.000211
0,0.836349
0,0.071601
0,0.000150
0,0.000081
0,0.004458
0,0.000125
0,0.027076
0,0.973011
0,0.400770
0,0.064182
0,0.000184
0,0.003573
0,0.000026
0,0.000027
0,0.521680
0,0.001246
0,0.096884
0,0.010046
0,0.000002
0,0.000004
0,0.000740
0,0.035066
0,0.747105
0,0.996903
0,0.001060
0,0.000038
0,0.051149
0,0.000877
0,0.196451
0,0.001443
0,0.003742
0,0.643227
0,0.000192
0,0.002538
0,0.950287
0,0.034018
0,0.252637
0,0.000148
0,0.009153
0,0.000085
0,0.000013
0,0.000229
0,0.004121
0,0.000300
0,0.000189
0,0.000816
0,0.000681
0,0.001130
0,0.015579
0,0.203755
0,0.011108
0,0.869604
0,0.077076
0,0.020091
0,0.000229
0,0.000078
0,0.016009
0,0.360651
0,0.000800
0,0.000012
0,0.001377
0,0.000186
0,0.509790
0,0.931733
0,0.000272
0,0.002852
0,0.004323
0,0.790740
0,0.264056
0,0.573403
0,0.999183
0,0.050407
0,0.008811
0,0.002091
0,0.000102
0,0.667813
0,0.037355
0,0.104378
0,0.127697
0,0.001620
0,0.000252
0,0.033922
0,0.158454
0,0.013312
0,0.124710
0,0.000072
0,0.000050
0,0.001568
0,0.000320
0,0.111252
0,0.001686
0,0.000151
0,0.001764
0,0.000254
0,0.003861
0,0.002982
0,0.000364
0,0.001253
0,0.000176
0,0.000032
0,0.387045
0,0.472448
0,0.011153
0,0.010108
0,0.000303
0,0.000001
0,0.000276
0,0.124241
0,0.097383
0,0.006897
0,0.511329
0,0.000149
0,0.025013
0,0.082663
0,0.493291
0,0.000005
0,0.003120
0,0.053031
0,0.000086
0,0.015865
0,0.090771
0,0.000084
0,0.136827
0,0.034739
0,0.131660
0,0.000033
0,0.008034
0,0.003648
0,0.035082
0,0.004028
0,0.001752
0,0.018258
0,0.000095
0,0.000196
0,0.000112
0,0.031245
0,0.012495
0,0.001755
0,0.253218
0,0.056896
0,0.000525
0,0.016405
0,0.005895
0,0.006747
0,0.000066
0,0.049134
0,0.000168
0,0.000063
0,0.001041
0,0.503000
0,0.031427
0,0.000116
0,0.004613
0,0.007567
0,0.380416
0,0.484453
0,0.004364
0,0.024764
0,0.059046
0,0.396764
0,0.019708
0,0.101960
0,0.009658
0,0.277814
0,0.005878
0,0.939810
0,0.001569
0,0.010588
0,0.021017
0,0.001717
0,0.000681
0,0.184874
0,0.491237
0,0.000998
0,0.041230
0,0.036434
0,0.798278
0,0.001063
0,0.074011
0,0.000969
0,0.720385
0,0.015734
0,0.024345
0,0.399518
0,0.001050
0,0.166028
0,0.000419
0,0.440766
0,0.001049
0,0.004988
0,0.010791
0,0.001812
0,0.507024
0,0.000740
0,0.501218
0,0.297516
0,0.009041
0,0.006357
0,0.166044
0,0.302084
0,0.969974
0,0.000175
0,0.002990
0,0.419807
0,0.337217
0,0.086107
0,0.000039
0,0.000207
0,0.032992
0,0.010499
0,0.002004
0,0.013789
0,0.319421
0,0.000059
0,0.006656
0,0.953762
0,0.094947
0,0.001376
0,0.000002
0,0.943063
0,0.262773
0,0.992865
0,0.000011
0,0.000015
0,0.019340
0,0.000248
0,0.006616
0,0.000145
0,0.000004
0,0.104581
0,0.000009
0,0.000175
0,0.000017
0,0.001206
0,0.017548
0,0.181670
0,0.009012
0,0.002646
0,0.039946
0,0.000013
0,0.302767
0,0.026736
0,0.062345
0,0.609690
0,0.063535
0,0.000006
0,0.001156
0,0.008698
0,0.000881
0,0.301521
0,0.969522
0,0.030067
0,0.001314
0,0.139522
0,0.078718
0,0.004009
0,0.000827
0,0.000142
0,0.001645
0,0.028107
0,0.167889
0,0.002860
0,0.000524
0,0.000002
0,0.000328
0,0.998514
0,0.015224
0,0.046528
0,0.977959
0,0.401017
0,0.000242
0,0.007775
0,0.915735
0,0.072068
0,0.059064
0,0.032573
0,0.008232
0,0.002520
0,0.003431
0,0.004391
0,0.006330
0,0.191889
0,0.037387
0,0.002911
0,0.000196
0,0.942043
0,0.570639
0,0.000847
0,0.000027
0,0.000042
0,0.000001
0,0.037880
0,0.000043
0,0.004847
0,0.005577
0,0.001598
0,0.000736
0,0.012946
0,0.021689
0,0.009679
0,0.000076
0,0.000534
0,0.005554
0,0.018340
0,0.022696
0,0.000021
0,0.001468
0,0.021252
0,0.013654
0,0.158537
0,0.657685
0,0.002615
1,0.999890
0,0.009433
0,0.000243
0,0.007688
0,0.578047
0,0.901045
0,0.000014
0,0.000150
0,0.010617
0,0.055473
0,0.000058
0,0.127040
0,0.002072
0,0.025327
0,0.008905
0,0.001506
0,0.000916
0,0.155734
0,0.011309
0,0.697277
0,0.000025
0,0.115647
0,0.000120
0,0.077805
0,0.441765
0,0.004945
0,0.002512
0,0.012228
0,0.001119
0,0.491173
0,0.000724
0,0.007836
0,0.010062
0,0.000575
0,0.021461
0,0.849002
0,0.031668
0,0.003919
0,0.000011
0,0.504826
0,0.003197
0,0.800209
0,0.004513
0,0.046653
0,0.831677
0,0.001454
0,0.212997
0,0.136099
0,0.003323
0,0.005063
0,0.152861
0,0.006243
0,0.001703
0,0.091997
0,0.000018
0,0.000020
0,0.989277
0,0.001384
0,0.001825
0,0.001374
0,0.000620
0,0.001852
0,0.015850
0,0.002802
0,0.245225
0,0.057640
0,0.000284
0,0.002442
0,0.000028
0,0.011760
0,0.001025
0,0.000018
0,0.000473
0,0.000661
0,0.000033
0,0.005462
0,0.008808
0,0.004531
0,0.013377
0,0.671451
0,0.008677
0,0.010390
0,0.728768
0,0.000221
0,0.027034
0,0.522668
0,0.000206
0,0.939240
0,0.000187
0,0.698514
0,0.118321
0,0.002458
0,0.003888
0,0.003180
0,0.021047
1,0.996971
0,0.000522
0,0.000117
0,0.005001
0,0.007145
0,0.016438
0,0.000013
0,0.000318
0,0.047269
0,0.021430
0,0.002227
0,0.067976
0,0.011216
0,0.002875
0,0.000005
0,0.166395
0,0.006151
0,0.000431
0,0.544786
0,0.000270
0,0.000825
1,0.682371
0,0.005047
0,0.013197
0,0.000150
0,0.000051
0,0.020095
0,0.016424
0,0.001854
0,0.075397
0,0.007297
0,0.027554
0,0.273777
0,0.003285
0,0.474854
0,0.005382
0,0.192523
0,0.011456
0,0.248674
0,0.001947
0,0.000427
0,0.000035
0,0.004148
0,0.000290
0,0.050290
0,0.913389
0,0.097192
0,0.131596
0,0.968122
0,0.318536
0,0.948770
0,0.163959
0,0.407889
0,0.004698
0,0.567967
0,0.021936
0,0.037739
0,0.002868
0,0.000323
0,0.004491
0,0.084529
0,0.012621
0,0.166915
0,0.003944
0,0.000331
0,0.371310
0,0.002579
0,0.000178
0,0.002923
0,0.219719
0,0.000030
0,0.000360
0,0.001123
0,0.000001
0,0.071532
0,0.000009
0,0.954878
0,0.003080
0,0.002989
0,0.000100
0,0.000080
0,0.000051
0,0.000021
0,0.014123
0,0.008121
0,0.000043
0,0.139643
0,0.238040
0,0.200501
0,0.000001
0,0.002090
0,0.116982
0,0.068375
0,0.000082
0,0.076796
0,0.002270
0,0.043900
0,0.008756
0,0.002030
0,0.000005
0,0.042792
0,0.000111
0,0.000079
0,0.052160
0,0.001629
0,0.054448
0,0.000007
0,0.053758
0,0.518968
0,0.143273
0,0.005692
0,0.909828
0,0.000539
0,0.000237
0,0.014343
0,0.009358
0,0.000056
0,0.840667
0,0.054108
0,0.004630
0,0.000091
0,0.071587
0,0.279059
0,0.000090
0,0.073194
0,0.021515
0,0.000439
0,0.000001
0,0.143085
0,0.000058
0,0.000767
0,0.141188
0,0.930668
0,0.089508
0,0.449902
0,0.262024
0,0.021953
0,0.007470
0,0.000527
0,0.488467
0,0.016320
0,0.005312
0,0.001876
0,0.021412
0,0.002227
0,0.009678
0,0.020473
0,0.000405
0,0.004639
0,0.005425
0,0.733302
0,0.000233
0,0.000725
0,0.000002
0,0.605957
0,0.044105
0,0.019798
1,0.999999
0,0.018129
0,0.002165
0,0.018233
0,0.921453
0,0.001422
0,0.002671
0,0.018884
0,0.016520
0,0.003791
0,0.165075
0,0.955156
0,0.000588
0,0.000757
0,0.004550
0,0.000045
0,0.004746
0,0.000002
0,0.001350
0,0.006021
0,0.291393
0,0.938303
0,0.089877
0,0.001316
0,0.000008
0,0.792591
0,0.000046
0,0.644664
0,0.001945
0,0.077499
0,0.000257
0,0.009657
0,0.000226
0,0.050921
0,0.000227
0,0.000011
0,0.002863
0,0.000263
0,0.002481
0,0.000346
0,0.001285
0,0.000001
0,0.000001
0,0.000140
0,0.000016
0,0.001264
0,0.071085
0,0.020782
0,0.002871
0,0.293082
0,0.000365
0,0.070477
0,0.001984
0,0.009808
0,0.179637
0,0.000142
0,0.002718
0,0.000205
0,0.043360
0,0.642512
0,0.036513
0,0.006313
0,0.004075
0,0.086809
0,0.667354
0,0.006098
0,0.000014
0,0.000074
0,0.001473
0,0.000045
0,0.016292
0,0.057617
0,0.037311
0,0.609428
0,0.000019
0,0.010230
0,0.001029
0,0.002111
0,0.000019
0,0.006950
0,0.001722
0,0.001400
0,0.294003
0,0.767851
0,0.006327
0,0.000377
0,0.007514
0,0.045289
0,0.000003
0,0.000001
0,0.000617
0,0.001639
0,0.001645
0,0.818255
0,0.388120
0,0.000094
0,0.001336
0,0.000156
0,0.036447
0,0.595982
0,0.639065
0,0.000870
0,0.000310
0,0.594481
0,0.001325
0,0.394111
0,0.202549
0,0.003693
0,0.000858
0,0.000097
0,0.000001
0,0.000031
0,0.010791
0,0.190203
0,0.038047
0,0.000073
0,0.841709
0,0.019290
0,0.025008
0,0.964695
0,0.000015
0,0.003761
0,0.085835
0,0.730299
0,0.059368
0,0.000423
0,0.067185
0,0.000105
0,0.080126
0,0.459969
0,0.002100
0,0.003745
0,0.030661
0,0.010314
0,0.000037
0,0.767418
0,0.007418
0,0.518228
0,0.000414
0,0.012352
0,0.074872
0,0.000241
0,0.003447
0,0.000675
0,0.307378
0,0.000049
0,0.354641
0,0.000244
0,0.018493
0,0.009729
0,0.719311
0,0.009989
0,0.542678
0,0.000307
0,0.039585
0,0.000036
0,0.001546
0,0.000154
0,0.083362
0,0.219729
0,0.000564
0,0.000537
0,0.004335
0,0.309005
0,0.144685
0,0.000074
0,0.205994
0,0.356605
0,0.021714
0,0.003680
0,0.035901
0,0.994904
0,0.000021
0,0.004808
0,0.470046
0,0.273687
0,0.700020
0,0.000002
0,0.000055
0,0.000961
0,0.004413
0,0.181329
0,0.001484
0,0.443088
0,0.026351
0,0.188475
0,0.041127
0,0.015039
0,0.000960
0,0.000368
0,0.091687
0,0.000375
0,0.012453
0,0.001826
0,0.002142
0,0.000223
0,0.001994
0,0.000967
0,0.000037
0,0.000033
0,0.007517
0,0.436813
0,0.441174
0,0.415890
0,0.397635
0,0.000534
0,0.000026
0,0.394200
0,0.003139
0,0.522871
0,0.000081
0,0.007808
0,0.003070
0,0.000027
0,0.002999
0,0.018730
0,0.002467
0,0.000123
0,0.000011
0,0.000014
0,0.000249
0,0.044535
0,0.006491
0,0.000643
0,0.527830
0,0.010714
0,0.001905
0,0.001016
0,0.078743
0,0.041469
0,0.000019
0,0.929840
0,0.000431
0,0.000006
0,0.000137
0,0.780496
0,0.474331
0,0.877063
1,0.989415
1,0.999887
0,0.000183
0,0.015766
0,0.002707
0,0.027424
0,0.000053
0,0.000003
0,0.002051
0,0.208307
0,0.020180
0,0.314624
0,0.006820
0,0.009151
0,0.035544
0,0.753769
0,0.182012
0,0.670430
0,0.000082
0,0.001231
0,0.371911
0,0.005599
0,0.739098
1,0.999940
0,0.015112
0,0.030228
0,0.000558
0,0.018559
0,0.000592
0,0.003925
0,0.135116
0,0.008220
0,0.000165
0,0.014760
0,0.071918
0,0.011260
0,0.008409
0,0.002817
0,0.654797
0,0.018423
0,0.069312
0,0.000014
0,0.000325
0,0.056913
0,0.008406
0,0.581614
0,0.000001
0,0.000356
0,0.088061
0,0.000001
0,0.017207
0,0.000988
0,0.000803
0,0.016290
0,0.000348
0,0.571525
0,0.410632
0,0.000067
0,0.015910
0,0.007960
0,0.005074
0,0.001199
0,0.353058
0,0.000044
0,0.003374
0,0.003789
0,0.000001
0,0.001996
0,0.011831
1,0.999807
0,0.004202
0,0.006816
0,0.000056
0,0.005343
0,0.000005
0,0.001387
0,0.007041
0,0.019272
0,0.407990
0,0.053231
0,0.259111
0,0.214600
0,0.003074
0,0.000390
0,0.002404
0,0.000437
0,0.000015
0,0.034130
0,0.090959
0,0.929878
0,0.297303
0,0.533368
0,0.057439
0,0.770929
0,0.033372
0,0.026186
0,0.002240
0,0.000086
0,0.008966
0,0.116026
0,0.000007
0,0.000028
0,0.000102
0,0.000013
0,0.002265
0,0.955760
0,0.771522
0,0.000006
0,0.005111
0,0.848639
0,0.000008
0,0.022474
0,0.007947
0,0.000764
0,0.630453
0,0.010811
0,0.000006
0,0.000566
0,0.000244
0,0.609563
0,0.007137
0,0.000223
0,0.005193
0,0.021030
0,0.908585
0,0.243787
0,0.000444
0,0.023175
0,0.012706
0,0.121392
0,0.000068
0,0.012069
0,0.670064
0,0.450990
0,0.145207
0,0.004947
0,0.044414
0,0.000011
0,0.030015
0,0.977149
0,0.625754
0,0.000937
0,0.000064
0,0.382247
0,0.000842
0,0.005333
0,0.188932
0,0.763832
0,0.000009
0,0.000005
0,0.005827
0,0.000181
0,0.000022
0,0.000053
0,0.035312
0,0.012066
0,0.038011
0,0.000325
0,0.000022
0,0.218379
0,0.016031
0,0.032707
0,0.895672
0,0.000010
0,0.001948
0,0.453736
0,0.000928
0,0.003704
0,0.027298
0,0.687822
0,0.000012
0,0.000161
0,0.000164
0,0.005213
0,0.932759
0,0.018954
0,0.008091
0,0.000024
0,0.882845
0,0.000589
0,0.000329
0,0.521881
0,0.000319
0,0.018925
0,0.000004
0,0.622263
0,0.004683
0,0.127360
0,0.034986
0,0.000114
0,0.000956
0,0.112586
0,0.932228
0,0.000458
0,0.011828
0,0.000046
0,0.004561
0,0.263723
0,0.021976
0,0.001891
0,0.000318
0,0.000496
0,0.444665
0,0.000721
0,0.116352
0,0.056814
0,0.000001
0,0.000001
0,0.000328
0,0.078802
0,0.001893
0,0.034677
0,0.004197
0,0.016820
0,0.000479
0,0.003830
0,0.008801
0,0.000038
0,0.019374
0,0.016022
0,0.000139
0,0.000002
0,0.002627
0,0.104349
0,0.325483
0,0.000073
1,0.997353
0,0.027479
0,0.007783
0,0.001987
0,0.153057
0,0.580637
0,0.000174
0,0.064793
0,0.009854
0,0.656691
0,0.010267
0,0.000001
0,0.118019
0,0.200745
0,0.058752
0,0.028578
0,0.042454
0,0.049413
0,0.000006
0,0.000013
0,0.007084
0,0.379089
0,0.000096
0,0.005823
0,0.035834
0,0.035898
0,0.834734
0,0.000043
0,0.001157
0,0.000017
0,0.057448
0,0.000399
0,0.123730
0,0.066144
0,0.007589
0,0.213336
0,0.000001
0,0.000180
0,0.000903
0,0.898571
0,0.000168
0,0.203271
0,0.000209
0,0.000231
0,0.185138
0,0.004008
0,0.108203
0,0.000021
0,0.255864
0,0.000322
0,0.010187
0,0.058316
0,0.373044
0,0.000046
0,0.012255
0,0.005556
0,0.785346
0,0.003469
0,0.005617
0,0.007264
0,0.010224
0,0.119328
0,0.024593
0,0.082354
0,0.208946
0,0.001693
0,0.011687
0,0.089823
0,0.790058
0,0.499288
0,0.372492
0,0.980144
0,0.008684
0,0.038579
0,0.072782
0,0.042093
0,0.002332
0,0.005544
0,0.713354
0,0.005251
0,0.596934
0,0.000016
0,0.971927
0,0.002845
0,0.178593
0,0.462268
0,0.000561
0,0.869489
0,0.075446
0,0.000768
0,0.000020
0,0.003877
0,0.000514
0,0.002069
0,0.044820
0,0.330848
0,0.249377
0,0.000629
0,0.000348
0,0.006171
0,0.225601
0,0.004814
0,0.234572
0,0.156287
0,0.007524
0,0.000108
0,0.001331
0,0.068999
0,0.038359
0,0.000001
0,0.899441
0,0.594858
0,0.158957
0,0.449950
0,0.012380
0,0.000065
0,0.040831
0,0.000440
0,0.116101
0,0.028876
0,0.370448
0,0.001436
0,0.000627
0,0.976248
0,0.000010
0,0.071884
0,0.025169
0,0.006283
0,0.001048
0,0.000377
0,0.000040
0,0.322272
0,0.000063
0,0.000001
0,0.009789
0,0.050748
0,0.007110
0,0.915699
0,0.800337
0,0.006951
0,0.533194
0,0.004802
0,0.000181
0,0.000656
0,0.000004
0,0.969129
0,0.508632
0,0.357427
0,0.008772
0,0.000036
0,0.000030
0,0.000143
0,0.011447
0,0.000112
0,0.006471
0,0.002893
0,0.013229
0,0.517362
0,0.004758
0,0.000013
0,0.321834
0,0.068193
0,0.000059
0,0.961686
0,0.991594
0,0.904341
0,0.000106
0,0.000213
0,0.018919
0,0.007337
0,0.151264
0,0.189056
0,0.001109
0,0.887542
0,0.032116
0,0.012569
0,0.011718
0,0.000088
0,0.000094
0,0.000025
0,0.999514
0,0.000301
0,0.598419
0,0.015987
0,0.005174
0,0.007367
0,0.022361
1,0.998235
0,0.094154
0,0.000079
0,0.000255
0,0.018844
0,0.000005
0,0.011814
0,0.014784
0,0.003217
0,0.002529
0,0.000390
0,0.006481
0,0.922790
0,0.971553
0,0.063841
0,0.000227
0,0.001812
0,0.001015
0,0.000445
0,0.001967
0,0.110930
0,0.000865
0,0.496454
0,0.438615
0,0.943127
0,0.001782
0,0.000002
0,0.591521
0,0.000435
0,0.003809
0,0.015273
0,0.011057
0,0.005739
0,0.000107
0,0.002063
0,0.934507
0,0.999389
0,0.028190
0,0.000093
0,0.518300
0,0.000041
0,0.003836
0,0.041991
0,0.145563
0,0.001085
0,0.000101
0,0.000120
0,0.000002
0,0.001205
0,0.792491
0,0.611290
0,0.001473
0,0.005318
0,0.001566
0,0.002244
0,0.002625
0,0.527645
0,0.636889
0,0.087577
0,0.049128
0,0.841085
0,0.000036
0,0.001154
0,0.000003
0,0.713286
0,0.037523
0,0.000063
0,0.698652
0,0.003520
0,0.990283
0,0.003107
0,0.000001
0,0.277683
0,0.001222
0,0.047482
0,0.000113
0,0.170967
0,0.838277
0,0.191377
1,0.073418
0,0.009673
0,0.951290
0,0.000802
0,0.096583
0,0.797837
1,0.999989
0,0.042067
0,0.011247
0,0.271516
0,0.217421
0,0.000322
0,0.936647
0,0.000005
0,0.000001
0,0.026232
0,0.000001
0,0.931480
0,0.031972
0,0.000033
0,0.000049
0,0.142910
0,0.016466
0,0.000001
0,0.327165
0,0.906721
0,0.274612
0,0.005628
0,0.089983
0,0.013289
0,0.157833
0,0.003921
0,0.010194
0,0.000546
0,0.053679
0,0.243244
0,0.939884
0,0.999490
0,0.048266
0,0.091206
0,0.005615
0,0.018521
0,0.003026
0,0.636016
0,0.004292
0,0.046112
0,0.000012
0,0.000141
0,0.184451
0,0.005482
0,0.000291
0,0.005764
0,0.027470
0,0.000365
0,0.001204
0,0.007278
0,0.000017
0,0.007668
0,0.003154
0,0.000014
0,0.013456
0,0.000033
0,0.981567
0,0.000214
0,0.024027
0,0.000920
0,0.008627
0,0.186010
0,0.004103
0,0.005680
0,0.000291
0,0.000036
1,0.999875
0,0.006660
0,0.000530
0,0.017244
0,0.059212
0,0.000023
0,0.888636
0,0.000026
0,0.031538
0,0.001386
0,0.000999
0,0.000145
0,0.107208
0,0.000008
0,0.000017
0,0.013182
0,0.033271
0,0.982609
0,0.946194
0,0.000441
0,0.404550
0,0.022109
0,0.024177
0,0.015223
0,0.028437
0,0.000225
0,0.000188
0,0.000137
0,0.001515
0,0.023644
0,0.000299
0,0.001435
0,0.881098
0,0.000181
0,0.000410
0,0.001441
0,0.001640
0,0.007021
0,0.003059
0,0.000125
0,0.017573
0,0.001522
0,0.959372
0,0.001107
0,0.002219
0,0.786581
0,0.003570
0,0.000005
0,0.000703
0,0.015073
0,0.000003
0,0.000008
0,0.086835
0,0.001466
0,0.811312
0,0.000394
0,0.307777
0,0.000976
0,0.190604
0,0.005815
0,0.991063
0,0.003938
0,0.000002
0,0.008996
0,0.968486
0,0.001045
0,0.001051
0,0.911510
0,0.013448
0,0.000052
0,0.001549
0,0.000007
0,0.000004
0,0.058665
0,0.001563
0,0.002993
0,0.003686
0,0.000287
0,0.064969
0,0.005864
0,0.017762
0,0.050056
0,0.001440
0,0.000171
0,0.948485
0,0.837032
0,0.016435
0,0.004836
0,0.000242
0,0.003671
0,0.023139
0,0.006592
0,0.039395
0,0.416308
0,0.000128
0,0.242721
0,0.075492
0,0.001392
0,0.309434
0,0.288773
0,0.090905
0,0.146536
0,0.014677
0,0.047101
0,0.037084
1,0.063696
0,0.000009
0,0.030283
0,0.002722
0,0.006961
0,0.894590
0,0.113260
0,0.000663
0,0.001516
0,0.000106
0,0.127733
0,0.134576
0,0.237893
0,0.004895
0,0.000003
0,0.676126
0,0.228024
0,0.026162
0,0.681745
0,0.463605
0,0.354048
0,0.002546
0,0.105722
1,0.831836
0,0.012245
0,0.003162
0,0.314562
0,0.001711
0,0.000979
0,0.011862
0,0.003950
0,0.346786
0,0.000618
0,0.002824
0,0.152886
0,0.000338
0,0.321388
0,0.060385
0,0.000006
0,0.000001
0,0.000347
0,0.013087
0,0.000003
0,0.734043
0,0.045130
0,0.000738
0,0.000027
0,0.000608
0,0.028145
0,0.056500
0,0.023757
0,0.000028
0,0.002450
0,0.002077
0,0.032236
0,0.000017
0,0.051018
0,0.003569
0,0.272459
0,0.953962
0,0.964095
0,0.049648
0,0.000336
0,0.017055
0,0.000705
0,0.005479
0,0.002073
0,0.000027
0,0.012543
0,0.157985
0,0.649483
0,0.021412
0,0.001642
0,0.004873
0,0.993222
0,0.003019
0,0.016076
0,0.063789
0,0.000277
0,0.000521
0,0.000258
0,0.019792
0,0.013893
0,0.077029
0,0.157919
1,0.999280
0,0.027831
0,0.002343
0,0.002136
0,0.987098
0,0.020824
0,0.069065
0,0.000002
0,0.972817
0,0.019061
0,0.005469
0,0.004347
0,0.196436
0,0.004158
0,0.000044
0,0.928097
0,0.000256
0,0.384297
0,0.000052
0,0.919076
0,0.001090
0,0.747651
0,0.347942
0,0.000014
0,0.001212
0,0.000060
0,0.171136
0,0.025595
0,0.003747
0,0.054997
0,0.031464
0,0.211713
0,0.947528
0,0.013069
0,0.940621
0,0.375976
0,0.012745
0,0.001050
0,0.089122
0,0.030622
0,0.000626
0,0.000016
0,0.008240
0,0.231928
0,0.006820
0,0.161383
0,0.004870
0,0.784453
0,0.000133
1,0.979594
0,0.002653
0,0.000005
0,0.000090
0,0.000053
0,0.003079
0,0.071379
0,0.855254
0,0.000612
0,0.775313
0,0.000739
0,0.181073
0,0.048460
0,0.379980
0,0.000171
0,0.012350
0,0.664922
0,0.004884
0,0.010168
0,0.006063
0,0.046396
0,0.060093
0,0.036354
0,0.000003
0,0.015115
0,0.739685
0,0.002316
0,0.000470
0,0.923789
0,0.022726
0,0.850760
0,0.024025
0,0.000179
0,0.000102
0,0.029019
0,0.015714
0,0.002652
0,0.038420
0,0.012405
0,0.059806
0,0.000001
0,0.059641
0,0.003729
0,0.000075
0,0.117677
0,0.603419
0,0.120772
0,0.049336
0,0.275561
0,0.000592
1,0.045227
0,0.208017
0,0.005846
0,0.385212
0,0.012356
0,0.001521
0,0.596180
0,0.108231
0,0.191405
0,0.000297
0,0.010329
0,0.207685
0,0.003565
0,0.020374
0,0.216960
0,0.269091
0,0.089216
0,0.750171
0,0.004011
0,0.734787
0,0.000107
0,0.014149
0,0.985266
0,0.000252
0,0.000001
0,0.001744
0,0.019306
0,0.000040
0,0.000063
0,0.040064
0,0.006847
0,0.000081
0,0.004629
0,0.000007
0,0.745971
0,0.004074
0,0.244625
0,0.001999
0,0.090102
0,0.179358
0,0.070691
0,0.927856
0,0.009986
0,0.000281
0,0.998993
0,0.002541
0,0.031907
0,0.004217
0,0.001494
0,0.062043
0,0.994110
0,0.000001
0,0.000077
0,0.021925
0,0.003507
0,0.933751
0,0.000006
0,0.098381
0,0.147989
0,0.022642
0,0.000138
0,0.000028
0,0.011977
0,0.058781
0,0.003181
0,0.002793
0,0.356966
0,0.008206
0,0.283557
0,0.661294
0,0.002649
0,0.030912
0,0.081746
0,0.000304
0,0.002224
0,0.025439
0,0.000786
0,0.002362
0,0.001575
0,0.000001
0,0.002866
0,0.269952
0,0.419652
0,0.391833
0,0.048651
0,0.091692
0,0.131452
0,0.000852
0,0.009511
0,0.006017
0,0.095497
0,0.000406
0,0.000315
0,0.000001
0,0.521150
0,0.126120
0,0.767391
0,0.012040
0,0.041984
0,0.004323
0,0.001667
0,0.116449
1,0.999978
0,0.602887
0,0.003261
0,0.000078
0,0.723056
0,0.194011
0,0.000016
0,0.000372
0,0.011940
0,0.000008
0,0.006091
0,0.111345
0,0.029691
0,0.000241
0,0.053218
0,0.009995
0,0.846758
0,0.098200
0,0.050753
0,0.022962
0,0.000056
0,0.000475
0,0.000842
0,0.643557
0,0.362817
0,0.003024
0,0.028973
0,0.000102
0,0.824481
0,0.000022
0,0.000015
0,0.000024
0,0.218496
0,0.018981
0,0.006617
0,0.000366
0,0.062414
0,0.000024
0,0.000132
0,0.000109
0,0.032444
0,0.000138
0,0.645835
0,0.251359
0,0.016929
0,0.042718
0,0.000033
0,0.384763
0,0.425086
0,0.433787
0,0.217691
0,0.000052
0,0.053492
0,0.894208
0,0.001214
0,0.661778
0,0.008255
0,0.040895
0,0.008646
0,0.000191
0,0.000017
0,0.097960
0,0.000101
0,0.000057
0,0.876595
0,0.455638
0,0.128128
0,0.183650
0,0.040721
0,0.000150
0,0.000041
0,0.001607
0,0.009129
0,0.000417
0,0.001708
0,0.110850
0,0.000175
0,0.000239
0,0.000617
0,0.183093
0,0.123966
0,0.000031
0,0.113868
0,0.000001
0,0.001170
0,0.050932
0,0.400435
0,0.018107
0,0.004500
0,0.000335
1,0.973587
0,0.165791
0,0.943314
0,0.020073
0,0.017955
0,0.000628
0,0.000010
0,0.000001
0,0.008319
0,0.009683
0,0.003231
0,0.001950
0,0.078842
0,0.051946
0,0.000545
0,0.002992
0,0.225326
0,0.012678
0,0.039131
0,0.050283
0,0.232566
0,0.009089
0,0.115045
0,0.024419
0,0.000044
0,0.000021
0,0.010964
0,0.000160
0,0.030637
0,0.016146
0,0.000506
0,0.006272
0,0.002667
0,0.000514
0,0.001204
0,0.000700
0,0.000110
0,0.003666
0,0.025671
0,0.037657
0,0.458964
0,0.000013
0,0.114678
0,0.102808
0,0.001679
0,0.031581
0,0.000008
0,0.105854
0,0.000028
0,0.000049
0,0.000015
0,0.000026
0,0.001172
0,0.017735
0,0.000106
0,0.004943
0,0.009112
0,0.000222
0,0.679550
0,0.009063
0,0.803105
0,0.000303
0,0.022901
0,0.049336
0,0.191309
0,0.361152
0,0.431687
0,0.002593
0,0.000172
0,0.708141
0,0.001151
0,0.000110
0,0.001225
0,0.000003
0,0.079399
0,0.002097
0,0.000001
0,0.000001
0,0.007452
0,0.050264
0,0.668906
0,0.658627
0,0.259453
0,0.719293
0,0.301163
0,0.062034
0,0.205919
0,0.119369
0,0.983142
0,0.000454
0,0.002976
0,0.000623
0,0.000332
0,0.012500
0,0.006998
0,0.000019
0,0.178413
0,0.001556
0,0.002495
0,0.194842
0,0.000343
0,0.000032
0,0.463218
0,0.211067
0,0.000524
0,0.000470
0,0.000821
0,0.006193
0,0.203779
0,0.000040
0,0.000080
0,0.004754
0,0.000302
0,0.031292
0,0.078186
0,0.029902
0,0.000035
0,0.007496
0,0.000302
0,0.766942
0,0.332456
0,0.973587
0,0.249522
0,0.000418
0,0.001899
0,0.015245
0,0.336705
0,0.403659
0,0.853812
0,0.009517
0,0.631509
0,0.471102
0,0.084203
0,0.017951
0,0.693454
0,0.057739
0,0.000040
0,0.276032
0,0.000086
0,0.020098
0,0.000058
0,0.001608
0,0.004979
0,0.000235
0,0.522984
0,0.020858
0,0.002463
0,0.000026
0,0.000005
0,0.019419
0,0.018430
0,0.000170
0,0.258560
0,0.253857
0,0.010312
0,0.394505
0,0.137912
0,0.028644
0,0.001285
0,0.008191
0,0.036581
0,0.000640
0,0.049610
0,0.000813
0,0.002911
0,0.000009
0,0.029384
0,0.048365
0,0.003356
0,0.000076
0,0.822914
0,0.000110
0,0.607235
0,0.000142
0,0.858816
0,0.000228
0,0.004593
0,0.002268
0,0.000001
0,0.821101
0,0.051675
0,0.205115
0,0.000940
0,0.000294
0,0.702971
0,0.000078
0,0.001691
0,0.001888
0,0.625945
0,0.006349
0,0.016283
0,0.003236
0,0.001374
0,0.105643
0,0.996050
0,0.042911
0,0.000103
0,0.151706
0,0.890766
0,0.001619
0,0.507934
0,0.014131
0,0.043820
0,0.001038
0,0.008891
0,0.661287
0,0.997592
0,0.005743
0,0.006161
0,0.004351
0,0.011240
0,0.003025
0,0.009205
0,0.040738
0,0.000586
0,0.114602
0,0.000048
0,0.023516
0,0.251263
0,0.074805
0,0.380656
0,0.070094
0,0.000022
0,0.509772
0,0.113554
0,0.035400
0,0.000079
0,0.004501
0,0.000060
0,0.001153
0,0.000524
0,0.641314
0,0.645838
0,0.000076
0,0.001008
0,0.834650
0,0.878864
0,0.008911
0,0.005678
0,0.543953
0,0.002161
0,0.000179
0,0.000001
0,0.000137
0,0.804705
0,0.000117
0,0.082412
0,0.891690
0,0.019372
1,0.779988
0,0.990102
0,0.003937
0,0.001188
0,0.000339
0,0.006982
0,0.000158
0,0.005634
0,0.000653
0,0.047738
0,0.058381
0,0.536586
0,0.000005
0,0.008921
0,0.029326
0,0.002402
0,0.000025
0,0.243794
0,0.000730
0,0.050466
0,0.050469
0,0.922154
0,0.005536
0,0.001726
0,0.000708
0,0.519101
0,0.010275
0,0.212376
0,0.618145
0,0.166326
0,0.036340
0,0.190140
0,0.000001
0,0.957514
0,0.988930
0,0.003592
0,0.000049
1,0.981365
0,0.438185
0,0.003090
0,0.000387
0,0.301026
0,0.006829
0,0.000051
0,0.000069
0,0.000020
0,0.115276
0,0.210923
0,0.080135
0,0.008844
0,0.514296
0,0.325487
0,0.000229
0,0.174526
0,0.002973
0,0.000458
0,0.007802
0,0.256976
0,0.258151
1,0.989786
0,0.011086
0,0.000314
0,0.002680
0,0.296889
0,0.036004
0,0.005221
0,0.998545
0,0.000300
0,0.001035
0,0.015074
0,0.000097
0,0.003447
0,0.013640
0,0.217645
0,0.001663
0,0.648760
0,0.001706
0,0.040379
0,0.916857
0,0.064160
0,0.006003
0,0.000012
0,0.206937
0,0.000003
0,0.146521
0,0.005348
0,0.608659
0,0.617841
0,0.000025
0,0.001699
0,0.000763
0,0.000099
0,0.000222
0,0.000001
0,0.698857
0,0.000018
0,0.000046
0,0.000207
0,0.000074
0,0.000209
0,0.002907
0,0.002503
0,0.017157
0,0.000085
0,0.138254
0,0.000577
0,0.001292
0,0.147289
0,0.002607
0,0.963638
0,0.035374
0,0.053891
0,0.495231
0,0.000360
0,0.046185
0,0.008910
0,0.002021
0,0.003692
0,0.957455
0,0.013770
0,0.919985
0,0.923014
0,0.000315
0,0.020962
0,0.037530
0,0.008357
0,0.028318
0,0.006294
0,0.005069
0,0.038922
0,0.154818
0,0.000006
0,0.000010
0,0.873634
0,0.049262
0,0.022578
0,0.000012
0,0.001122
0,0.924194
0,0.057959
0,0.927637
0,0.000003
0,0.657834
0,0.046845
0,0.123831
0,0.038401
0,0.281721
0,0.000217
0,0.004539
0,0.001641
0,0.000848
0,0.005439
0,0.086968
0,0.002245
0,0.123839
0,0.000374
0,0.829198
0,0.000283
0,0.038577
0,0.949420
0,0.025421
0,0.016809
0,0.016743
0,0.007256
0,0.000021
0,0.022213
0,0.223053
0,0.634103
0,0.823195
0,0.877243
0,0.000002
0,0.009364
0,0.000151
0,0.001508
0,0.000252
0,0.006612
0,0.000189
0,0.000161
0,0.035991
0,0.000058
0,0.000551
0,0.009780
0,0.464812
0,0.011153
0,0.003073
0,0.051346
0,0.000020
0,0.001843
0,0.020298
0,0.000004
0,0.028883
0,0.000591
0,0.002221
0,0.002757
0,0.004455
0,0.219426
0,0.008073
0,0.298346
0,0.115221
0,0.205204
0,0.000007
0,0.000101
0,0.039912
0,0.001219
0,0.365164
0,0.996469
0,0.004765
0,0.132862
0,0.076388
0,0.029223
0,0.000118
0,0.000111
0,0.044138
0,0.321433
0,0.003027
1,0.474370
0,0.864606
0,0.226402
0,0.001249
0,0.897468
0,0.057030
0,0.766605
0,0.000001
0,0.001546
0,0.727683
0,0.000022
0,0.001710
0,0.037872
0,0.000163
0,0.000204
0,0.053847
0,0.022532
0,0.000009
0,0.000194
0,0.000003
0,0.001413
0,0.007147
0,0.000144
0,0.050496
0,0.382604
0,0.000366
0,0.009798
0,0.019922
0,0.001610
0,0.140572
0,0.003622
0,0.150097
0,0.541467
0,0.104728
0,0.001519
0,0.435322
0,0.014448
0,0.095896
0,0.000451
0,0.003223
0,0.049789
0,0.000022
0,0.022994
0,0.000001
0,0.008603
0,0.000220
0,0.000680
0,0.047015
0,0.003722
0,0.001821
0,0.904921
0,0.056514
0,0.000068
0,0.000080
0,0.000169
0,0.000920
0,0.316385
0,0.068053
0,0.186791
0,0.000187
0,0.003883
0,0.053986
0,0.000996
0,0.000012
0,0.453473
0,0.066744
0,0.175573
0,0.983049
0,0.000133
0,0.077225
0,0.322697
0,0.004785
0,0.000912
0,0.246430
0,0.000114
0,0.182976
0,0.000603
0,0.855638
0,0.241739
0,0.575097
0,0.312979
0,0.042019
0,0.000731
0,0.143995
0,0.000051
0,0.839051
0,0.000251
0,0.010626
0,0.001595
0,0.016313
0,0.001262
0,0.167228
0,0.000461
0,0.000180
0,0.017646
0,0.399853
0,0.011421
0,0.000632
0,0.020171
0,0.112545
0,0.000001
0,0.042805
0,0.000090
0,0.001651
0,0.000435
0,0.508300
0,0.400854
0,0.000209
0,0.000004
0,0.032274
0,0.467260
0,0.003780
0,0.873308
0,0.004231
0,0.007137
0,0.000027
0,0.483189
0,0.024674
0,0.328164
0,0.780618
0,0.004261
0,0.016494
0,0.002453
0,0.000606
0,0.000294
0,0.250385
0,0.017820
0,0.002999
0,0.000292
0,0.000019
0,0.001128
0,0.000074
0,0.935434
0,0.770726
0,0.004052
0,0.000789
0,0.973350
0,0.000015
0,0.084841
0,0.878827
0,0.051565
0,0.045988
0,0.272363
0,0.001362
0,0.002622
0,0.075333
0,0.000734
0,0.003332
0,0.010209
0,0.006752
0,0.009710
0,0.000918
0,0.015966
0,0.000024
0,0.010843
0,0.025232
0,0.006872
0,0.003083
0,0.076405
0,0.036744
0,0.000005
0,0.581326
0,0.111999
0,0.032901
0,0.364730
0,0.008215
0,0.017807
0,0.051515
0,0.000407
0,0.069981
0,0.002079
0,0.000280
0,0.084219
0,0.007487
0,0.006975
0,0.417473
0,0.000003
0,0.187602
0,0.458495
0,0.482283
0,0.111260
0,0.000003
0,0.001891
1,0.527053
0,0.000011
0,0.000227
0,0.944164
0,0.002680
0,0.796610
0,0.000484
0,0.683767
0,0.000138
0,0.000001
0,0.046744
0,0.000012
0,0.000039
0,0.000043
0,0.027137
0,0.004494
0,0.231675
0,0.000011
1,0.999876
0,0.001110
1,0.998323
0,0.001543
0,0.000639
0,0.003707
0,0.093179
0,0.065501
0,0.000403
0,0.001004
0,0.002511
0,0.000001
0,0.078015
0,0.004658
0,0.048034
0,0.002211
0,0.002091
0,0.057925
0,0.258176
0,0.000132
0,0.038035
0,0.750713
0,0.000140
0,0.000011
0,0.006475
0,0.005265
0,0.009217
0,0.056645
0,0.001087
0,0.911168
0,0.040128
0,0.054424
0,0.047601
0,0.000003
0,0.003696
0,0.000067
0,0.000995
0,0.000001
0,0.000135
0,0.054930
0,0.023069
0,0.000902
0,0.511735
0,0.000618
0,0.000629
0,0.001876
0,0.001756
0,0.007963
0,0.000515
0,0.000051
0,0.357473
0,0.123453
0,0.003922
0,0.061518
0,0.001775
0,0.000744
0,0.000686
0,0.008381
0,0.000016
0,0.002547
0,0.012095
0,0.000228
0,0.000085
0,0.000033
0,0.001671
0,0.802568
0,0.000012
0,0.001828
0,0.000246
0,0.000008
0,0.086046
0,0.000327
0,0.000611
0,0.024103
0,0.000276
0,0.002808
0,0.001314
0,0.000785
0,0.004346
0,0.005146
0,0.000163
0,0.000769
0,0.155804
0,0.008023
0,0.009509
0,0.000362
1,0.997767
0,0.406379
0,0.193212
0,0.001111
0,0.048643
0,0.001582
0,0.000008
0,0.021203
0,0.005410
0,0.203633
0,0.002013
0,0.744992
0,0.015703
0,0.075235
0,0.000003
0,0.045766
0,0.980157
0,0.252618
0,0.022995
0,0.003173
0,0.047246
0,0.006762
0,0.000007
0,0.000753
0,0.996070
0,0.000287
0,0.826079
1,0.579314
0,0.001829
0,0.005613
0,0.013636
0,0.000001
0,0.791219
0,0.083705
0,0.000072
0,0.840140
0,0.004204
0,0.013042
0,0.030463
0,0.009346
0,0.004686
0,0.004556
0,0.020933
0,0.000002
0,0.000132
0,0.770744
0,0.004392
0,0.001888
0,0.978597
0,0.223184
0,0.000069
0,0.243399
0,0.000114
0,0.000704
0,0.936408
0,0.000105
0,0.000949
0,0.002269
0,0.000014
0,0.000397
0,0.030748
0,0.087724
0,0.001287
0,0.326084
0,0.000001
0,0.000016
0,0.305482
0,0.000210
0,0.000001
0,0.000398
0,0.659101
0,0.001147
0,0.116418
0,0.006279
0,0.003703
0,0.000002
0,0.002669
0,0.050754
0,0.000001
0,0.000016
0,0.228782
0,0.053002
0,0.825264
0,0.021944
0,0.633416
0,0.181577
0,0.004883
0,0.196897
0,0.440669
0,0.001801
0,0.000008
0,0.039706
0,0.001641
0,0.084843
0,0.885281
0,0.930742
0,0.029438
0,0.000091
0,0.020763
0,0.025138
0,0.000099
0,0.000533
0,0.006863
0,0.001408
0,0.000653
0,0.007962
0,0.026225
0,0.950032
0,0.003165
0,0.000716
0,0.047506
0,0.000010
0,0.003472
0,0.306426
0,0.003948
0,0.002444
0,0.005804
0,0.019486
0,0.943833
0,0.004517
0,0.000393
0,0.728804
0,0.011561
0,0.591442
0,0.001484
0,0.004406
0,0.031475
0,0.035760
0,0.000042
0,0.000156
0,0.353912
1,0.999833
0,0.016309
0,0.002561
0,0.088823
0,0.003387
0,0.000093
0,0.011341
0,0.000204
0,0.094012
0,0.001168
0,0.004917
0,0.000161
0,0.716462
0,0.000072
0,0.021090
0,0.000626
0,0.029340
0,0.833761
0,0.000194
0,0.000006
0,0.583093
0,0.111095
0,0.482991
0,0.096935
0,0.004120
0,0.015129
0,0.175267
0,0.000024
0,0.038531
0,0.000045
0,0.000022
0,0.002596
0,0.002793
0,0.234406
0,0.211000
0,0.704424
0,0.037133
0,0.268533
0,0.003611
0,0.137973
0,0.000018
0,0.004758
0,0.000247
0,0.000065
0,0.003358
0,0.006672
0,0.930797
0,0.567743
0,0.000445
1,0.953770
0,0.247272
0,0.425081
0,0.000443
0,0.007237
0,0.000361
0,0.000290
0,0.986879
0,0.000287
0,0.000001
0,0.001598
0,0.001767
0,0.005693
0,0.000474
0,0.000916
0,0.000004
0,0.000047
0,0.405402
0,0.485335
0,0.006000
0,0.829152
0,0.071355
0,0.986995
0,0.000131
0,0.501275
0,0.000140
0,0.002943
0,0.014234
0,0.370602
0,0.039292
0,0.000777
0,0.000016
0,0.000066
0,0.062466
0,0.000013
0,0.949402
0,0.001854
0,0.000018
0,0.008342
0,0.975319
0,0.003194
0,0.000368
0,0.000033
0,0.096184
0,0.979280
0,0.008918
0,0.163580
0,0.000589
0,0.166669
0,0.289713
0,0.001240
0,0.158255
0,0.000074
0,0.001215
0,0.000540
0,0.260217
0,0.442296
0,0.000007
0,0.000025
0,0.000266
0,0.000169
0,0.000311
0,0.006649
0,0.856291
0,0.000011
0,0.000484
0,0.000721
0,0.004841
0,0.164795
0,0.019389
0,0.038467
0,0.324811
0,0.000015
0,0.000685
0,0.946977
0,0.440638
0,0.998707
0,0.814022
0,0.002187
0,0.000743
0,0.002280
0,0.001211
0,0.000002
0,0.649099
0,0.000015
0,0.385436
0,0.003098
0,0.084093
0,0.000377
0,0.181055
0,0.090066
0,0.705788
0,0.007386
0,0.000310
0,0.000251
0,0.000445
0,0.000701
0,0.057673
0,0.730464
0,0.000292
0,0.000070
0,0.172959
0,0.000051
0,0.671495
0,0.002283
0,0.000848
0,0.001763
0,0.124106
0,0.021750
0,0.000030
0,0.076534
0,0.041833
0,0.046123
0,0.015209
0,0.920957
0,0.731746
0,0.003117
0,0.081215
0,0.491725
0,0.397857
0,0.012270
0,0.004364
0,0.051419
0,0.000424
0,0.147662
0,0.000097
0,0.891024
0,0.001943
0,0.204438
0,0.071351
0,0.067711
0,0.655871
0,0.000017
0,0.200480
0,0.979457
0,0.000576
0,0.000248
0,0.455998
0,0.101525
0,0.077129
0,0.044353
0,0.014591
0,0.381002
0,0.000078
0,0.009842
0,0.052355
0,0.000079
0,0.006262
0,0.766284
1,0.999995
0,0.087795
0,0.393992
0,0.003911
0,0.000066
0,0.094531
0,0.000175
0,0.807202
0,0.078110
0,0.007822
0,0.256107
0,0.000210
0,0.000385
0,0.002704
0,0.000772
0,0.000085
0,0.000054
0,0.005223
0,0.777602
0,0.000768
0,0.000827
0,0.000007
0,0.012454
0,0.232949
0,0.000405
1,0.842104
0,0.000131
0,0.000119
0,0.024728
0,0.169562
0,0.003677
0,0.975315
0,0.000908
0,0.605134
0,0.000783
0,0.026619
0,0.041495
0,0.020801
0,0.000220
0,0.000001
0,0.023765
0,0.074816
0,0.000266
0,0.132188
0,0.000002
0,0.071556
0,0.000014
0,0.000088
0,0.811579
0,0.765143
0,0.005775
0,0.294572
0,0.000039
0,0.357149
0,0.002327
0,0.009828
0,0.000037
0,0.000518
0,0.000539
0,0.317109
0,0.000170
0,0.000416
0,0.087189
0,0.000038
0,0.000383
0,0.059852
0,0.000048
0,0.000073
0,0.004362
0,0.009333
1,0.997358
0,0.000292
0,0.000090
0,0.000252
0,0.005783
0,0.000418
0,0.167615
0,0.038017
0,0.000645
0,0.000055
0,0.007574
0,0.000051
0,0.000725
0,0.077008
0,0.000016
0,0.000227
0,0.000027
0,0.004515
0,0.000459
0,0.000003
0,0.000167
0,0.707861
0,0.004445
0,0.561367
0,0.019954
0,0.135326
0,0.010138
0,0.023219
0,0.000184
0,0.000064
0,0.004914
0,0.962427
0,0.404263
0,0.067165
0,0.205489
0,0.003691
0,0.703205
0,0.000015
0,0.000025
0,0.017374
0,0.011785
0,0.080404
0,0.032246
0,0.031239
0,0.000049
0,0.001782
0,0.000706
0,0.053334
0,0.000046
0,0.093377
0,0.998943
0,0.031294
0,0.121946
0,0.520120
0,0.000005
0,0.011544
0,0.013282
0,0.001295
0,0.933627
0,0.189838
0,0.000221
0,0.001453
0,0.003951
0,0.970742
0,0.000520
0,0.000183
0,0.628443
0,0.006095
0,0.000067
0,0.010506
0,0.485862
0,0.004811
0,0.001954
0,0.000135
0,0.001647
0,0.004242
0,0.000214
0,0.000428
0,0.008966
0,0.001228
0,0.009570
0,0.036942
0,0.000084
0,0.000122
0,0.000070
0,0.000139
0,0.013078
0,0.001062
0,0.164620
0,0.944096
0,0.008435
0,0.004642
0,0.000010
0,0.173843
0,0.000001
0,0.000547
0,0.559909
0,0.006916
0,0.012390
0,0.018696
0,0.189766
0,0.323190
0,0.000106
0,0.000341
0,0.462608
0,0.004657
0,0.000203
0,0.495763
0,0.002709
0,0.001337
0,0.000001
0,0.147994
0,0.153682
0,0.074815
0,0.022300
0,0.000602
0,0.030949
0,0.826602
0,0.003716
0,0.026203
0,0.123991
0,0.000554
0,0.001054
0,0.910470
0,0.000126
0,0.000156
0,0.659829
0,0.000003
0,0.000655
0,0.005187
0,0.500938
0,0.913669
0,0.703891
0,0.004935
0,0.000003
0,0.000952
0,0.095115
0,0.065218
0,0.000546
0,0.746098
0,0.002373
0,0.043662
0,0.001642
0,0.008284
0,0.000128
0,0.593182
0,0.002732
0,0.001178
0,0.011754
0,0.005608
0,0.024108
0,0.006245
0,0.003118
0,0.001337
0,0.092894
0,0.001135
0,0.006577
0,0.001766
0,0.001850
0,0.000312
0,0.945980
0,0.000046
0,0.138351
0,0.269187
0,0.000029
0,0.758174
0,0.002480
0,0.000041
0,0.005952
0,0.998891
0,0.122482
0,0.005953
0,0.002239
0,0.473327
0,0.000124
0,0.047892
0,0.275722
0,0.000009
0,0.915779
0,0.005516
0,0.000001
0,0.000659
0,0.949142
0,0.055667
0,0.018518
0,0.004450
0,0.044151
0,0.127175
0,0.000889
0,0.034000
0,0.829006
0,0.622343
0,0.007111
0,0.036087
0,0.845574
0,0.000423
0,0.006683
0,0.000358
0,0.000265
0,0.001782
0,0.004684
0,0.036707
0,0.000166
0,0.000001
0,0.000606
0,0.003883
0,0.001615
0,0.001673
0,0.006116
0,0.000077
0,0.000094
0,0.097156
0,0.049902
0,0.204285
0,0.008754
0,0.004316
0,0.000055
0,0.020818
0,0.048779
0,0.007378
0,0.037202
0,0.000043
0,0.000345
0,0.646085
0,0.055671
0,0.000232
0,0.000051
0,0.000149
0,0.000023
0,0.001313
0,0.005483
0,0.436739
0,0.000119
0,0.000001
0,0.631950
0,0.498488
0,0.001716
0,0.000001
0,0.918313
0,0.008173
0,0.016704
0,0.012357
0,0.002264
0,0.100542
0,0.000026
0,0.084017
0,0.000035
0,0.004389
0,0.042378
0,0.033213
0,0.000006
0,0.810203
0,0.008371
0,0.000853
0,0.004583
0,0.000228
0,0.000066
0,0.000001
0,0.019512
0,0.000042
0,0.030461
0,0.055172
0,0.068312
0,0.054636
0,0.000149
0,0.167113
0,0.005899
0,0.079833
0,0.126582
0,0.004362
0,0.000095
0,0.000302
0,0.429360
0,0.002926
0,0.148190
0,0.015259
0,0.007419
0,0.091759
0,0.530313
0,0.018754
0,0.004586
0,0.105998
0,0.000179
0,0.010937
0,0.000159
0,0.282134
0,0.000290
0,0.020116
0,0.015652
0,0.213368
0,0.003844
0,0.005499
1,0.339985
0,0.000032
0,0.011164
0,0.019072
0,0.076250
0,0.000002
0,0.000037
0,0.020054
0,0.810512
0,0.000153
0,0.000225
0,0.072450
0,0.000276
0,0.005037
0,0.000147
0,0.048436
0,0.014741
0,0.018358
0,0.017160
0,0.024535
0,0.002738
0,0.549711
0,0.000017
0,0.000029
0,0.052917
0,0.000563
0,0.133025
0,0.119922
0,0.001199
0,0.000082
0,0.027730
0,0.121111
0,0.018235
0,0.000005
0,0.003882
0,0.004273
0,0.000705
0,0.016196
0,0.001693
0,0.038513
0,0.000576
0,0.001259
0,0.052683
0,0.014836
0,0.000094
0,0.000032
0,0.000081
0,0.015646
0,0.005117
0,0.000540
0,0.000396
0,0.000696
0,0.000042
0,0.000243
0,0.002051
0,0.136648
0,0.008448
0,0.806881
0,0.137864
1,0.986941
0,0.682568
0,0.002700
0,0.057467
0,0.004694
0,0.000150
0,0.000317
0,0.004671
0,0.000412
0,0.001943
0,0.845758
0,0.002004
0,0.919049
0,0.000757
0,0.000001
0,0.005750
0,0.000003
0,0.223994
0,0.000268
0,0.000004
0,0.875352
0,0.004852
0,0.000269
0,0.361318
0,0.000025
0,0.100428
0,0.044009
0,0.002149
0,0.005948
0,0.845614
0,0.000100
0,0.002773
0,0.036718
0,0.000935
0,0.000049
0,0.847256
0,0.001460
1,0.945925
0,0.018943
0,0.004953
0,0.958351
0,0.059406
0,0.004320
0,0.074800
0,0.000510
0,0.896121
0,0.000514
0,0.029498
0,0.021164
0,0.016446
0,0.000002
0,0.000495
0,0.019962
0,0.005128
0,0.037079
0,0.222060
0,0.006066
0,0.019120
0,0.000108
0,0.759556
0,0.014415
0,0.007890
0,0.028201
0,0.885198
0,0.206023
0,0.028494
0,0.009853
0,0.895870
0,0.815582
0,0.008753
0,0.084537
0,0.558450
0,0.010944
0,0.000005
0,0.000572
0,0.002941
0,0.039802
0,0.003498
0,0.091959
0,0.250204
0,0.031017
0,0.000011
0,0.696083
0,0.000472
0,0.079073
0,0.000566
0,0.000013
0,0.551508
1,0.995347
0,0.030868
1,0.964108
0,0.000005
0,0.011116
0,0.000318
0,0.000083
0,0.787466
0,0.746399
0,0.011874
0,0.006675
0,0.224313
0,0.497776
0,0.477868
0,0.002053
0,0.005778
0,0.002741
0,0.045371
0,0.000008
0,0.907875
0,0.123450
0,0.004744
0,0.011487
0,0.000227
0,0.338110
0,0.625327
0,0.000022
0,0.003560
0,0.000457
0,0.808958
0,0.030861
0,0.009562
0,0.021789
0,0.402825
0,0.001140
0,0.250895
0,0.122372
0,0.000041
0,0.000267
0,0.000002
0,0.000297
0,0.000492
0,0.004626
0,0.971961
0,0.000014
0,0.063842
0,0.056739
0,0.000004
0,0.002281
0,0.000036
0,0.002294
0,0.708752
0,0.001261
0,0.000200
0,0.000083
0,0.001426
0,0.931746
0,0.284895
0,0.000629
0,0.907301
0,0.018607
0,0.000664
0,0.000086
0,0.004621
0,0.000912
0,0.096012
0,0.977019
0,0.006948
0,0.029433
0,0.799545
0,0.165127
0,0.021163
0,0.006597
0,0.071233
0,0.002054
0,0.310621
0,0.030869
0,0.003712
0,0.874769
0,0.005583
0,0.000878
0,0.878715
0,0.009297
0,0.096616
0,0.220108
0,0.003281
0,0.001652
0,0.000101
0,0.000686
0,0.001887
0,0.126659
0,0.354984
0,0.000925
0,0.000010
0,0.002837
0,0.000205
0,0.049248
0,0.005805
0,0.000002
0,0.159798
0,0.005925
0,0.009955
0,0.024522
0,0.054198
0,0.010288
0,0.004654
0,0.014560
0,0.001464
0,0.004267
0,0.000306
0,0.023531
0,0.832178
0,0.138227
0,0.044826
0,0.041519
0,0.265463
0,0.768063
0,0.057825
0,0.000643
0,0.009502
0,0.777097
0,0.009958
0,0.004332
0,0.377038
0,0.002012
0,0.000016
0,0.000008
1,0.929292
0,0.000004
0,0.000034
0,0.000003
0,0.034981
0,0.009907
0,0.000208
0,0.012396
0,0.085913
0,0.005884
0,0.935160
0,0.000006
0,0.000117
0,0.259076
0,0.026992
0,0.065374
0,0.000005
0,0.002723
0,0.002099
0,0.000001
0,0.202883
0,0.091731
0,0.095545
0,0.002808
0,0.000870
0,0.283304
0,0.138423
0,0.022098
0,0.602358
0,0.000011
0,0.000028
0,0.000008
0,0.000348
0,0.000018
0,0.957496
0,0.247331
0,0.000076
0,0.965266
0,0.810636
0,0.000638
0,0.000636
0,0.000110
0,0.070923
0,0.001015
0,0.003309
0,0.017210
0,0.826064
0,0.004756
0,0.800993
0,0.000138
0,0.000018
0,0.006724
0,0.028622
0,0.000033
0,0.418912
0,0.006217
0,0.000752
0,0.242189
0,0.015008
0,0.002323
0,0.005065
0,0.280811
0,0.000087
0,0.011017
0,0.032032
0,0.042776
0,0.042381
0,0.132131
0,0.040247
0,0.000678
0,0.000263
0,0.782819
0,0.000139
0,0.000001
0,0.724337
0,0.000912
0,0.005096
0,0.022746
0,0.031114
0,0.001040
0,0.351796
0,0.000005
0,0.542700
0,0.025657
0,0.019555
0,0.000693
0,0.023788
0,0.129561
0,0.000616
0,0.111275
0,0.001083
0,0.012950
0,0.879781
0,0.001098
0,0.009634
0,0.011128
0,0.003032
0,0.017900
0,0.000103
0,0.000081
0,0.062609
0,0.000766
0,0.959434
0,0.000404
0,0.000091
0,0.000042
0,0.035170
0,0.106139
0,0.005030
0,0.000344
0,0.006094
0,0.000571
0,0.000642
0,0.032025
0,0.007088
1,0.999443
0,0.014720
0,0.007566
0,0.435369
0,0.048662
0,0.063824
0,0.001417
0,0.000411
0,0.015846
0,0.031583
0,0.150029
0,0.000254
0,0.182789
0,0.094408
0,0.045891
0,0.027046
0,0.000325
0,0.000040
0,0.000124
0,0.000069
0,0.312516
0,0.011134
0,0.032954
0,0.007545
0,0.000098
0,0.174788
0,0.003676
0,0.000049
0,0.838592
0,0.024207
0,0.008890
0,0.826691
0,0.000183
0,0.004821
0,0.001212
0,0.041678
0,0.206235
0,0.000234
0,0.996626
0,0.014177
0,0.007143
0,0.057429
0,0.045389
0,0.016919
0,0.498807
0,0.010189
0,0.197469
0,0.000693
0,0.048641
0,0.000010
0,0.000660
0,0.000282
0,0.000732
0,0.003652
0,0.001347
0,0.000174
0,0.095190
0,0.005489
0,0.000442
0,0.091225
0,0.022068
0,0.034847
0,0.042869
0,0.072697
0,0.000734
0,0.000750
0,0.437644
0,0.000061
0,0.004745
0,0.004789
0,0.245149
0,0.009123
0,0.002301
0,0.011959
0,0.046080
0,0.000080
0,0.016630
0,0.000001
0,0.009097
0,0.003089
0,0.002181
0,0.000182
0,0.237341
0,0.000115
0,0.628709
0,0.000347
0,0.000197
0,0.014257
0,0.862957
0,0.000751
0,0.000219
0,0.019211
0,0.000015
0,0.780567
0,0.000212
0,0.826427
0,0.753025
0,0.000005
0,0.000516
0,0.001204
0,0.003659
0,0.000412
0,0.170962
0,0.332340
0,0.000592
0,0.106221
0,0.100259
0,0.224495
0,0.000028
0,0.003722
0,0.000782
0,0.082811
0,0.002898
0,0.555405
0,0.089302
0,0.000046
0,0.040624
0,0.000021
0,0.000007
0,0.000699
0,0.033356
0,0.752012
0,0.040705
0,0.419024
0,0.000465
0,0.057606
0,0.007955
0,0.038867
0,0.004075
0,0.023376
0,0.000038
0,0.000190
0,0.095750
0,0.000001
0,0.000001
0,0.001630
0,0.000019
0,0.000032
0,0.032286
0,0.371689
0,0.000081
0,0.319244
0,0.989265
0,0.000067
0,0.001049
0,0.019022
0,0.004638
0,0.445297
0,0.001119
0,0.744799
0,0.003267
0,0.314594
0,0.963208
0,0.001624
0,0.009444
0,0.004393
0,0.000100
0,0.504028
0,0.186009
0,0.000008
0,0.000043
0,0.629133
0,0.011555
0,0.938722
0,0.701376
0,0.006135
0,0.537140
0,0.010207
0,0.002172
0,0.000015
0,0.000006
0,0.000043
0,0.013275
0,0.903941
0,0.020268
0,0.004311
0,0.004887
0,0.883008
0,0.000089
0,0.007051
0,0.000481
0,0.743649
0,0.038811
1,0.963563
0,0.000602
0,0.000210
0,0.962814
0,0.000657
0,0.000001
0,0.000001
0,0.515787
1,0.284375
0,0.110185
0,0.960409
0,0.000015
0,0.050604
0,0.003213
0,0.185607
0,0.000002
0,0.931244
0,0.000049
0,0.951928
0,0.000736
0,0.989163
0,0.000117
0,0.000063
0,0.000034
0,0.000051
0,0.287726
0,0.000012
0,0.504842
0,0.003212
0,0.006474
0,0.305666
0,0.000028
0,0.002563
0,0.158614
0,0.130404
0,0.009458
0,0.000512
0,0.135674
0,0.000064
0,0.000021
0,0.002490
0,0.000144
0,0.070617
0,0.000272
0,0.027115
0,0.518105
0,0.023415
0,0.002818
0,0.004191
0,0.001644
0,0.036261
0,0.000919
0,0.109573
0,0.000481
0,0.343492
0,0.980740
0,0.013191
0,0.072905
0,0.962877
0,0.000232
0,0.006665
0,0.064326
0,0.029681
0,0.000058
0,0.004816
0,0.650068
0,0.001105
0,0.000241
0,0.000121
0,0.001134
0,0.985178
0,0.387245
0,0.048786
0,0.000441
0,0.028982
0,0.000091
0,0.014716
0,0.761099
0,0.000209
0,0.000818
0,0.042852
0,0.007584
0,0.000058
0,0.031666
0,0.000332
0,0.000328
0,0.004978
0,0.000004
0,0.000136
0,0.012522
0,0.123867
0,0.036028
0,0.000436
0,0.895269
0,0.127355
0,0.000047
0,0.000318
0,0.003551
0,0.084589
0,0.004533
1,0.952190
0,0.001922
0,0.000144
0,0.002589
0,0.010699
0,0.877605
0,0.000218
0,0.035537
0,0.000304
0,0.000002
0,0.961665
0,0.007786
0,0.000080
0,0.008143
0,0.000047
0,0.012449
0,0.001316
0,0.001353
0,0.000458
0,0.823267
0,0.000088
0,0.036814
0,0.341278
0,0.000021
0,0.000032
0,0.385862
0,0.000223
0,0.403587
0,0.032630
0,0.522686
0,0.000024
0,0.007388
0,0.024234
0,0.057827
0,0.000120
0,0.990290
0,0.076752
0,0.000002
0,0.008509
0,0.001449
0,0.000001
0,0.000027
0,0.785486
0,0.001169
0,0.001329
0,0.085314
0,0.004186
0,0.007704
0,0.001633
0,0.010994
0,0.000187
0,0.372851
0,0.265031
0,0.004695
0,0.000911
0,0.982931
0,0.470442
0,0.766337
0,0.339135
0,0.000293
0,0.000041
0,0.000844
0,0.000106
0,0.000019
0,0.000137
0,0.023234
0,0.282968
0,0.132250
0,0.264945
0,0.999294
0,0.866695
0,0.000168
0,0.946864
0,0.002601
0,0.696335
0,0.176790
0,0.000629
0,0.589522
0,0.000063
0,0.683720
0,0.482776
0,0.468123
0,0.275790
0,0.001174
0,0.038095
0,0.000047
0,0.244797
0,0.000012
0,0.592648
0,0.951172
0,0.001041
0,0.050248
0,0.000104
0,0.018469
0,0.000725
0,0.013932
0,0.000225
0,0.005596
0,0.000001
0,0.022727
0,0.072065
0,0.000298
0,0.009165
1,0.973439
0,0.000703
0,0.183578
0,0.002543
0,0.007205
1,0.964823
1,0.035916
0,0.339243
0,0.040332
0,0.533147
0,0.000110
0,0.045200
0,0.000009
0,0.082947
0,0.002623
0,0.003787
0,0.005224
0,0.133388
0,0.951321
0,0.139515
0,0.004512
0,0.028661
0,0.245301
0,0.084403
0,0.000007
0,0.114421
0,0.000025
0,0.001728
0,0.004528
0,0.922410
0,0.060988
0,0.021634
0,0.024804
0,0.001697
0,0.007815
0,0.879812
0,0.007309
0,0.431482
0,0.014752
0,0.045548
0,0.957617
0,0.001671
0,0.000674
0,0.006826
0,0.063771
0,0.195368
0,0.015169
0,0.003481
0,0.000002
0,0.048724
0,0.001621
0,0.001507
0,0.000011
0,0.002362
0,0.006680
0,0.040437
0,0.991662
0,0.118486
0,0.000103
0,0.000035
0,0.005520
0,0.000021
0,0.996168
0,0.001637
0,0.000012
0,0.000022
0,0.000004
0,0.205832
0,0.000161
0,0.000315
0,0.000431
0,0.884994
0,0.001771
0,0.023325
0,0.889857
0,0.001298
0,0.005156
0,0.000031
0,0.001340
0,0.132171
0,0.041134
0,0.003066
0,0.000006
0,0.000175
0,0.000084
0,0.355832
0,0.000171
0,0.000015
0,0.000843
0,0.058072
0,0.165068
0,0.040311
0,0.009251
0,0.000044
0,0.926132
0,0.000958
0,0.187488
0,0.000105
0,0.001947
0,0.000005
0,0.002397
0,0.011739
0,0.025409
0,0.000010
0,0.204674
0,0.488820
0,0.011272
0,0.002825
0,0.000956
0,0.041002
0,0.892280
0,0.000007
0,0.002644
0,0.037889
0,0.253885
0,0.910630
0,0.045555
0,0.000141
0,0.337845
0,0.083153
0,0.000117
0,0.003075
0,0.257056
0,0.103512
0,0.026045
0,0.030359
0,0.000123
0,0.093096
0,0.027471
0,0.017666
0,0.057987
0,0.344415
0,0.001576
0,0.000050
0,0.000731
0,0.000032
0,0.023031
0,0.010977
0,0.249402
0,0.000847
0,0.000175
0,0.931406
0,0.000002
0,0.000001
0,0.666099
0,0.000135
0,0.000929
0,0.000007
0,0.459338
0,0.005229
0,0.000018
0,0.033969
0,0.001457
0,0.010078
0,0.170047
0,0.000017
0,0.419455
0,0.023608
0,0.060653
0,0.175272
0,0.000764
0,0.011339
0,0.003668
0,0.961311
0,0.118601
0,0.001244
0,0.615175
0,0.000003
0,0.004965
0,0.051075
0,0.008290
0,0.000124
0,0.000025
0,0.000013
0,0.002788
0,0.000266
0,0.002416
0,0.000083
0,0.022171
0,0.004046
0,0.000032
0,0.876082
0,0.000046
0,0.004571
0,0.948556
0,0.002326
0,0.028793
0,0.008515
0,0.004460
0,0.026954
0,0.000004
0,0.000233
0,0.021123
0,0.000018
0,0.002829
0,0.000001
0,0.000017
0,0.672699
0,0.010772
0,0.826472
0,0.000001
0,0.001533
0,0.021389
0,0.000851
0,0.001125
0,0.526343
0,0.147957
0,0.433216
0,0.001917
0,0.769494
0,0.260237
0,0.216257
0,0.061555
0,0.008447
0,0.962941
0,0.405441
0,0.000254
0,0.218984
0,0.019991
0,0.000003
0,0.000087
0,0.817520
0,0.000241
0,0.217555
0,0.043780
0,0.001755
0,0.747086
0,0.004204
0,0.014166
0,0.045825
0,0.000231
0,0.050319
0,0.141959
0,0.000022
0,0.090196
0,0.000178
0,0.818285
0,0.000005
0,0.000159
0,0.000016
0,0.000801
0,0.000418
0,0.010631
0,0.014402
0,0.000604
0,0.757157
0,0.000918
0,0.002537
0,0.000821
0,0.997026
0,0.000004
0,0.459023
0,0.485971
0,0.000216
0,0.000775
0,0.000251
0,0.032517
0,0.002181
0,0.000040
0,0.000190
0,0.002057
0,0.102889
0,0.673350
0,0.000904
0,0.000481
0,0.265381
0,0.573536
0,0.026199
0,0.003333
0,0.293538
0,0.000364
0,0.000967
0,0.383256
0,0.000001
0,0.042935
0,0.000813
0,0.013488
0,0.000427
0,0.109099
0,0.247093
0,0.000278
0,0.036260
0,0.007635
0,0.000015
0,0.000115
0,0.144048
0,0.001212
0,0.000092
0,0.000224
0,0.002794
0,0.110946
0,0.000009
0,0.000204
0,0.032436
0,0.033949
0,0.042414
0,0.013909
0,0.004196
0,0.003858
0,0.010992
0,0.002321
0,0.570887
0,0.734383
0,0.000488
0,0.113311
0,0.017107
0,0.000008
0,0.000070
0,0.035461
0,0.679754
0,0.014427
0,0.003589
0,0.035213
0,0.018717
0,0.001164
0,0.015513
0,0.000079
0,0.836456
0,0.000137
0,0.484935
0,0.000231
0,0.019953
0,0.766245
0,0.186183
0,0.000250
0,0.995441
0,0.306664
0,0.050334
0,0.000075
0,0.121079
0,0.013071
0,0.939426
0,0.009438
0,0.000035
0,0.004722
0,0.003455
0,0.458608
0,0.000002
0,0.002429
0,0.025758
0,0.001217
0,0.000002
0,0.004186
0,0.044648
0,0.000180
0,0.004041
0,0.005945
0,0.009561
0,0.005216
0,0.000035
0,0.000077
0,0.005345
0,0.131177
0,0.000021
0,0.012702
0,0.099008
0,0.025092
0,0.000002
0,0.000016
0,0.004699
0,0.007628
0,0.968122
0,0.019212
0,0.005643
0,0.000011
0,0.014821
0,0.002631
0,0.000001
0,0.003997
0,0.371785
0,0.110778
0,0.190760
0,0.005466
0,0.005058
0,0.000235
0,0.020493
0,0.000624
0,0.023647
0,0.001769
0,0.693272
0,0.072148
0,0.958041
0,0.072426
0,0.000529
0,0.271898
0,0.814150
0,0.001396
0,0.013576
0,0.000083
0,0.000039
0,0.007282
0,0.000258
0,0.766452
0,0.000008
0,0.052748
0,0.010921
0,0.796349
0,0.000024
0,0.040043
0,0.024988
0,0.061837
0,0.000373
0,0.015164
0,0.006760
0,0.482735
0,0.063960
0,0.000088
0,0.001468
0,0.002665
1,0.009285
0,0.003494
0,0.005115
0,0.001164
0,0.003275
0,0.918635
0,0.000016
0,0.379812
0,0.108238
0,0.000241
0,0.283748
0,0.006476
0,0.036466
0,0.002904
0,0.000073
0,0.000076
0,0.000204
0,0.000265
0,0.000001
0,0.016241
0,0.002648
0,0.001286
0,0.004707
0,0.000412
0,0.190943
0,0.227209
0,0.017495
0,0.016913
0,0.008018
0,0.000340
0,0.016909
0,0.009522
0,0.949762
0,0.998468
0,0.000050
0,0.000189
0,0.095356
0,0.018267
0,0.778547
0,0.000251
0,0.000154
0,0.026255
0,0.471174
0,0.000135
0,0.024027
0,0.000142
0,0.003677
0,0.143639
0,0.000123
0,0.008837
0,0.384874
0,0.000004
0,0.000365
0,0.037322
0,0.014252
0,0.068747
0,0.110558
0,0.800360
0,0.022626
0,0.582891
0,0.192402
0,0.003374
0,0.000161
0,0.001289
0,0.994489
0,0.004648
0,0.289632
0,0.948319
0,0.008045
0,0.754298
0,0.951011
0,0.000001
0,0.165959
0,0.215520
0,0.000595
0,0.000074
0,0.087210
0,0.023287
0,0.002105
0,0.000143
0,0.054461
0,0.000812
0,0.000755
0,0.965789
0,0.000770
0,0.001613
0,0.265715
0,0.000402
0,0.978939
0,0.297144
0,0.218706
0,0.274438
0,0.687498
0,0.000001
0,0.019056
0,0.001935
0,0.951296
0,0.604881
0,0.061357
0,0.000069
0,0.900694
0,0.000368
0,0.002705
0,0.048975
0,0.003751
0,0.001050
0,0.000043
0,0.000079
0,0.007530
0,0.000500
0,0.075200
0,0.099266
0,0.000091
0,0.999552
0,0.000007
0,0.012342
0,0.036446
0,0.495704
0,0.022543
0,0.003014
0,0.001140
0,0.663989
0,0.000016
0,0.879170
0,0.025026
0,0.020387
0,0.022984
0,0.482754
0,0.014864
0,0.000048
0,0.161119
0,0.989771
0,0.000596
0,0.000021
0,0.009141
0,0.086363
0,0.075586
0,0.000008
0,0.284132
0,0.000217
0,0.000445
0,0.342525
0,0.079143
0,0.999125
0,0.021718
0,0.042748
0,0.873852
0,0.000001
0,0.348635
0,0.034788
0,0.000351
0,0.068294
0,0.005280
0,0.073239
0,0.001031
0,0.101239
0,0.013888
0,0.000129
0,0.000016
0,0.000550
0,0.118802
0,0.139575
0,0.001992
0,0.006036
0,0.000839
0,0.000277
0,0.000898
0,0.372698
0,0.708709
0,0.061941
0,0.022172
0,0.011469
0,0.087076
0,0.002299
0,0.000036
0,0.080014
0,0.029141
0,0.065923
0,0.012191
0,0.488219
0,0.701087
0,0.400383
0,0.003002
0,0.881678
0,0.386948
0,0.288280
0,0.000329
0,0.039434
0,0.001316
0,0.001153
0,0.000021
0,0.955701
0,0.001292
0,0.038630
0,0.000193
0,0.007238
0,0.047508
0,0.021470
0,0.002975
0,0.262795
0,0.030076
0,0.000249
0,0.000655
0,0.000476
0,0.000053
0,0.001437
0,0.011962
0,0.001698
0,0.000001
0,0.000083
0,0.314545
0,0.023759
0,0.999287
0,0.000238
0,0.058947
0,0.000084
0,0.520520
0,0.006556
0,0.000025
0,0.722848
0,0.804159
0,0.883888
0,0.082527
0,0.668354
0,0.002536
0,0.001422
0,0.001719
0,0.005671
0,0.168597
0,0.884440
0,0.184709
0,0.014128
0,0.951075
0,0.830625
0,0.718405
0,0.151312
0,0.371694
0,0.000003
0,0.000003
0,0.002763
0,0.005472
0,0.044144
0,0.046951
0,0.001925
0,0.015023
0,0.000098
0,0.002266
0,0.021014
0,0.047007
0,0.089822
0,0.409109
0,0.065632
0,0.095346
0,0.001276
0,0.066779
0,0.000025
0,0.521362
0,0.084050
0,0.005720
0,0.468053
0,0.069677
0,0.126981
0,0.003287
0,0.000059
0,0.000323
0,0.034744
0,0.934538
0,0.002865
0,0.000002
0,0.000064
0,0.000003
0,0.000285
0,0.000436
0,0.002863
0,0.000215
0,0.002777
0,0.001595
0,0.395657
0,0.117903
0,0.001518
0,0.000019
0,0.004714
0,0.007314
0,0.039057
0,0.120474
0,0.006307
0,0.004793
0,0.008350
0,0.004638
0,0.000410
0,0.028141
0,0.000024
0,0.074978
0,0.467661
0,0.312053
0,0.098724
0,0.000003
0,0.993500
0,0.937412
0,0.000575
0,0.017815
1,0.944523
0,0.157370
0,0.011042
0,0.021408
0,0.011834
0,0.576046
0,0.001133
0,0.983335
0,0.005468
0,0.950633
0,0.220471
0,0.001428
0,0.022720
0,0.005268
0,0.150305
0,0.005410
0,0.031558
0,0.011266
0,0.213901
0,0.014512
0,0.000175
0,0.920901
0,0.005776
0,0.000001
0,0.000273
0,0.000151
0,0.001597
0,0.061142
0,0.056026
0,0.407456
0,0.741767
0,0.000057
0,0.003116
0,0.000122
0,0.000157
0,0.002974
0,0.037293
0,0.384153
0,0.187220
0,0.000467
0,0.008366
0,0.707523
0,0.001300
0,0.149123
0,0.133529
0,0.061918
0,0.000036
0,0.000006
0,0.358549
0,0.319000
0,0.440864
0,0.001899
0,0.007182
0,0.952163
0,0.000009
0,0.033781
0,0.004230
0,0.113137
0,0.000542
0,0.000074
0,0.000001
0,0.022429
0,0.144295
0,0.000032
0,0.000143
0,0.193889
0,0.008357
0,0.026248
0,0.094775
0,0.340581
0,0.000227
0,0.972591
0,0.142477
0,0.005442
0,0.009341
0,0.000008
0,0.950325
0,0.238697
0,0.178466
0,0.000011
0,0.000090
0,0.923585
0,0.421398
0,0.000002
0,0.002335
0,0.116740
0,0.042001
0,0.000045
0,0.106675
0,0.215018
0,0.487571
0,0.104824
0,0.025619
0,0.888784
0,0.001669
0,0.000001
0,0.165815
0,0.000874
0,0.908265
0,0.000011
0,0.010694
0,0.001028
0,0.007933
0,0.040619
0,0.514343
0,0.001573
0,0.000169
0,0.995472
0,0.000182
0,0.678347
0,0.428261
0,0.000450
0,0.032097
0,0.006940
0,0.043341
0,0.056020
0,0.597488
0,0.000027
0,0.127154
0,0.002773
0,0.002401
0,0.000274
0,0.000043
0,0.004209
0,0.000007
0,0.001242
0,0.000026
0,0.000226
0,0.001038
1,0.999953
0,0.001875
0,0.128101
0,0.043576
0,0.007958
0,0.008324
0,0.100995
0,0.009586
0,0.000326
0,0.000009
0,0.768241
0,0.000034
0,0.815108
0,0.948074
0,0.004104
0,0.621741
0,0.956300
0,0.260632
0,0.002655
0,0.000017
0,0.000102
0,0.062335
0,0.004734
0,0.906312
0,0.002777
0,0.000036
0,0.000001
0,0.160784
0,0.000059
0,0.837399
0,0.000038
0,0.000004
0,0.046952
0,0.001404
0,0.239066
0,0.109831
0,0.106896
0,0.000101
0,0.000540
0,0.000103
0,0.291787
0,0.011541
0,0.004558
0,0.000050
0,0.600746
0,0.000023
0,0.000002
0,0.444323
0,0.005299
0,0.000002
0,0.186039
0,0.025298
0,0.146749
0,0.000031
0,0.002080
0,0.006110
0,0.001005
0,0.000116
0,0.393913
0,0.015868
0,0.108227
0,0.028667
0,0.000534
0,0.045928
0,0.059581
0,0.000510
0,0.039730
0,0.167036
0,0.003791
0,0.837610
0,0.000476
0,0.000133
0,0.004594
0,0.359505
0,0.001531
0,0.071893
0,0.000075
0,0.871977
0,0.003898
1,0.868728
0,0.713192
0,0.031124
0,0.000207
0,0.000007
0,0.000083
0,0.697629
0,0.007941
0,0.000971
0,0.007255
0,0.002987
0,0.003615
0,0.811709
0,0.327058
0,0.000194
0,0.133705
0,0.964428
0,0.032902
0,0.003239
0,0.112546
0,0.040936
0,0.000550
0,0.003327
0,0.076024
0,0.516382
0,0.015343
0,0.931984
0,0.907950
1,0.651038
0,0.239901
0,0.065960
0,0.000558
0,0.001138
0,0.000602
0,0.000001
0,0.008187
0,0.000012
0,0.000367
0,0.000254
0,0.000458
0,0.645707
0,0.036532
0,0.003162
0,0.002932
0,0.001018
0,0.005225
0,0.004457
0,0.987440
0,0.559498
0,0.281294
0,0.000080
0,0.789515
0,0.000024
0,0.024052
0,0.938693
0,0.000015
0,0.000045
0,0.026670
0,0.140472
0,0.000715
0,0.000156
0,0.021493
0,0.012551
0,0.207506
0,0.054689
0,0.100119
0,0.231974
0,0.016982
0,0.006960
0,0.047183
1,0.428874
0,0.048612
0,0.000197
0,0.000062
0,0.000967
0,0.348404
0,0.055149
0,0.000018
0,0.020484
0,0.044478
0,0.000065
0,0.394872
0,0.933167
0,0.014212
1,0.781847
0,0.001592
0,0.393574
0,0.029436
0,0.025585
0,0.088780
0,0.006129
0,0.000028
0,0.000066
0,0.082945
0,0.009120
0,0.618714
0,0.001944
0,0.000291
0,0.001787
0,0.001137
0,0.013665
0,0.061459
0,0.348790
0,0.000233
0,0.040046
0,0.136393
0,0.013825
0,0.002158
0,0.031952
0,0.000064
0,0.122543
0,0.027876
0,0.829567
0,0.124464
0,0.513192
0,0.012894
0,0.209701
0,0.049133
0,0.000010
0,0.000193
0,0.006319
0,0.001473
0,0.067307
0,0.022002
0,0.010128
0,0.001350
0,0.000153
0,0.000119
0,0.414958
0,0.999811
0,0.003252
0,0.127351
0,0.000023
0,0.013947
0,0.545140
0,0.004944
0,0.000037
0,0.002273
0,0.014813
0,0.003849
0,0.000001
0,0.010437
0,0.407117
0,0.000255
0,0.001552
0,0.035754
0,0.902215
0,0.000749
0,0.003034
0,0.000071
0,0.000012
0,0.005069
0,0.005366
0,0.150123
0,0.513339
0,0.002675
0,0.003372
0,0.004928
0,0.088429
0,0.000058
0,0.010620
0,0.069116
0,0.003385
0,0.005133
0,0.000177
0,0.725226
0,0.000396
0,0.002150
0,0.000188
0,0.000048
0,0.000613
0,0.793687
0,0.005131
0,0.005785
1,0.999955
0,0.003989
0,0.000005
0,0.002779
0,0.233934
0,0.006758
0,0.003898
0,0.015985
0,0.004184
0,0.018799
0,0.000001
0,0.000051
0,0.000034
0,0.162653
0,0.695472
0,0.055064
0,0.566659
0,0.019325
0,0.016973
0,0.014579
0,0.122125
0,0.007375
0,0.000176
0,0.086027
0,0.018126
0,0.006481
0,0.546855
0,0.000073
0,0.782550
0,0.008736
0,0.000714
0,0.002768
0,0.000015
0,0.000601
0,0.000026
0,0.159853
0,0.343541
0,0.000002
0,0.025602
0,0.387791
0,0.000308
0,0.416316
0,0.921864
0,0.715187
0,0.014989
0,0.002024
0,0.000486
0,0.017540
0,0.026107
0,0.000376
0,0.000001
0,0.000005
0,0.000042
0,0.000533
0,0.515902
0,0.090347
0,0.795409
0,0.961601
0,0.704990
0,0.000422
0,0.001412
0,0.000307
0,0.012332
0,0.000186
0,0.004304
0,0.000008
0,0.000006
0,0.097296
0,0.001809
0,0.501919
0,0.000304
0,0.006910
0,0.003374
0,0.001047
0,0.000015
0,0.000083
0,0.001164
0,0.009481
0,0.007537
0,0.265427
0,0.017776
0,0.003808
0,0.777865
0,0.002482
0,0.017282
0,0.075625
0,0.000011
0,0.002102
0,0.000042
0,0.000036
0,0.005779
0,0.000510
0,0.365593
0,0.000013
0,0.077913
0,0.076119
0,0.000088
0,0.000238
0,0.000079
0,0.002496
0,0.000159
0,0.000001
0,0.038057
0,0.000079
0,0.080608
0,0.000018
0,0.053798
0,0.148744
0,0.004724
0,0.005237
0,0.000021
0,0.001882
0,0.133620
0,0.006178
0,0.003081
0,0.175949
0,0.000034
0,0.039590
0,0.000453
0,0.030548
0,0.170614
0,0.000525
0,0.167385
0,0.398764
0,0.005194
0,0.072022
0,0.002957
0,0.000019
1,0.999834
0,0.002253
0,0.009673
0,0.000340
0,0.203668
0,0.003306
0,0.415202
0,0.000004
0,0.082166
0,0.253797
0,0.011673
0,0.194038
0,0.055597
0,0.027848
0,0.069423
0,0.937565
0,0.019534
0,0.010835
0,0.000301
0,0.000093
0,0.350661
0,0.000006
0,0.116279
0,0.003456
0,0.001023
0,0.000484
0,0.013123
0,0.022802
0,0.166294
0,0.017553
0,0.001741
0,0.000072
0,0.000861
0,0.010447
0,0.023874
0,0.079877
0,0.002580
0,0.115107
0,0.000020
0,0.000020
0,0.038149
0,0.009679
0,0.000249
0,0.012396
0,0.224380
0,0.012434
0,0.007522
1,0.999999
0,0.028820
0,0.000130
0,0.038829
0,0.114095
0,0.085558
0,0.000637
0,0.301689
0,0.001100
0,0.000090
0,0.003695
0,0.001174
0,0.000021
0,0.008887
0,0.012112
0,0.001264
0,0.000069
0,0.000001
0,0.004433
0,0.000157
0,0.006769
0,0.002326
0,0.896146
0,0.002501
0,0.171549
0,0.000283
0,0.027708
0,0.932765
0,0.005434
0,0.000030
0,0.002008
0,0.002143
0,0.991727
0,0.349606
0,0.003530
0,0.036072
0,0.015751
0,0.007478
0,0.000188
0,0.052603
0,0.000001
0,0.001592
0,0.000027
0,0.675796
0,0.186744
0,0.027308
0,0.001141
0,0.009805
0,0.000039
0,0.007415
0,0.365670
0,0.951061
0,0.016314
0,0.826587
0,0.000001
0,0.016019
0,0.440123
0,0.000010
0,0.000010
0,0.000002
0,0.088151
0,0.637848
0,0.338954
0,0.804481
0,0.000023
0,0.018251
0,0.001047
0,0.001075
0,0.068590
0,0.003591
0,0.716348
0,0.002604
0,0.009835
0,0.978187
0,0.003574
0,0.003559
0,0.007253
0,0.004140
0,0.000068
0,0.000494
0,0.013862
0,0.000625
0,0.006814
0,0.000230
0,0.015803
0,0.043294
0,0.585114
0,0.022622
0,0.000421
0,0.748094
0,0.964011
0,0.002282
0,0.000004
0,0.001410
0,0.031611
0,0.037096
0,0.110455
0,0.066115
0,0.000556
0,0.987906
0,0.000031
0,0.005401
0,0.001158
0,0.503470
0,0.002086
0,0.021011
0,0.085423
0,0.005360
0,0.386536
0,0.622110
0,0.001099
0,0.000427
0,0.034321
0,0.314714
0,0.006255
0,0.009579
0,0.004903
0,0.000175
0,0.298561
0,0.272576
0,0.015567
0,0.996348
0,0.434934
0,0.019108
0,0.042925
0,0.070413
0,0.022029
0,0.004429
0,0.501379
0,0.068886
0,0.000066
0,0.074078
0,0.001401
0,0.015913
0,0.245371
0,0.024089
0,0.003023
0,0.000651
0,0.001966
0,0.948323
0,0.000036
0,0.000640
0,0.006223
0,0.034065
0,0.001332
0,0.985451
0,0.348209
0,0.062109
0,0.032582
0,0.009560
0,0.598526
0,0.000179
0,0.005189
0,0.960316
0,0.000555
0,0.853258
0,0.000139
0,0.001292
0,0.000005
0,0.064527
0,0.002107
0,0.964343
0,0.121715
0,0.005885
0,0.010041
0,0.018282
0,0.000002
0,0.648216
1,0.993689
0,0.003993
0,0.017653
0,0.000426
0,0.318310
0,0.011931
0,0.000136
0,0.043331
0,0.000276
0,0.284194
0,0.089277
0,0.315485
0,0.002190
0,0.000747
0,0.023138
0,0.000979
0,0.000488
0,0.001000
0,0.998811
0,0.000047
0,0.000040
0,0.259787
0,0.035681
0,0.015104
0,0.001632
0,0.132142
0,0.004511
0,0.003010
0,0.001829
0,0.000005
0,0.022359
0,0.040042
0,0.000059
0,0.071235
0,0.000032
0,0.000013
0,0.000012
0,0.261512
0,0.002051
0,0.004481
0,0.017267
0,0.146522
0,0.001537
0,0.106760
0,0.000011
0,0.003390
0,0.051954
0,0.158554
0,0.000303
0,0.066428
0,0.255962
0,0.000388
0,0.017641
0,0.846005
0,0.891039
0,0.000633
0,0.011699
0,0.000071
0,0.005006
0,0.032730
0,0.000001
0,0.937312
0,0.000001
0,0.000618
0,0.202367
0,0.005414
0,0.051542
0,0.065312
0,0.106825
0,0.002063
0,0.001490
0,0.000443
0,0.834366
0,0.000547
0,0.000583
0,0.242894
0,0.001474
0,0.012979
1,0.998401
0,0.000004
0,0.000109
0,0.060557
0,0.004360
0,0.029789
0,0.118433
0,0.004479
0,0.008174
0,0.238526
0,0.339329
0,0.066631
0,0.050964
0,0.039026
0,0.397794
0,0.004920
0,0.000210
0,0.008058
0,0.000002
0,0.001516
0,0.000001
1,0.184693
0,0.054314
0,0.946294
0,0.000142
0,0.000167
0,0.652472
0,0.027328
0,0.003150
0,0.795373
0,0.004173
0,0.015112
0,0.334756
0,0.000596
0,0.952654
1,0.980761
0,0.000921
0,0.057336
0,0.000139
0,0.017624
0,0.669237
0,0.022914
0,0.000029
0,0.008062
0,0.003173
0,0.000013
0,0.014867
0,0.000021
0,0.000080
0,0.023512
0,0.000009
0,0.014699
0,0.004863
0,0.431674
0,0.177296
0,0.000834
0,0.108192
0,0.002663
0,0.106510
0,0.000109
0,0.233646
0,0.009358
0,0.018102
0,0.016834
0,0.991254
0,0.000010
0,0.006219
0,0.024347
0,0.005020
0,0.076812
0,0.000592
0,0.494725
0,0.020549
0,0.025800
0,0.014606
0,0.791655
0,0.008199
0,0.919026
0,0.000253
0,0.009313
0,0.181983
0,0.000443
0,0.636056
0,0.007223
0,0.147328
0,0.248152
0,0.000167
0,0.001768
0,0.006967
0,0.823864
0,0.010541
0,0.009182
0,0.569188
0,0.011328
0,0.445043
0,0.000149
0,0.000011
0,0.000142
0,0.000208
0,0.712258
0,0.039859
0,0.162331
0,0.000002
0,0.024566
0,0.000585
0,0.001584
0,0.027529
0,0.607534
0,0.000537
0,0.415298
0,0.007982
0,0.000056
0,0.004074
0,0.010595
0,0.112691
0,0.017688
0,0.892977
0,0.252563
0,0.001805
0,0.072696
0,0.006810
0,0.008372
0,0.001099
0,0.432429
0,0.191797
0,0.064804
0,0.000055
0,0.231441
0,0.089802
0,0.088128
0,0.000046
0,0.000092
0,0.000323
0,0.000036
0,0.000306
0,0.147031
0,0.486881
0,0.978289
0,0.004365
0,0.000948
0,0.783781
0,0.001799
0,0.000031
0,0.022711
0,0.007617
0,0.000193
0,0.003869
0,0.000031
0,0.053646
0,0.319840
0,0.204824
0,0.265973
0,0.002794
0,0.192704
0,0.000044
0,0.009035
0,0.003295
0,0.026723
0,0.021796
0,0.015435
0,0.877193
0,0.000015
0,0.243969
0,0.012529
0,0.000233
0,0.376012
0,0.158707
0,0.146366
0,0.954371
0,0.129497
0,0.000073
0,0.000541
1,0.999728
0,0.077281
0,0.003141
0,0.575438
0,0.079691
0,0.000007
0,0.016862
0,0.000015
0,0.000813
0,0.000009
0,0.004812
0,0.006579
0,0.000009
0,0.001210
0,0.000376
0,0.719314
0,0.000029
0,0.125634
0,0.055614
0,0.010973
0,0.000003
0,0.000097
0,0.000787
0,0.069704
0,0.000007
0,0.051197
0,0.000040
0,0.000042
0,0.792771
0,0.262665
0,0.931727
0,0.159143
0,0.006257
0,0.000010
0,0.861510
0,0.000859
0,0.000138
0,0.981949
0,0.071514
0,0.000025
0,0.071965
0,0.478809
0,0.965658
0,0.009075
0,0.027105
0,0.000033
0,0.013650
0,0.000189
0,0.002233
0,0.621477
0,0.043565
0,0.000796
0,0.119504
0,0.000193
0,0.000027
0,0.013739
0,0.004685
0,0.057092
0,0.199444
0,0.003823
0,0.099056
0,0.000364
0,0.002911
0,0.000104
0,0.000366
0,0.000146
0,0.004758
0,0.452404
0,0.000022
0,0.000519
0,0.949160
0,0.020302
0,0.971085
0,0.309718
0,0.002909
0,0.000454
0,0.144735
0,0.000026
0,0.004777
0,0.000059
0,0.663041
0,0.000004
0,0.000272
0,0.000135
0,0.002625
0,0.274231
0,0.000649
0,0.001969
0,0.016015
0,0.008955
0,0.000001
0,0.001017
0,0.000053
0,0.000090
0,0.091404
0,0.727303
0,0.000093
0,0.065721
0,0.000036
0,0.000001
0,0.115300
0,0.122892
0,0.043763
1,0.777080
0,0.393324
0,0.148126
0,0.631626
0,0.063916
0,0.395250
0,0.027414
0,0.000078
0,0.007692
0,0.013302
0,0.000073
0,0.015791
0,0.351056
0,0.007690
0,0.021096
0,0.011902
0,0.034978
0,0.093951
0,0.000310
0,0.016835
0,0.002737
0,0.220350
0,0.003738
0,0.994454
0,0.073117
0,0.000469
0,0.004757
0,0.000001
0,0.000361
0,0.000060
0,0.000635
0,0.008373
0,0.000002
0,0.020794
0,0.002467
0,0.000138
0,0.074836
0,0.002843
0,0.002853
0,0.000027
0,0.000109
1,0.993405
0,0.000502
0,0.001370
0,0.002558
0,0.007029
0,0.074445
0,0.044116
0,0.005347
0,0.001760
0,0.618665
0,0.000046
0,0.016460
0,0.000001
0,0.000361
0,0.780195
0,0.020295
0,0.286551
0,0.012396
0,0.006135
0,0.000040
0,0.032485
0,0.000800
0,0.000113
0,0.004057
0,0.474981
0,0.003258
0,0.000172
0,0.001931
0,0.002193
0,0.114774
0,0.011739
0,0.899821
0,0.000001
0,0.077227
0,0.055717
0,0.080345
0,0.010201
0,0.000709
0,0.097378
0,0.531103
0,0.361591
1,0.997220
1,0.982421
0,0.000039
0,0.001770
0,0.157605
0,0.470064
0,0.029312
0,0.009634
0,0.000001
0,0.019349
0,0.000170
0,0.001345
0,0.052133
0,0.046307
0,0.821645
0,0.933425
0,0.165627
0,0.057741
0,0.015020
0,0.146404
0,0.023960
0,0.433207
0,0.115942
0,0.001442
0,0.000024
0,0.277326
0,0.075870
0,0.000001
0,0.000001
0,0.980020
0,0.006610
0,0.272620
0,0.828695
0,0.092835
0,0.387033
0,0.001909
0,0.467595
0,0.000389
0,0.014591
0,0.004980
0,0.030502
0,0.021858
0,0.081654
0,0.000013
0,0.000352
0,0.000703
0,0.000128
0,0.005919
0,0.586968
0,0.008541
0,0.000019
0,0.003867
0,0.020022
0,0.000014
0,0.001540
0,0.782913
0,0.961222
0,0.258111
0,0.003502
0,0.000003
0,0.000191
0,0.006414
0,0.016908
0,0.010855
0,0.116947
0,0.117986
0,0.010999
0,0.981681
0,0.007226
0,0.013356
0,0.196414
0,0.000893
0,0.010677
0,0.027905
0,0.002441
0,0.006752
0,0.001611
0,0.000001
0,0.000072
0,0.009479
0,0.000039
0,0.000206
0,0.327970
0,0.000037
0,0.000036
0,0.001110
0,0.817338
0,0.927035
0,0.001702
0,0.674381
0,0.259185
0,0.000015
0,0.034583
0,0.020161
0,0.035488
0,0.207853
0,0.953165
0,0.000021
0,0.029452
0,0.004431
0,0.013891
0,0.000098
0,0.221589
0,0.004148
0,0.001072
0,0.090218
0,0.094513
0,0.875197
0,0.075127
0,0.020070
0,0.000005
0,0.432870
0,0.035577
0,0.000141
0,0.000644
0,0.002169
0,0.000853
0,0.238004
0,0.783647
0,0.000093
0,0.000015
0,0.000164
0,0.000271
0,0.040243
0,0.000009
0,0.014907
0,0.001606
0,0.003688
0,0.000082
0,0.000828
0,0.038587
0,0.000374
0,0.002920
0,0.126469
0,0.015200
0,0.119084
0,0.888434
0,0.005349
0,0.812882
0,0.638504
0,0.044720
0,0.009907
0,0.000023
0,0.595714
0,0.216597
0,0.098947
0,0.006976
0,0.216495
0,0.008283
0,0.000024
0,0.002322
0,0.000227
0,0.952504
0,0.001001
0,0.696553
0,0.018611
0,0.011206
0,0.057948
0,0.126599
0,0.000007
0,0.002585
0,0.000005
0,0.149445
0,0.000367
0,0.799595
0,0.001367
0,0.018097
0,0.000306
0,0.000003
0,0.000818
0,0.010834
0,0.644852
0,0.002011
0,0.007101
0,0.000142
0,0.013266
0,0.000282
0,0.031349
0,0.003929
0,0.102897
0,0.513329
0,0.609456
0,0.003736
0,0.018403
0,0.018811
0,0.000287
0,0.112648
0,0.953336
0,0.817849
0,0.000193
0,0.000510
0,0.090797
0,0.007462
0,0.000133
0,0.000444
0,0.005130
0,0.011865
0,0.001473
0,0.088400
0,0.007971
0,0.000078
0,0.000782
0,0.003402
0,0.277645
0,0.068606
0,0.001673
0,0.021466
0,0.314886
0,0.705940
0,0.000027
0,0.000002
0,0.000010
0,0.002527
0,0.000706
0,0.000156
0,0.001540
0,0.011558
0,0.000015
0,0.000692
0,0.017158
0,0.003637
0,0.010073
0,0.001005
0,0.058811
0,0.005486
0,0.000553
0,0.000169
0,0.078840
0,0.009470
0,0.201906
0,0.000086
1,0.988072
0,0.000035
0,0.000193
0,0.000259
0,0.012629
0,0.006130
0,0.000003
0,0.016583
0,0.000076
0,0.498962
0,0.017351
0,0.024955
0,0.250293
0,0.000032
0,0.003799
0,0.050527
0,0.009816
0,0.017311
0,0.024218
0,0.000382
0,0.000002
0,0.014001
0,0.280392
1,0.999659
0,0.051137
0,0.045850
0,0.000110
0,0.000400
0,0.397113
0,0.047538
0,0.016959
0,0.055038
0,0.105319
0,0.319901
0,0.000142
0,0.003202
0,0.000020
0,0.998593
0,0.004151
0,0.162474
0,0.000157
0,0.000051
0,0.220279
0,0.000001
0,0.000247
0,0.756411
0,0.011371
0,0.237759
0,0.001403
0,0.011811
0,0.982383
0,0.957840
0,0.000236
0,0.140581
0,0.570919
0,0.000117
0,0.000008
0,0.000982
0,0.000005
0,0.016726
0,0.004598
0,0.011570
0,0.000024
0,0.008142
0,0.000036
0,0.007050
0,0.000029
0,0.005918
0,0.000022
0,0.000203
0,0.126186
0,0.000101
0,0.126536
0,0.000170
0,0.006776
0,0.001397
0,0.000529
0,0.000057
1,0.494687
0,0.000348
0,0.008986
0,0.351565
0,0.000026
0,0.000562
0,0.000001
0,0.000445
0,0.002484
0,0.000868
0,0.000048
0,0.153313
0,0.009012
0,0.004145
0,0.001996
0,0.000839
0,0.001765
0,0.000068
0,0.000104
0,0.000007
0,0.667488
0,0.007037
0,0.022218
0,0.000055
0,0.100730
0,0.007331
0,0.004574
0,0.000187
0,0.164947
0,0.000357
0,0.264572
0,0.005390
0,0.000148
0,0.000681
0,0.153669
0,0.898993
0,0.000493
0,0.167337
0,0.000597
0,0.082495
0,0.003671
0,0.000045
0,0.100420
0,0.001772
0,0.250478
0,0.029769
0,0.004111
0,0.056995
0,0.010107
0,0.000199
0,0.000001
0,0.495412
0,0.000540
0,0.994526
0,0.727575
0,0.000004
0,0.017182
0,0.273265
0,0.008346
0,0.021699
0,0.001791
0,0.002176
0,0.106822
0,0.037910
0,0.000012
0,0.014562
0,0.048093
0,0.000381
0,0.999025
0,0.981764
0,0.936487
0,0.476436
0,0.020801
0,0.050212
0,0.002047
0,0.988106
0,0.001787
0,0.000231
0,0.218276
0,0.032651
0,0.000281
0,0.000395
0,0.036458
0,0.090727
0,0.000191
0,0.008582
0,0.001126
0,0.000035
0,0.002618
0,0.000765
0,0.456793
0,0.002212
0,0.004734
0,0.042735
0,0.005449
0,0.664331
0,0.371685
0,0.726387
0,0.000044
0,0.268701
0,0.002425
0,0.698625
0,0.029182
0,0.000028
0,0.188536
0,0.000001
0,0.001124
0,0.036934
0,0.000008
0,0.014983
0,0.004119
0,0.000196
0,0.010761
0,0.000303
0,0.504690
0,0.070883
0,0.000181
0,0.032736
0,0.002119
0,0.021383
0,0.144333
0,0.058289
0,0.000049
0,0.000199
0,0.008774
0,0.002449
0,0.859779
0,0.100810
0,0.000879
0,0.000110
0,0.045189
0,0.170756
0,0.367930
0,0.017009
0,0.005137
0,0.040131
0,0.000417
0,0.000016
0,0.009142
0,0.026679
1,0.942200
0,0.004124
0,0.503199
0,0.000072
0,0.006260
0,0.002361
0,0.005640
0,0.425339
0,0.172027
0,0.916806
0,0.003858
0,0.016451
0,0.000004
0,0.001917
0,0.001924
0,0.099097
0,0.046993
0,0.041643
0,0.000144
0,0.000953
0,0.005497
0,0.157007
0,0.000794
0,0.050850
0,0.038611
0,0.017383
0,0.022900
0,0.000001
0,0.001417
0,0.002137
0,0.026962
0,0.054743
0,0.003514
0,0.642858
0,0.000007
0,0.000971
0,0.000065
0,0.000002
0,0.070796
0,0.825026
0,0.349495
0,0.050477
0,0.033986
0,0.107439
0,0.008099
0,0.227244
0,0.000270
0,0.000285
0,0.000519
0,0.153006
0,0.000988
0,0.000240
0,0.073188
0,0.000331
0,0.001154
0,0.006088
0,0.224280
0,0.141753
0,0.008355
0,0.993231
0,0.000044
0,0.000001
0,0.000137
0,0.001064
0,0.005069
0,0.159131
0,0.123039
0,0.090915
0,0.981620
0,0.000491
0,0.039391
0,0.000024
0,0.008998
0,0.019885
0,0.000200
0,0.000811
0,0.002014
0,0.000020
0,0.000442
0,0.524709
0,0.576678
0,0.043990
0,0.000409
0,0.725503
0,0.969390
0,0.004316
0,0.000022
0,0.001723
0,0.422323
0,0.000601
0,0.000133
0,0.001410
0,0.000005
0,0.554111
0,0.007825
0,0.000046
0,0.012921
0,0.000001
0,0.000134
0,0.098023
0,0.000142
0,0.000001
0,0.084647
0,0.000147
0,0.000210
0,0.006395
0,0.151094
0,0.002207
0,0.000447
0,0.950778
0,0.000030
0,0.120011
0,0.366262
0,0.020163
0,0.000104
0,0.000505
0,0.002191
0,0.000001
0,0.000600
0,0.000807
0,0.233588
0,0.000020
0,0.007602
0,0.000001
0,0.254834
0,0.085610
0,0.003575
0,0.001273
0,0.003105
0,0.000004
0,0.915757
0,0.201723
0,0.007618
0,0.000001
0,0.332054
0,0.000343
0,0.000070
0,0.343034
0,0.085034
0,0.001688
0,0.045430
0,0.029746
0,0.000001
0,0.000022
0,0.379562
0,0.112252
0,0.013976
0,0.950097
0,0.232945
0,0.890838
0,0.001108
0,0.051288
0,0.000118
0,0.003056
0,0.000103
0,0.038455
0,0.000143
0,0.001225
0,0.035888
0,0.000104
0,0.012682
0,0.062600
0,0.244911
0,0.005382
0,0.973259
0,0.000145
0,0.571318
0,0.983801
0,0.000601
0,0.000208
0,0.000038
0,0.001052
0,0.633788
0,0.001589
0,0.000598
0,0.000014
0,0.184546
0,0.996099
0,0.011859
0,0.003897
0,0.000326
0,0.001109
0,0.803653
0,0.001251
0,0.026709
0,0.000032
0,0.036583
0,0.155102
0,0.053556
0,0.049032
0,0.000504
0,0.003362
0,0.001420
0,0.189630
0,0.000086
0,0.000249
0,0.000001
0,0.980466
0,0.000018
0,0.033839
0,0.000560
0,0.905693
0,0.000685
0,0.000323
0,0.000215
0,0.004960
0,0.100431
0,0.321541
0,0.016057
0,0.606694
0,0.000199
0,0.334096
0,0.916922
0,0.915212
0,0.774827
0,0.016676
0,0.170866
0,0.005474
0,0.709563
0,0.000240
0,0.000157
1,0.999999
0,0.110462
0,0.000830
0,0.293862
0,0.622187
0,0.033785
0,0.028639
0,0.028587
0,0.006421
1,0.230025
0,0.107357
0,0.010023
0,0.000667
0,0.002912
0,0.641374
0,0.000224
0,0.005140
0,0.808822
0,0.004579
1,0.999949
0,0.000011
0,0.000001
0,0.018043
0,0.060503
0,0.000001
0,0.007784
0,0.001104
0,0.341332
0,0.002432
0,0.000523
0,0.000031
0,0.001622
0,0.006085
0,0.361052
0,0.491034
0,0.098839
0,0.006819
0,0.000339
0,0.209565
0,0.858917
0,0.178342
0,0.000067
0,0.052531
0,0.127613
0,0.214087
0,0.000259
0,0.232262
0,0.000971
0,0.075155
0,0.000005
0,0.001007
0,0.000117
0,0.043886
0,0.995906
0,0.024584
0,0.011524
0,0.017960
0,0.580820
0,0.000193
0,0.004465
0,0.084304
0,0.000381
0,0.023318
0,0.000018
0,0.861336
0,0.085520
0,0.881218
0,0.673979
0,0.004628
0,0.839988
0,0.000003
0,0.000644
0,0.003716
0,0.252814
0,0.302290
0,0.005116
0,0.404630
0,0.256767
0,0.000027
0,0.423354
0,0.000010
0,0.040616
0,0.000030
0,0.058546
0,0.000107
0,0.017919
0,0.018399
0,0.002973
0,0.031200
0,0.268302
0,0.000068
0,0.000495
0,0.000692
0,0.000756
0,0.000386
0,0.004885
0,0.004773
0,0.284665
0,0.000350
0,0.000151
0,0.000601
0,0.000132
0,0.192975
0,0.000628
0,0.825216
0,0.000095
0,0.371876
0,0.044914
0,0.000204
0,0.230536
0,0.058755
0,0.803558
0,0.013085
0,0.985854
0,0.175422
0,0.636547
0,0.000024
0,0.378263
0,0.015532
0,0.468013
0,0.000529
0,0.000012
0,0.000196
0,0.001476
0,0.020756
0,0.000154
0,0.047159
0,0.001945
0,0.040174
0,0.000149
0,0.003332
0,0.000001
0,0.201820
0,0.006248
0,0.000250
0,0.860256
0,0.000928
0,0.002444
0,0.009780
0,0.001913
0,0.000611
0,0.000034
0,0.000010
0,0.895219
0,0.000076
1,0.993075
0,0.082939
0,0.101235
0,0.001137
0,0.098800
0,0.010290
0,0.000510
0,0.000010
0,0.000023
0,0.162003
0,0.945808
0,0.008721
0,0.015297
0,0.021808
0,0.000381
0,0.648005
0,0.000228
0,0.000005
0,0.001554
0,0.002697
0,0.001895
0,0.015340
0,0.132875
0,0.000019
0,0.883361
0,0.001670
0,0.995718
0,0.000512
0,0.001525
0,0.020090
0,0.352355
0,0.155171
0,0.052275
0,0.000169
0,0.221874
0,0.747881
0,0.646609
0,0.002689
0,0.000010
0,0.000001
0,0.002549
0,0.008615
0,0.009296
0,0.614666
0,0.000319
0,0.017892
0,0.070477
0,0.073864
0,0.000006
0,0.140451
0,0.002267
0,0.000068
0,0.000295
0,0.284120
0,0.579860
0,0.110808
0,0.000620
0,0.147980
0,0.017244
0,0.130206
0,0.000895
0,0.014669
0,0.194018
0,0.843147
0,0.000016
0,0.029327
0,0.628215
0,0.218241
0,0.003240
0,0.000001
0,0.005588
0,0.001719
0,0.000118
0,0.003267
0,0.000439
0,0.001334
0,0.997197
0,0.000016
0,0.002895
0,0.066825
0,0.011504
0,0.004778
0,0.016445
0,0.006660
0,0.003893
0,0.009347
0,0.001132
0,0.038730
0,0.000500
0,0.002987
0,0.000546
0,0.947685
0,0.043114
0,0.000003
0,0.026450
0,0.000225
0,0.433167
0,0.029449
0,0.059275
0,0.180767
0,0.287559
0,0.000016
0,0.007649
0,0.035513
0,0.000001
0,0.059203
0,0.987575
0,0.036217
0,0.000018
0,0.001320
0,0.002080
0,0.206812
0,0.944802
0,0.001181
0,0.000083
0,0.023978
0,0.019863
0,0.959837
0,0.021530
0,0.000047
0,0.000001
0,0.104249
0,0.038486
0,0.001149
1,0.993217
0,0.618107
0,0.929059
0,0.000882
0,0.000892
0,0.000013
0,0.019691
0,0.000052
0,0.104165
0,0.000007
0,0.000172
0,0.001340
0,0.000012
0,0.040073
0,0.000231
0,0.738094
0,0.000215
0,0.086725
0,0.010002
0,0.055117
0,0.033470
0,0.398455
0,0.001141
0,0.000501
0,0.016706
0,0.970522
0,0.128395
0,0.041644
0,0.050575
0,0.168525
0,0.865628
0,0.009672
0,0.000538
0,0.003268
0,0.001069
0,0.864857
0,0.386383
0,0.700836
0,0.000083
0,0.001730
0,0.002873
0,0.975780
0,0.000407
0,0.000550
0,0.000143
0,0.001323
0,0.006178
0,0.000048
0,0.722316
0,0.001614
0,0.216223
0,0.567983
0,0.005410
0,0.365315
0,0.016930
0,0.008630
0,0.001669
0,0.881579
0,0.920329
0,0.991843
0,0.000007
0,0.085735
0,0.003443
0,0.462318
0,0.016013
0,0.001463
0,0.000023
0,0.012223
0,0.001714
0,0.000003
0,0.177654
0,0.020584
0,0.549587
0,0.030648
0,0.002173
0,0.002478
0,0.005238
0,0.020385
0,0.992303
0,0.075812
0,0.000836
0,0.022646
0,0.000022
0,0.002516
0,0.053083
0,0.083341
0,0.211983
0,0.000099
0,0.002355
0,0.084846
0,0.053390
0,0.005147
0,0.513802
0,0.017575
0,0.233365
0,0.000109
0,0.489917
0,0.000004
0,0.818919
0,0.990915
0,0.449128
0,0.017031
0,0.008282
0,0.000222
0,0.015315
0,0.004223
0,0.282318
0,0.906195
0,0.262357
0,0.236001
0,0.096861
0,0.000205
0,0.002257
0,0.100561
0,0.000672
0,0.591868
0,0.000194
0,0.001058
0,0.000555
0,0.123835
0,0.016253
0,0.008770
0,0.100097
0,0.918389
0,0.058659
0,0.000001
0,0.000030
0,0.004816
0,0.006244
1,0.991768
0,0.995680
0,0.443481
0,0.528322
0,0.000046
0,0.048250
0,0.009177
0,0.050783
0,0.000138
0,0.165594
0,0.006899
0,0.767132
0,0.005750
0,0.001584
0,0.007740
0,0.000825
0,0.011871
0,0.005453
0,0.005947
0,0.892224
0,0.008795
0,0.263136
0,0.001794
0,0.001131
0,0.109596
0,0.006627
0,0.001187
0,0.000001
0,0.093305
0,0.000602
0,0.000006
0,0.000460
0,0.000213
0,0.095357
0,0.000908
0,0.001300
0,0.148083
0,0.003504
0,0.023333
0,0.000266
0,0.873141
0,0.170412
0,0.001388
0,0.165781
0,0.017572
0,0.079851
0,0.003417
0,0.310360
0,0.003508
0,0.003955
0,0.196400
0,0.017512
0,0.279225
0,0.017742
0,0.626909
0,0.679631
0,0.002325
0,0.449172
0,0.278426
0,0.000258
0,0.001195
0,0.031278
0,0.006629
0,0.001472
0,0.000086
0,0.185096
0,0.025736
0,0.000005
0,0.005162
0,0.080209
0,0.002864
0,0.000238
0,0.013785
0,0.076148
0,0.002107
0,0.000738
0,0.263710
0,0.464096
0,0.000005
0,0.000478
0,0.000023
0,0.000472
0,0.000194
0,0.769093
0,0.622788
0,0.002409
0,0.030812
0,0.000184
0,0.028177
0,0.007606
0,0.000004
0,0.006469
0,0.001461
0,0.001638
0,0.682423
0,0.000156
0,0.003199
0,0.000001
0,0.019379
0,0.148668
0,0.004968
0,0.000002
0,0.056351
0,0.479915
0,0.736082
0,0.018514
0,0.018462
0,0.006147
0,0.004092
0,0.376512
0,0.139061
0,0.018509
0,0.145513
0,0.002640
0,0.000011
0,0.000031
0,0.006420
0,0.000001
0,0.003752
0,0.350126
0,0.951330
0,0.000927
0,0.000211
0,0.763292
0,0.377001
0,0.950421
0,0.000156
0,0.001363
0,0.403314
0,0.998272
0,0.000002
0,0.000101
0,0.000167
0,0.000049
0,0.001058
0,0.033892
0,0.001605
0,0.000267
0,0.001262
0,0.000561
0,0.002793
0,0.101265
0,0.106623
0,0.006150
0,0.029788
0,0.000005
0,0.001516
0,0.000001
0,0.000279
1,0.954225
0,0.000150
0,0.057268
0,0.005142
0,0.023303
0,0.001321
0,0.001161
0,0.000276
0,0.000050
0,0.002347
0,0.268273
0,0.000080
0,0.000743
0,0.069871
0,0.001729
0,0.081809
0,0.001595
0,0.074742
0,0.003665
0,0.000870
0,0.000340
0,0.000115
0,0.019264
0,0.002701
0,0.007780
0,0.006538
0,0.043217
0,0.280815
0,0.000356
0,0.000014
0,0.002313
0,0.000301
0,0.016544
0,0.012219
0,0.001495
0,0.057227
0,0.000416
0,0.031027
0,0.000363
0,0.000174
0,0.018773
0,0.000724
0,0.000001
0,0.000005
0,0.000007
0,0.004763
0,0.260413
0,0.003529
0,0.002372
0,0.000235
0,0.000322
0,0.188452
0,0.129243
0,0.014026
0,0.001515
0,0.130491
0,0.238797
0,0.000586
0,0.000138
0,0.000037
0,0.000004
0,0.010505
0,0.004252
0,0.967561
0,0.037896
0,0.000001
0,0.021921
0,0.267867
0,0.020194
0,0.546698
0,0.000001
0,0.000087
0,0.000130
0,0.002289
0,0.000030
0,0.967321
0,0.000002
0,0.003633
0,0.057700
0,0.000566
0,0.002226
0,0.000002
0,0.014688
0,0.004307
0,0.000105
0,0.000323
0,0.773306
0,0.000011
0,0.247709
0,0.000001
0,0.147587
0,0.128299
0,0.001864
0,0.572173
0,0.005554
0,0.004565
0,0.004458
0,0.627645
0,0.106318
0,0.760572
0,0.028901
0,0.562509
0,0.012584
0,0.991296
0,0.013092
0,0.015882
0,0.001638
0,0.008496
0,0.000376
0,0.000009
0,0.000159
0,0.038911
0,0.000006
0,0.003677
0,0.020502
0,0.001456
0,0.000289
0,0.000546
0,0.000677
0,0.184466
0,0.271720
0,0.000803
0,0.006903
0,0.009663
0,0.568247
0,0.001548
0,0.000271
0,0.551638
0,0.485730
0,0.006852
0,0.000144
0,0.000007
0,0.861984
0,0.011704
0,0.072459
0,0.025825
0,0.007365
0,0.972093
0,0.000101
0,0.000001
0,0.526105
0,0.001309
0,0.005274
0,0.001366
0,0.000245
0,0.220555
0,0.002008
0,0.196151
0,0.596256
0,0.003002
0,0.003917
0,0.309012
0,0.001590
0,0.002542
0,0.001367
0,0.075379
0,0.000524
0,0.173009
0,0.328707
0,0.925345
0,0.878642
0,0.004583
0,0.999257
0,0.051475
0,0.163762
0,0.000353
0,0.964165
0,0.633657
0,0.135613
0,0.000048
0,0.491676
0,0.002964
0,0.000406
0,0.077162
1,0.001054
0,0.000001
0,0.418139
0,0.021851
0,0.000029
0,0.003423
0,0.000001
0,0.865437
0,0.001253
0,0.000728
0,0.859001
0,0.823192
0,0.126716
0,0.000636
0,0.283449
0,0.000546
0,0.056286
0,0.265724
0,0.086378
0,0.065954
0,0.000265
0,0.000001
0,0.000005
0,0.000142
0,0.003461
0,0.000999
0,0.107099
0,0.000001
0,0.003104
0,0.018278
0,0.006785
0,0.001083
0,0.002941
0,0.970957
0,0.004914
0,0.961809
0,0.000183
0,0.141918
0,0.012678
0,0.001196
0,0.266258
0,0.018083
0,0.006277
0,0.000018
0,0.000011
0,0.000302
0,0.000006
0,0.065409
0,0.024919
0,0.184237
0,0.249180
0,0.012188
0,0.000001
0,0.000181
0,0.006784
0,0.000237
0,0.093093
0,0.011723
0,0.035822
0,0.452024
0,0.311840
0,0.000273
0,0.196899
0,0.007071
0,0.000060
0,0.000520
0,0.098790
0,0.004922
0,0.004096
0,0.000540
0,0.187101
0,0.021448
0,0.000055
0,0.131857
0,0.006662
0,0.000004
0,0.000479
0,0.067766
0,0.004312
0,0.000231
0,0.084341
0,0.029381
0,0.643816
0,0.001837
0,0.022374
0,0.009280
0,0.171815
0,0.756039
0,0.069726
0,0.797766
0,0.003443
0,0.000539
0,0.682851
0,0.000793
0,0.000016
0,0.036160
0,0.003252
0,0.151321
0,0.164431
0,0.486538
0,0.000367
0,0.001481
0,0.000007
0,0.000418
0,0.599669
0,0.015385
0,0.067909
0,0.000636
0,0.022991
0,0.000253
0,0.692218
0,0.007026
0,0.074816
0,0.903131
0,0.963382
0,0.001430
0,0.294975
0,0.042009
0,0.287048
0,0.010274
0,0.721013
0,0.000008
0,0.310389
0,0.000510
0,0.001129
0,0.017856
0,0.000315
0,0.000029
0,0.472534
0,0.001122
0,0.003120
0,0.000001
0,0.964008
0,0.000001
0,0.003085
0,0.009159
0,0.000515
0,0.000034
0,0.003355
0,0.001831
0,0.000196
0,0.049608
0,0.132056
0,0.003103
0,0.020606
0,0.020170
0,0.561917
0,0.000001
0,0.407244
0,0.002676
0,0.000003
0,0.010430
0,0.018328
0,0.038257
0,0.003788
1,0.216223
0,0.001412
0,0.008587
0,0.000850
1,0.986478
0,0.003531
0,0.006785
0,0.118698
0,0.973512
0,0.071253
0,0.966067
0,0.325633
0,0.000598
0,0.002362
0,0.367746
0,0.000007
0,0.000403
0,0.000054
0,0.000573
0,0.064663
0,0.001635
0,0.000323
0,0.028533
0,0.000404
0,0.000107
0,0.144232
0,0.000805
0,0.000068
0,0.002063
0,0.008098
0,0.007848
0,0.001925
0,0.001297
0,0.195877
0,0.050347
0,0.000211
0,0.000268
0,0.000370
0,0.025131
0,0.008650
0,0.055600
0,0.361629
0,0.705700
0,0.003528
0,0.000003
0,0.000025
0,0.000132
0,0.000465
0,0.114291
0,0.480677
0,0.000013
0,0.058518
0,0.002427
0,0.323826
0,0.000004
0,0.017903
0,0.001887
0,0.000014
0,0.006806
0,0.817667
0,0.149070
0,0.976691
0,0.108301
0,0.999820
0,0.000188
0,0.003235
0,0.000082
0,0.007607
0,0.000001
0,0.023169
0,0.000069
0,0.004446
0,0.000031
0,0.102311
0,0.000013
0,0.031654
0,0.000366
0,0.001131
0,0.677952
0,0.000086
0,0.000002
0,0.006947
0,0.014366
0,0.226769
0,0.000627
0,0.039162
0,0.337394
0,0.000141
0,0.003283
0,0.000949
0,0.075322
0,0.024109
0,0.172454
0,0.000120
0,0.000001
0,0.379488
0,0.000312
0,0.172571
0,0.000365
0,0.135668
0,0.005720
0,0.156553
0,0.006873
0,0.000263
0,0.297669
0,0.008030
0,0.015911
0,0.338516
0,0.001111
0,0.014870
0,0.001003
0,0.147076
0,0.007414
0,0.000875
0,0.008600
0,0.000391
0,0.000191
0,0.017962
0,0.000001
0,0.124207
0,0.000128
0,0.129586
0,0.024456
0,0.233048
0,0.012529
0,0.002705
0,0.046338
0,0.237035
0,0.652624
0,0.640639
0,0.000044
1,0.965761
0,0.002756
0,0.000001
0,0.000079
0,0.241446
0,0.020583
0,0.000123
0,0.657245
0,0.000164
0,0.000096
0,0.000001
0,0.000515
0,0.001435
0,0.000010
0,0.000007
0,0.000278
0,0.012860
0,0.000224
0,0.982521
0,0.004501
0,0.018685
0,0.000192
0,0.001827
0,0.004032
0,0.004849
0,0.119099
0,0.000314
0,0.985471
0,0.000032
0,0.000011
0,0.045298
0,0.009157
0,0.000532
0,0.019839
0,0.000188
0,0.004821
0,0.032223
0,0.000201
0,0.882102
0,0.009176
0,0.001665
0,0.217120
0,0.218162
0,0.000354
0,0.015320
0,0.007375
0,0.920871
0,0.000398
0,0.001416
0,0.162748
0,0.087060
0,0.000108
0,0.986779
0,0.925665
0,0.003255
0,0.002481
0,0.026110
0,0.248951
0,0.000005
0,0.000105
0,0.000217
0,0.000050
0,0.000249
0,0.020300
0,0.083351
0,0.000269
0,0.000456
0,0.067812
0,0.000139
0,0.018516
0,0.581938
0,0.003979
0,0.000019
0,0.000022
0,0.012390
0,0.000590
0,0.000001
0,0.014586
0,0.034388
0,0.076549
0,0.006000
0,0.000270
0,0.004585
0,0.006854
0,0.993770
0,0.008007
0,0.115380
0,0.592155
0,0.092698
0,0.008387
0,0.019220
0,0.006708
0,0.004572
0,0.000145
0,0.005763
0,0.000954
0,0.001759
0,0.000085
0,0.010563
0,0.000978
0,0.039509
0,0.002069
0,0.005632
0,0.010704
0,0.929100
0,0.902494
0,0.000588
0,0.160618
0,0.000508
0,0.001388
0,0.000481
0,0.000001
0,0.455201
0,0.001889
0,0.002031
0,0.644662
0,0.000110
0,0.028884
0,0.000004
0,0.000313
0,0.385691
0,0.217928
0,0.000074
0,0.075421
0,0.734417
0,0.127965
0,0.173024
0,0.000024
0,0.628710
0,0.089050
0,0.004447
0,0.000010
0,0.152450
0,0.041102
0,0.000448
0,0.002398
0,0.093187
0,0.553753
0,0.963354
0,0.000626
0,0.222927
0,0.033553
0,0.139220
0,0.000169
0,0.721170
0,0.647594
0,0.074346
0,0.848486
0,0.089604
0,0.012723
0,0.002680
0,0.000052
0,0.000685
0,0.002978
0,0.051289
0,0.000013
0,0.000195
0,0.000558
0,0.054284
0,0.248888
0,0.000001
0,0.198686
0,0.003789
0,0.270489
0,0.025828
0,0.004470
0,0.964515
0,0.029049
0,0.000006
0,0.314978
0,0.002698
0,0.002934
0,0.000066
0,0.001176
0,0.002742
0,0.360870
0,0.000009
0,0.118878
0,0.900473
0,0.012441
0,0.011568
0,0.581346
0,0.033514
0,0.000713
0,0.000013
0,0.022173
0,0.603716
0,0.002028
0,0.126626
0,0.527102
0,0.000014
0,0.890995
0,0.000079
0,0.028663
0,0.960655
0,0.010810
0,0.045976
0,0.471235
0,0.140252
0,0.330639
0,0.000292
0,0.000009
0,0.018207
0,0.003169
0,0.006654
0,0.001017
0,0.055539
0,0.001986
0,0.017379
0,0.393560
0,0.000366
0,0.121203
0,0.000200
0,0.000886
0,0.239937
0,0.000029
0,0.002897
0,0.012101
0,0.001090
0,0.873612
0,0.003393
0,0.041844
0,0.033567
0,0.035190
0,0.000856
0,0.011876
0,0.008157
0,0.095974
0,0.994424
0,0.975960
0,0.020818
0,0.311570
0,0.073900
0,0.208411
0,0.028714
0,0.008299
0,0.000008
0,0.876231
0,0.036153
0,0.001668
0,0.991254
0,0.278479
0,0.001161
0,0.694399
0,0.001186
0,0.001398
0,0.155621
0,0.000428
0,0.000012
0,0.000001
0,0.091793
0,0.057364
0,0.003624
0,0.017537
0,0.103711
0,0.000006
0,0.570213
0,0.180156
0,0.880112
0,0.012823
0,0.000025
0,0.001124
0,0.020213
0,0.933825
0,0.002936
0,0.001496
0,0.000623
0,0.997650
0,0.010048
0,0.003909
0,0.004139
0,0.000001
0,0.086798
0,0.758639
0,0.000457
0,0.706404
0,0.307646
0,0.966398
0,0.000079
0,0.005013
0,0.045048
0,0.001337
0,0.000278
0,0.027109
0,0.124442
0,0.024653
0,0.000572
0,0.003423
0,0.734272
0,0.000198
0,0.006384
0,0.001074
0,0.001324
0,0.370623
0,0.000859
0,0.033558
0,0.000197
0,0.304175
0,0.123595
0,0.049385
0,0.017475
0,0.087703
0,0.000379
0,0.001146
0,0.000426
0,0.003331
0,0.109950
0,0.018522
0,0.006081
0,0.013495
0,0.009103
0,0.002007
0,0.098452
0,0.000147
0,0.000006
0,0.351192
0,0.004627
0,0.003208
0,0.965182
0,0.175302
0,0.000172
0,0.000400
0,0.001067
0,0.000227
0,0.000105
0,0.030396
0,0.009473
0,0.002536
0,0.342821
0,0.990418
0,0.000385
0,0.423065
0,0.407642
0,0.849825
0,0.130844
0,0.000026
0,0.009553
0,0.000187
0,0.000003
0,0.057444
0,0.392245
0,0.743831
0,0.001675
0,0.345655
0,0.229139
0,0.000915
0,0.000095
0,0.749732
0,0.101616
0,0.006136
0,0.008344
0,0.000068
0,0.014099
0,0.003267
0,0.000051
0,0.001533
0,0.001605
0,0.002444
0,0.001126
0,0.001269
0,0.001022
0,0.921468
0,0.028108
0,0.042660
0,0.100790
0,0.000806
0,0.000065
0,0.006102
0,0.001407
0,0.005739
1,0.998651
0,0.003220
0,0.026738
0,0.050757
0,0.003069
0,0.000004
0,0.007006
0,0.000019
0,0.044305
0,0.002831
0,0.662568
0,0.001942
0,0.000003
0,0.029583
0,0.001405
0,0.002246
0,0.923731
0,0.127547
0,0.000215
0,0.004638
0,0.037391
0,0.489643
0,0.003226
0,0.753514
0,0.063765
0,0.008033
0,0.001568
0,0.449963
0,0.002913
0,0.984994
0,0.000001
0,0.166334
0,0.186077
0,0.000204
0,0.030028
0,0.003980
0,0.016318
0,0.000026
0,0.004781
0,0.000022
0,0.000017
0,0.812014
0,0.000079
0,0.110648
0,0.000006
0,0.862719
0,0.029737
0,0.055063
0,0.765563
0,0.001698
0,0.000206
0,0.000735
0,0.014376
0,0.000291
0,0.000538
0,0.001935
0,0.020746
0,0.006903
0,0.000941
0,0.132129
0,0.959101
0,0.000096
0,0.000024
0,0.021743
0,0.012821
0,0.002997
0,0.008936
0,0.005900
0,0.000047
0,0.001788
0,0.000031
0,0.000223
0,0.006017
0,0.005131
0,0.017348
0,0.013264
0,0.000259
0,0.015120
0,0.784351
0,0.000494
0,0.000289
0,0.000735
0,0.066641
0,0.000015
0,0.041201
0,0.005101
0,0.107610
0,0.000149
0,0.993900
0,0.001062
0,0.000125
0,0.933613
0,0.319211
0,0.001395
0,0.007631
0,0.000011
0,0.138098
0,0.131399
0,0.000191
0,0.000213
0,0.000010
0,0.986498
0,0.000074
0,0.000002
0,0.011819
0,0.009301
0,0.000084
0,0.007019
0,0.020017
0,0.000078
0,0.000743
0,0.000257
0,0.840607
0,0.002273
0,0.019093
0,0.940886
0,0.001126
0,0.000458
0,0.019078
0,0.000669
0,0.021110
0,0.097105
1,0.942662
0,0.012447
0,0.219585
0,0.991600
0,0.335021
0,0.057712
0,0.008056
0,0.010093
0,0.030710
0,0.056827
0,0.000947
0,0.034616
0,0.000006
0,0.452512
0,0.000009
0,0.006661
0,0.001056
0,0.308376
0,0.002739
0,0.080246
0,0.171339
0,0.221487
0,0.012038
0,0.876629
0,0.062888
0,0.005209
0,0.000007
0,0.000703
0,0.292283
0,0.628273
0,0.006492
0,0.232094
0,0.000058
0,0.515126
0,0.566599
0,0.049524
0,0.125394
0,0.016992
0,0.007038
0,0.003365
0,0.000363
0,0.010397
0,0.000157
0,0.000003
0,0.000012
0,0.868044
0,0.023341
0,0.007144
0,0.010603
0,0.909941
0,0.091620
0,0.000126
0,0.002504
0,0.100531
0,0.105082
1,0.992060
0,0.009883
0,0.000048
0,0.947720
0,0.002764
0,0.297009
0,0.003825
0,0.052210
0,0.989686
0,0.001952
0,0.026196
0,0.945448
0,0.004407
0,0.820832
0,0.000165
0,0.302785
0,0.000226
0,0.000184
0,0.173617
0,0.003815
0,0.002720
0,0.000542
0,0.022773
0,0.000007
0,0.000203
0,0.000010
0,0.000008
0,0.703700
0,0.001373
0,0.023726
0,0.000595
0,0.248830
0,0.027689
0,0.050429
0,0.000495
0,0.002810
0,0.003304
0,0.000055
0,0.002575
0,0.948875
0,0.174512
0,0.000133
0,0.000703
0,0.038214
0,0.001097
0,0.000554
0,0.201438
0,0.731319
0,0.095446
0,0.051585
1,0.885408
0,0.000018
0,0.000683
0,0.101608
0,0.000022
0,0.078106
0,0.000022
0,0.043569
0,0.282921
0,0.009104
0,0.000116
0,0.644353
0,0.283262
0,0.000608
0,0.169756
0,0.002044
0,0.034674
0,0.002946
0,0.002721
0,0.000086
0,0.998010
0,0.750088
0,0.000346
0,0.013406
0,0.005853
0,0.137643
0,0.032834
0,0.034212
0,0.024015
0,0.000665
0,0.001892
0,0.865474
0,0.956119
0,0.017874
0,0.000002
0,0.085106
0,0.142542
0,0.011213
0,0.000008
0,0.248626
0,0.003759
0,0.000147
0,0.001742
0,0.000038
0,0.000331
0,0.000494
0,0.077676
0,0.046019
0,0.000337
0,0.474177
0,0.823626
0,0.000116
0,0.744034
0,0.046714
0,0.000075
0,0.001426
0,0.009102
0,0.328083
0,0.008779
0,0.000263
0,0.000780
0,0.774692
0,0.000066
0,0.964946
0,0.047115
0,0.014357
0,0.003389
0,0.466212
0,0.695309
0,0.009449
0,0.097527
0,0.267358
0,0.001581
0,0.001500
0,0.000178
0,0.061149
0,0.009523
0,0.012187
0,0.357948
0,0.000068
0,0.011877
0,0.002819
0,0.000166
0,0.002479
0,0.007751
0,0.024917
0,0.008608
0,0.000089
0,0.006182
0,0.000003
0,0.000116
0,0.158083
0,0.014044
0,0.006009
0,0.000001
0,0.005439
0,0.008233
0,0.965148
0,0.333674
0,0.017549
0,0.000007
0,0.022386
0,0.010491
0,0.004709
0,0.458899
0,0.001363
0,0.000006
0,0.172381
0,0.002151
0,0.072491
0,0.009085
0,0.000001
0,0.000008
1,0.999340
0,0.777367
0,0.983238
0,0.000003
0,0.010553
0,0.010401
0,0.072499
0,0.660911
0,0.000017
0,0.001833
0,0.000270
0,0.721885
0,0.022484
0,0.115714
0,0.884007
0,0.000882
0,0.016288
0,0.000181
0,0.003414
0,0.101586
0,0.808921
0,0.001447
0,0.253890
0,0.001739
0,0.001634
0,0.000023
0,0.060742
0,0.379517
0,0.056719
0,0.982188
0,0.001376
0,0.004189
0,0.001957
0,0.009160
0,0.031082
0,0.018088
0,0.000001
0,0.560040
0,0.034821
0,0.002897
0,0.005839
0,0.003980
0,0.355889
0,0.000142
0,0.094999
0,0.000017
0,0.526749
0,0.116370
0,0.014300
0,0.973443
0,0.020313
0,0.051347
0,0.577232
0,0.019819
0,0.000586
0,0.000001
0,0.242119
0,0.000748
0,0.044072
0,0.001631
0,0.006223
0,0.000411
0,0.057724
0,0.064918
0,0.000790
0,0.000055
0,0.039695
0,0.256156
0,0.000019
0,0.016781
0,0.001411
0,0.000246
0,0.000001
0,0.000019
0,0.859695
0,0.005855
0,0.009749
0,0.014350
0,0.051320
0,0.000190
0,0.000164
0,0.000001
0,0.000034
0,0.092420
0,0.068966
0,0.044856
0,0.920816
0,0.008278
0,0.002931
0,0.000011
0,0.014440
0,0.000021
0,0.000106
0,0.000120
0,0.000077
0,0.008811
0,0.001258
0,0.000149
0,0.000936
0,0.029431
0,0.039709
0,0.000018
0,0.886851
0,0.079175
0,0.988624
0,0.001209
0,0.972611
0,0.087430
0,0.974806
0,0.001614
0,0.026311
0,0.614643
0,0.039202
0,0.017905
0,0.006506
0,0.926593
0,0.018681
0,0.002207
0,0.023675
0,0.004907
0,0.014051
0,0.301909
0,0.000547
0,0.059563
0,0.144320
0,0.000646
0,0.000054
0,0.151756
0,0.207658
0,0.000249
0,0.007097
0,0.081953
0,0.000008
0,0.211986
0,0.078202
0,0.000902
0,0.016461
0,0.113816
0,0.964499
0,0.000941
0,0.000001
0,0.000331
0,0.028828
0,0.000641
0,0.040773
0,0.000271
0,0.000098
0,0.463779
0,0.004085
0,0.001000
0,0.013594
0,0.276952
0,0.000222
0,0.235075
0,0.001032
0,0.000074
0,0.004986
0,0.000016
0,0.016200
0,0.028492
0,0.000058
0,0.959366
0,0.000006
0,0.048114
0,0.071485
0,0.001647
0,0.000002
0,0.006408
0,0.795683
0,0.194499
0,0.061776
0,0.843505
0,0.000058
0,0.005215
0,0.000050
0,0.000022
0,0.000205
0,0.782684
0,0.761901
0,0.000008
0,0.000408
0,0.035642
0,0.000178
0,0.235553
0,0.925951
0,0.000291
0,0.230687
0,0.673866
0,0.006570
0,0.898384
0,0.120339
0,0.017821
0,0.005013
0,0.000736
0,0.029033
0,0.000040
0,0.010799
0,0.010538
0,0.000043
0,0.000005
0,0.000862
0,0.005773
0,0.022109
0,0.017648
0,0.017836
0,0.053112
0,0.002114
0,0.077144
0,0.000504
0,0.034903
0,0.999634
0,0.040178
0,0.070156
0,0.059150
0,0.015819
0,0.003175
0,0.000105
0,0.000118
0,0.014926
0,0.000002
0,0.000381
0,0.033542
0,0.002507
0,0.950325
0,0.000259
0,0.068346
0,0.000060
0,0.003112
0,0.000013
0,0.001548
0,0.005399
0,0.000152
0,0.287640
0,0.446908
0,0.793528
0,0.084354
0,0.000117
0,0.131393
0,0.014741
0,0.168134
1,0.999874
0,0.525302
0,0.014868
0,0.931870
0,0.282484
0,0.074631
0,0.000005
0,0.000010
0,0.009285
0,0.013556
0,0.028044
0,0.001270
0,0.005120
0,0.206621
0,0.002697
0,0.009271
0,0.029126
0,0.000672
0,0.002920
0,0.428968
0,0.001947
0,0.168266
0,0.973217
0,0.013998
0,0.017598
0,0.027748
0,0.001288
0,0.518020
0,0.878573
0,0.964942
0,0.001198
0,0.000165
0,0.000166
0,0.002848
0,0.019852
0,0.000700
0,0.003544
0,0.002229
0,0.932758
0,0.016640
0,0.120877
0,0.146316
0,0.022583
0,0.003638
0,0.023726
0,0.975480
0,0.000022
0,0.002664
0,0.000004
0,0.581889
0,0.875057
0,0.109114
0,0.209788
0,0.000982
0,0.009767
1,0.998518
0,0.027517
0,0.012574
0,0.264027
0,0.000916
0,0.077746
0,0.007343
0,0.611249
0,0.119632
0,0.209173
0,0.068403
0,0.000028
0,0.002256
0,0.000071
0,0.000275
0,0.942905
0,0.015797
0,0.028055
0,0.004709
0,0.000002
0,0.749727
0,0.000125
0,0.182019
0,0.000544
0,0.023330
0,0.082610
0,0.575606
0,0.000130
0,0.000671
0,0.008233
0,0.059629
0,0.046738
0,0.297705
0,0.005501
0,0.573357
0,0.000076
0,0.000533
0,0.326415
0,0.285395
0,0.260695
0,0.000002
0,0.000001
0,0.001434
0,0.002637
0,0.523042
0,0.000713
0,0.000007
0,0.044703
0,0.040238
0,0.000011
0,0.000060
0,0.008298
0,0.003944
0,0.011549
0,0.095962
0,0.001892
0,0.022835
0,0.000100
0,0.909544
0,0.000210
0,0.837330
0,0.000286
0,0.001129
0,0.000347
0,0.000012
0,0.000001
0,0.044135
0,0.062604
0,0.000135
0,0.000978
0,0.003872
0,0.000257
0,0.939346
0,0.013414
0,0.246787
0,0.001773
0,0.079038
0,0.002152
0,0.072360
0,0.003955
0,0.009014
0,0.025792
0,0.000657
0,0.129664
0,0.213239
0,0.000028
0,0.001651
0,0.000073
0,0.146923
0,0.159049
0,0.000417
0,0.008852
0,0.000444
0,0.000047
0,0.001080
0,0.000011
0,0.015880
0,0.046722
0,0.000047
0,0.028817
0,0.050565
0,0.000248
0,0.005299
0,0.603662
0,0.010374
0,0.080374
0,0.050302
0,0.753303
0,0.003237
0,0.001085
0,0.799410
0,0.007168
0,0.526400
0,0.692925
0,0.001200
0,0.000057
0,0.000222
0,0.006176
0,0.003660
0,0.016909
0,0.000194
0,0.017901
0,0.454019
0,0.000418
0,0.196201
0,0.000253
0,0.000075
0,0.000059
0,0.017443
0,0.442250
0,0.000464
0,0.000644
0,0.306048
0,0.201852
0,0.000278
0,0.010830
0,0.021339
0,0.000126
0,0.001079
0,0.007706
0,0.091700
0,0.000249
0,0.196912
0,0.001512
0,0.006174
0,0.003582
0,0.000310
0,0.000031
0,0.000683
0,0.983784
0,0.087318
0,0.015027
0,0.716914
0,0.085341
0,0.001065
0,0.017420
0,0.610953
1,0.990891
0,0.965093
0,0.000342
0,0.002778
0,0.002503
0,0.005530
0,0.923322
0,0.000001
0,0.000011
0,0.045405
0,0.742002
0,0.001401
0,0.051169
0,0.583201
0,0.932791
0,0.018338
0,0.544690
0,0.186635
0,0.000002
0,0.000057
0,0.003048
0,0.525806
0,0.876149
0,0.000080
0,0.000565
0,0.003839
0,0.036849
0,0.020130
0,0.016299
0,0.854400
0,0.011542
0,0.251202
0,0.000011
0,0.127237
0,0.007591
0,0.382590
0,0.000048
0,0.270063
0,0.160899
0,0.947804
0,0.002411
0,0.000195
0,0.000075
0,0.974228
0,0.580086
0,0.000011
0,0.197222
0,0.004807
0,0.000030
0,0.017076
0,0.002577
0,0.009198
1,0.999981
0,0.176881
0,0.100000
0,0.001307
0,0.000064
0,0.000376
0,0.000128
0,0.008527
0,0.006445
0,0.001531
0,0.001947
0,0.087358
0,0.088547
0,0.341473
0,0.008696
0,0.001816
0,0.199347
0,0.003141
0,0.058876
0,0.000004
0,0.366072
0,0.909854
0,0.060829
0,0.100362
0,0.003423
0,0.911494
0,0.237689
0,0.000212
0,0.000172
0,0.144965
0,0.000039
0,0.000018
0,0.350323
0,0.002581
0,0.289290
0,0.000001
0,0.983841
0,0.006927
0,0.000957
1,0.989005
0,0.000184
0,0.005169
0,0.001358
0,0.000472
0,0.004028
0,0.000307
0,0.001763
0,0.001513
0,0.742375
0,0.000042
0,0.000519
0,0.000164
0,0.015241
0,0.020131
0,0.000001
0,0.003145
0,0.155484
0,0.505634
0,0.002150
0,0.009225
0,0.302269
0,0.001053
1,0.999988
0,0.000842
0,0.000149
0,0.377593
0,0.042451
1,0.733175
0,0.201856
0,0.178592
0,0.022108
0,0.986018
0,0.004508
0,0.757739
0,0.422635
0,0.083830
0,0.008211
0,0.026678
0,0.010369
0,0.000001
0,0.000006
0,0.533152
0,0.000005
0,0.157654
0,0.003093
0,0.166659
0,0.001120
0,0.028605
0,0.000011
0,0.001656
0,0.259120
0,0.001647
0,0.000336
0,0.319180
0,0.000417
0,0.001404
0,0.207445
0,0.149088
0,0.000017
0,0.001240
0,0.006702
0,0.000051
0,0.014486
0,0.000107
0,0.003478
0,0.525617
0,0.079787
0,0.000101
0,0.006077
0,0.633144
0,0.041953
0,0.558905
0,0.024460
0,0.001602
0,0.008446
0,0.000289
0,0.003631
0,0.000007
0,0.000682
0,0.096212
0,0.000135
0,0.001700
0,0.072801
0,0.809358
0,0.065985
0,0.002033
0,0.000005
0,0.011370
0,0.070522
0,0.032983
0,0.007843
0,0.230558
0,0.000007
0,0.005307
0,0.088017
0,0.328029
0,0.009914
0,0.042562
0,0.109245
0,0.000031
0,0.000146
0,0.025641
0,0.026412
1,0.990148
0,0.000001
0,0.000013
0,0.001167
0,0.205341
0,0.261752
0,0.012649
0,0.001106
0,0.808652
0,0.000038
0,0.056287
0,0.156777
0,0.166885
0,0.000148
0,0.025657
0,0.709821
0,0.021801
0,0.004817
0,0.000291
0,0.000072
0,0.000901
0,0.007894
0,0.000060
0,0.024926
0,0.072348
0,0.001657
0,0.642564
0,0.000208
0,0.002307
0,0.857727
0,0.000462
0,0.104510
0,0.154421
0,0.000555
0,0.948760
0,0.020963
0,0.041768
0,0.032105
0,0.496196
0,0.341777
0,0.294911
0,0.250954
0,0.798351
0,0.986282
0,0.019349
0,0.000034
0,0.004377
0,0.005037
0,0.018641
0,0.962401
0,0.000395
0,0.029628
0,0.000497
0,0.176708
0,0.003121
0,0.713211
0,0.073482
0,0.001755
0,0.087520
0,0.000085
0,0.144873
1,0.999986
0,0.196560
0,0.990935
0,0.030640
0,0.016349
0,0.543419
0,0.000001
0,0.021905
0,0.000211
0,0.216300
0,0.444934
0,0.000010
0,0.000138
0,0.000485
0,0.586371
0,0.000446
0,0.805092
0,0.016058
0,0.288479
0,0.068162
0,0.412471
0,0.174955
0,0.001375
0,0.174878
0,0.039415
0,0.000115
0,0.004370
0,0.080917
0,0.784844
0,0.998110
0,0.000887
0,0.120423
0,0.010633
0,0.000025
0,0.305265
0,0.220134
0,0.007992
0,0.775474
0,0.000318
0,0.000368
0,0.404632
0,0.007705
0,0.239583
0,0.348385
0,0.001325
0,0.000314
0,0.565586
0,0.000173
0,0.002914
0,0.006535
0,0.000365
0,0.000057
0,0.001189
0,0.000654
0,0.003835
0,0.000373
0,0.044854
1,0.998631
0,0.201013
0,0.446649
0,0.012142
0,0.839932
0,0.000293
0,0.004907
0,0.004444
0,0.000013
0,0.773559
1,0.999997
0,0.043275
0,0.940257
0,0.050182
0,0.000180
0,0.000229
0,0.008455
0,0.004971
0,0.247197
0,0.080497
0,0.019371
0,0.455153
0,0.001820
0,0.995891
0,0.133653
0,0.030411
0,0.000008
0,0.000496
0,0.000222
0,0.001739
0,0.000267
0,0.273244
0,0.062807
0,0.097154
0,0.095027
0,0.000009
0,0.000018
0,0.996755
0,0.000712
0,0.343403
0,0.000244
0,0.043710
0,0.000673
0,0.001117
0,0.001535
0,0.114087
0,0.057703
0,0.094199
0,0.053549
0,0.649260
0,0.000013
0,0.055267
0,0.128559
0,0.000016
0,0.052551
0,0.965822
0,0.002695
0,0.000001
0,0.000014
0,0.001496
0,0.978190
0,0.337500
0,0.004177
0,0.003741
0,0.000210
0,0.000043
0,0.000684
0,0.706736
0,0.626757
0,0.000069
0,0.053042
0,0.000506
0,0.040946
0,0.000011
0,0.192180
0,0.662614
0,0.000404
0,0.009598
0,0.246729
0,0.058174
0,0.010964
0,0.000360
0,0.000030
0,0.000537
0,0.027533
0,0.000141
0,0.154466
0,0.000003
0,0.936659
0,0.000057
0,0.890499
0,0.001467
0,0.003096
0,0.000026
0,0.000106
0,0.016192
0,0.273200
0,0.000413
0,0.100198
0,0.003782
0,0.010440
0,0.001295
0,0.008478
0,0.003720
0,0.316950
0,0.000020
0,0.027402
0,0.109452
0,0.002721
0,0.000149
0,0.011295
0,0.000026
0,0.000462
0,0.000013
0,0.151304
0,0.019330
0,0.000206
0,0.999848
0,0.001316
0,0.713550
0,0.001780
0,0.122183
0,0.015690
0,0.000001
0,0.006542
0,0.000045
0,0.814206
0,0.019385
0,0.000151
0,0.000059
0,0.000129
0,0.619493
0,0.000001
0,0.000475
0,0.001556
0,0.001000
0,0.000042
0,0.010071
0,0.064362
0,0.130167
0,0.446353
0,0.000407
0,0.000199
0,0.067772
0,0.410195
0,0.000631
0,0.013212
0,0.023853
0,0.000111
0,0.001005
0,0.325716
0,0.000056
0,0.221199
0,0.000001
0,0.000004
0,0.571240
0,0.869676
0,0.023981
0,0.029923
0,0.145756
0,0.074045
0,0.000011
0,0.008318
0,0.732922
0,0.000532
0,0.007355
0,0.000008
0,0.384798
0,0.788295
0,0.000001
0,0.000971
0,0.057320
0,0.572798
0,0.000209
0,0.000006
0,0.003611
0,0.129941
0,0.056254
0,0.000189
0,0.031315
0,0.006458
0,0.123722
0,0.005415
0,0.000016
0,0.090019
0,0.000254
0,0.018156
0,0.000219
0,0.000329
1,0.357406
0,0.044311
0,0.798966
0,0.000865
0,0.001617
0,0.002191
0,0.000148
0,0.105226
0,0.000015
0,0.336481
0,0.000066
0,0.009814
0,0.054437
0,0.179178
0,0.000034
0,0.000178
0,0.000134
0,0.000007
0,0.000390
0,0.673543
0,0.961417
0,0.001291
0,0.086004
0,0.001305
0,0.000027
0,0.000462
0,0.966177
0,0.000129
0,0.729001
0,0.000003
0,0.151292
0,0.000083
0,0.003246
0,0.000008
0,0.825826
0,0.109584
0,0.000090
0,0.000651
0,0.001289
0,0.019540
0,0.009228
0,0.003178
0,0.013201
0,0.000084
0,0.005913
0,0.000001
0,0.000179
0,0.018367
0,0.008522
0,0.574153
0,0.943516
0,0.304778
0,0.005006
0,0.022279
0,0.000001
0,0.177753
0,0.000504
0,0.000001
0,0.000133
0,0.000233
0,0.000444
0,0.024384
0,0.004256
0,0.971994
0,0.711417
0,0.000120
0,0.094607
0,0.889988
0,0.005868
0,0.000499
0,0.897320
0,0.000202
0,0.481658
0,0.381180
0,0.003369
0,0.000001
0,0.000157
0,0.001924
0,0.004812
0,0.017590
0,0.967195
0,0.013342
0,0.019879
0,0.011746
0,0.055550
0,0.014085
0,0.701946
0,0.055263
0,0.000047
0,0.000918
0,0.007896
0,0.008416
0,0.002657
0,0.637917
1,0.952503
0,0.003449
0,0.044825
0,0.007255
0,0.002951
0,0.000042
0,0.000066
0,0.000200
0,0.123387
0,0.007593
0,0.003207
0,0.018884
0,0.000810
0,0.739119
0,0.014378
0,0.000003
0,0.000080
0,0.000028
0,0.625843
0,0.003095
0,0.067498
0,0.001918
0,0.010920
0,0.029670
0,0.914438
0,0.012057
0,0.016510
0,0.000959
0,0.642311
0,0.047560
0,0.177908
0,0.017594
0,0.095518
0,0.000034
0,0.019035
0,0.000740
0,0.905603
0,0.000519
0,0.175913
0,0.136897
0,0.267618
0,0.976070
0,0.001195
0,0.000341
0,0.097295
0,0.000001
0,0.034929
0,0.178729
0,0.922121
0,0.000002
0,0.084711
0,0.015278
0,0.330171
0,0.000160
0,0.006677
0,0.216317
0,0.034179
0,0.000646
1,0.985804
0,0.000058
0,0.322393
0,0.027644
0,0.094586
0,0.001332
0,0.055884
0,0.853745
0,0.016234
0,0.004858
0,0.000951
